x_Timestamp,t_kWh,voltage_v,current_a,frequency_hz,meter,hour,day_of_week,is_weekend
2020-01-01 00:00:00,0.169,260.824,0.7715,50.009,BR49,0,2,0
2020-01-01 01:00:00,0.094,262.2945,0.529,50.0225,BR49,1,2,0
2020-01-01 02:00:00,0.084,263.098,0.4925,50.0595,BR49,2,2,0
2020-01-01 03:00:00,0.085,263.1515,0.5115000000000001,50.0575,BR49,3,2,0
2020-01-01 04:00:00,0.078,262.1605,0.48,49.9525,BR49,4,2,0
2020-01-01 05:00:00,0.085,259.97950000000003,0.485,50.0215,BR49,5,2,0
2020-01-01 06:00:00,0.095,256.847,0.5135,50.047,BR49,6,2,0
2020-01-01 07:00:00,0.29,251.401,1.375,49.953,BR49,7,2,0
2020-01-01 08:00:00,0.382,247.887,1.7015,49.998000000000005,BR49,8,2,0
2020-01-01 09:00:00,0.831,246.9815,3.369,49.918,BR49,9,2,0
2020-01-01 10:00:00,0.627,200.3055,2.825,39.9805,BR49,10,2,0
2020-01-01 11:00:00,0.183,228.6945,0.8875,44.9895,BR49,11,2,0
2020-01-01 12:00:00,0.218,204.7365,1.0445,39.9635,BR49,12,2,0
2020-01-01 13:00:00,0.152,256.92600000000004,0.7525000000000001,49.9975,BR49,13,2,0
2020-01-01 14:00:00,0.088,193.144,0.4559999999999999,37.507,BR49,14,2,0
2020-01-01 15:00:00,0.129,231.859,0.6875,45.0205,BR49,15,2,0
2020-01-01 16:00:00,0.168,256.62600000000003,0.8714999999999999,50.0095,BR49,16,2,0
2020-01-01 17:00:00,0.133,254.9145,0.657,50.0395,BR49,17,2,0
2020-01-01 18:00:00,0.981,252.6595,3.901,50.031,BR49,18,2,0
2020-01-01 19:00:00,0.949,251.438,3.799,50.047,BR49,19,2,0
2020-01-01 20:00:00,0.5519999999999999,253.769,2.226,49.9805,BR49,20,2,0
2020-01-01 21:00:00,0.195,255.535,0.8709999999999999,49.967,BR49,21,2,0
2020-01-01 22:00:00,0.278,258.0625,1.172,50.014,BR49,22,2,0
2020-01-01 23:00:00,1.013,259.84000000000003,4.0795,50.0565,BR49,23,2,0
2020-01-02 00:00:00,0.109,262.532,0.591,50.077,BR49,0,3,0
2020-01-02 01:00:00,0.072,263.8135,0.477,50.052,BR49,1,3,0
2020-01-02 02:00:00,0.071,264.1165,0.4655,50.0745,BR49,2,3,0
2020-01-02 03:00:00,0.087,264.2035,0.5335,50.036,BR49,3,3,0
2020-01-02 04:00:00,0.064,263.1765,0.4469999999999999,50.035,BR49,4,3,0
2020-01-02 05:00:00,0.086,261.523,0.505,49.9775,BR49,5,3,0
2020-01-02 06:00:00,0.068,259.24,0.4389999999999999,50.014,BR49,6,3,0
2020-01-02 07:00:00,0.089,257.1975,0.4875,49.91,BR49,7,3,0
2020-01-02 08:00:00,0.297,253.8655,1.3695,49.95,BR49,8,3,0
2020-01-02 09:00:00,1.023,249.0225,4.288,49.9375,BR49,9,3,0
2020-01-02 10:00:00,0.639,250.612,2.6095,49.9755,BR49,10,3,0
2020-01-02 11:00:00,0.158,241.789,0.9,47.502,BR49,11,3,0
2020-01-02 12:00:00,0.7020000000000001,257.39250000000004,2.835,49.9975,BR49,12,3,0
2020-01-02 13:00:00,0.73,258.0245,2.914,49.976,BR49,13,3,0
2020-01-02 14:00:00,0.516,203.1565,2.242,40.082,BR49,14,3,0
2020-01-02 15:00:00,0.0,0.0,0.0,0.0,BR49,15,3,0
2020-01-02 16:00:00,0.0,0.0,0.0,0.0,BR49,16,3,0
2020-01-02 17:00:00,0.0,0.0,0.0,0.0,BR49,17,3,0
2020-01-02 18:00:00,0.29,231.72600000000003,1.4465,47.5,BR49,18,3,0
2020-01-02 19:00:00,0.497,240.526,2.2875,50.0,BR49,19,3,0
2020-01-02 20:00:00,0.521,240.172,2.3735,50.0,BR49,20,3,0
2020-01-02 21:00:00,0.308,243.15500000000003,1.421,50.0,BR49,21,3,0
2020-01-02 22:00:00,0.247,245.7675,1.1404999999999998,50.0,BR49,22,3,0
2020-01-02 23:00:00,0.149,249.546,0.75,50.0,BR49,23,3,0
2020-01-03 00:00:00,0.08,251.632,0.4725,50.0,BR49,0,4,0
2020-01-03 01:00:00,0.066,252.243,0.4135,50.0,BR49,1,4,0
2020-01-03 02:00:00,0.066,252.0035,0.415,50.0,BR49,2,4,0
2020-01-03 03:00:00,0.065,252.1225,0.4115,50.0,BR49,3,4,0
2020-01-03 04:00:00,0.117,251.1725,0.5925,50.0,BR49,4,4,0
2020-01-03 05:00:00,0.095,248.89050000000003,0.518,50.0,BR49,5,4,0
2020-01-03 06:00:00,0.12,246.6845,0.664,50.002,BR49,6,4,0
2020-01-03 07:00:00,0.522,253.593,2.133,49.883,BR49,7,4,0
2020-01-03 08:00:00,0.798,249.265,3.4195,49.9805,BR49,8,4,0
2020-01-03 09:00:00,0.367,248.7065,1.546,49.9815,BR49,9,4,0
2020-01-03 10:00:00,0.216,252.2305,0.953,49.968,BR49,10,4,0
2020-01-03 11:00:00,0.115,252.5685,0.576,49.942,BR49,11,4,0
2020-01-03 12:00:00,0.066,255.089,0.4044999999999999,49.936,BR49,12,4,0
2020-01-03 13:00:00,0.096,257.0645,0.4945,50.053,BR49,13,4,0
2020-01-03 14:00:00,0.137,256.6595,0.64,50.031,BR49,14,4,0
2020-01-03 15:00:00,0.086,256.497,0.4845,50.008,BR49,15,4,0
2020-01-03 16:00:00,0.084,255.9955,0.5415,49.9685,BR49,16,4,0
2020-01-03 17:00:00,0.187,256.171,0.8225,50.001,BR49,17,4,0
2020-01-03 18:00:00,0.397,254.6715,1.6115,49.9895,BR49,18,4,0
2020-01-03 19:00:00,0.242,252.4815,1.029,49.9625,BR49,19,4,0
2020-01-03 20:00:00,0.598,251.5105,2.4165,49.951,BR49,20,4,0
2020-01-03 21:00:00,0.837,253.291,3.4565,50.0265,BR49,21,4,0
2020-01-03 22:00:00,0.244,256.521,1.025,50.010000000000005,BR49,22,4,0
2020-01-03 23:00:00,0.198,259.0725,0.85,50.0105,BR49,23,4,0
2020-01-04 00:00:00,0.165,260.404,0.7464999999999999,49.982,BR49,0,5,1
2020-01-04 01:00:00,0.146,260.2845,0.671,49.893,BR49,1,5,1
2020-01-04 02:00:00,0.2,261.724,0.875,49.979,BR49,2,5,1
2020-01-04 03:00:00,0.134,262.2185,0.641,50.018,BR49,3,5,1
2020-01-04 04:00:00,0.13,261.38,0.631,49.9955,BR49,4,5,1
2020-01-04 05:00:00,0.13,259.357,0.6285000000000001,49.969,BR49,5,5,1
2020-01-04 06:00:00,0.118,256.5915,0.554,49.9645,BR49,6,5,1
2020-01-04 07:00:00,0.144,255.819,0.659,49.947,BR49,7,5,1
2020-01-04 08:00:00,0.455,248.9005,2.16,49.999,BR49,8,5,1
2020-01-04 09:00:00,0.157,246.9865,0.7365,50.014,BR49,9,5,1
2020-01-04 10:00:00,0.16,248.004,0.806,50.028000000000006,BR49,10,5,1
2020-01-04 11:00:00,0.103,212.6075,0.6255,42.53,BR49,11,5,1
2020-01-04 12:00:00,0.111,256.76300000000003,0.5820000000000001,50.029,BR49,12,5,1
2020-01-04 13:00:00,0.16,258.50550000000004,0.8105,50.025,BR49,13,5,1
2020-01-04 14:00:00,0.212,205.3455,1.014,40.0015,BR49,14,5,1
2020-01-04 15:00:00,0.157,243.215,0.8595,47.482,BR49,15,5,1
2020-01-04 16:00:00,0.14,255.4605,0.8109999999999999,49.98,BR49,16,5,1
2020-01-04 17:00:00,0.1709999999999999,255.9145,0.8089999999999999,50.0115,BR49,17,5,1
2020-01-04 18:00:00,0.401,250.60700000000003,1.8955,49.998000000000005,BR49,18,5,1
2020-01-04 19:00:00,0.237,252.634,1.023,49.999,BR49,19,5,1
2020-01-04 20:00:00,0.248,252.536,1.061,49.9915,BR49,20,5,1
2020-01-04 21:00:00,0.237,254.1165,1.0125,49.9835,BR49,21,5,1
2020-01-04 22:00:00,0.244,257.1945,1.0285,49.9845,BR49,22,5,1
2020-01-04 23:00:00,0.2,259.5355,0.8705,50.0105,BR49,23,5,1
2020-01-05 00:00:00,0.148,262.094,0.7064999999999999,49.985,BR49,0,6,1
2020-01-05 01:00:00,0.164,262.989,0.7394999999999999,49.9775,BR49,1,6,1
2020-01-05 02:00:00,0.106,263.489,0.549,50.015,BR49,2,6,1
2020-01-05 03:00:00,0.091,263.7215,0.4915,50.008,BR49,3,6,1
2020-01-05 04:00:00,0.09,262.5225,0.482,49.9695,BR49,4,6,1
2020-01-05 05:00:00,0.074,260.9455,0.428,49.9755,BR49,5,6,1
2020-01-05 06:00:00,0.085,258.6125,0.4629999999999999,50.0055,BR49,6,6,1
2020-01-05 07:00:00,0.121,256.9365,0.5685,49.953,BR49,7,6,1
2020-01-05 08:00:00,0.152,252.1515,0.6785,49.963,BR49,8,6,1
2020-01-05 09:00:00,0.963,250.806,4.1175,49.971,BR49,9,6,1
2020-01-05 10:00:00,0.157,251.6535,0.721,49.984,BR49,10,6,1
2020-01-05 11:00:00,0.182,256.3095,0.819,49.952,BR49,11,6,1
2020-01-05 12:00:00,0.205,261.054,0.945,50.007,BR49,12,6,1
2020-01-05 13:00:00,0.33,257.429,1.466,49.9165,BR49,13,6,1
2020-01-05 14:00:00,0.543,257.7795,2.566,49.986,BR49,14,6,1
2020-01-05 15:00:00,0.162,257.902,0.808,49.982,BR49,15,6,1
2020-01-05 16:00:00,0.178,258.067,0.921,49.992,BR49,16,6,1
2020-01-05 17:00:00,0.66,257.037,2.6535,50.0325,BR49,17,6,1
2020-01-05 18:00:00,0.7999999999999999,252.044,3.2175,50.0095,BR49,18,6,1
2020-01-05 19:00:00,0.399,252.4955,1.7105,50.013,BR49,19,6,1
2020-01-05 20:00:00,0.278,254.494,1.224,49.9765,BR49,20,6,1
2020-01-05 21:00:00,0.3379999999999999,255.833,1.4525,50.016000000000005,BR49,21,6,1
2020-01-05 22:00:00,0.828,256.916,3.2775,50.021,BR49,22,6,1
2020-01-05 23:00:00,0.488,260.019,1.9955,50.06,BR49,23,6,1
2020-01-06 00:00:00,0.182,262.119,0.8245000000000001,50.0835,BR49,0,0,0
2020-01-06 01:00:00,0.096,262.872,0.5295,49.9935,BR49,1,0,0
2020-01-06 02:00:00,0.091,263.839,0.5135,50.037,BR49,2,0,0
2020-01-06 03:00:00,0.069,264.0835,0.431,50.0135,BR49,3,0,0
2020-01-06 04:00:00,0.094,262.777,0.5145,49.979,BR49,4,0,0
2020-01-06 05:00:00,0.066,260.4515,0.4469999999999999,49.93,BR49,5,0,0
2020-01-06 06:00:00,0.066,257.563,0.4325,49.8985,BR49,6,0,0
2020-01-06 07:00:00,0.125,253.7755,0.6105,49.9655,BR49,7,0,0
2020-01-06 08:00:00,0.352,247.0905,1.6815000000000002,49.967,BR49,8,0,0
2020-01-06 09:00:00,0.109,243.921,0.538,49.913,BR49,9,0,0
2020-01-06 10:00:00,0.27,245.11,1.1825,49.985,BR49,10,0,0
2020-01-06 11:00:00,0.131,250.043,0.622,49.9405,BR49,11,0,0
2020-01-06 12:00:00,0.145,253.54,0.6865,49.9575,BR49,12,0,0
2020-01-06 13:00:00,0.537,254.91,2.2025,49.966,BR49,13,0,0
2020-01-06 14:00:00,0.304,255.5565,1.286,49.8885,BR49,14,0,0
2020-01-06 15:00:00,0.162,257.817,0.732,50.0025,BR49,15,0,0
2020-01-06 16:00:00,0.34,254.943,1.4754999999999998,49.9385,BR49,16,0,0
2020-01-06 17:00:00,0.625,254.1645,2.487,50.001,BR49,17,0,0
2020-01-06 18:00:00,0.591,252.084,2.448,50.0175,BR49,18,0,0
2020-01-06 19:00:00,0.445,251.548,1.8555,49.9985,BR49,19,0,0
2020-01-06 20:00:00,0.263,253.0965,1.105,49.947500000000005,BR49,20,0,0
2020-01-06 21:00:00,0.23,255.231,0.9855,50.0385,BR49,21,0,0
2020-01-06 22:00:00,0.251,257.431,1.0565,49.995,BR49,22,0,0
2020-01-06 23:00:00,0.13,260.2605,0.612,50.0145,BR49,23,0,0
2020-01-07 00:00:00,0.112,261.601,0.5900000000000001,50.027,BR49,0,1,0
2020-01-07 01:00:00,0.098,261.5525,0.529,49.983,BR49,1,1,0
2020-01-07 02:00:00,0.077,262.3045,0.458,50.0025,BR49,2,1,0
2020-01-07 03:00:00,0.067,263.01,0.424,50.0235,BR49,3,1,0
2020-01-07 04:00:00,0.06,263.021,0.4035,50.0215,BR49,4,1,0
2020-01-07 05:00:00,0.066,261.356,0.41,49.9955,BR49,5,1,0
2020-01-07 06:00:00,0.073,258.971,0.4295,49.922,BR49,6,1,0
2020-01-07 07:00:00,0.083,256.9775,0.4389999999999999,49.89,BR49,7,1,0
2020-01-07 08:00:00,0.395,251.2445,1.8845,50.0055,BR49,8,1,0
2020-01-07 09:00:00,0.277,247.7265,1.204,49.982,BR49,9,1,0
2020-01-07 10:00:00,0.34,246.41950000000003,1.4345,49.9985,BR49,10,1,0
2020-01-07 11:00:00,0.65,251.9535,2.7035,49.9955,BR49,11,1,0
2020-01-07 12:00:00,0.167,244.419,0.8195,47.469,BR49,12,1,0
2020-01-07 13:00:00,0.532,256.4305,2.19,49.9625,BR49,13,1,0
2020-01-07 14:00:00,0.341,204.8115,1.3975,39.948,BR49,14,1,0
2020-01-07 15:00:00,0.159,231.792,0.8825,44.9575,BR49,15,1,0
2020-01-07 16:00:00,0.13,258.415,0.6685,49.9575,BR49,16,1,0
2020-01-07 17:00:00,0.118,257.171,0.6395000000000001,50.0125,BR49,17,1,0
2020-01-07 18:00:00,0.205,253.7355,0.891,49.9795,BR49,18,1,0
2020-01-07 19:00:00,0.584,251.139,2.391,49.9765,BR49,19,1,0
2020-01-07 20:00:00,0.759,251.171,3.0445,49.9795,BR49,20,1,0
2020-01-07 21:00:00,0.491,228.1415,2.092,45.003,BR49,21,1,0
2020-01-07 22:00:00,0.383,231.5915,1.8285,45.0165,BR49,22,1,0
2020-01-07 23:00:00,0.221,260.142,0.973,50.0255,BR49,23,1,0
2020-01-08 00:00:00,0.079,237.6785,0.5429999999999999,47.5075,BR49,0,2,0
2020-01-08 01:00:00,0.078,250.138,0.4599999999999999,50.0,BR49,1,2,0
2020-01-08 02:00:00,0.135,250.6745,0.6285000000000001,50.0,BR49,2,2,0
2020-01-08 03:00:00,0.111,250.6275,0.5935,50.0,BR49,3,2,0
2020-01-08 04:00:00,0.091,250.356,0.485,50.0,BR49,4,2,0
2020-01-08 05:00:00,0.119,249.5285,0.601,50.0,BR49,5,2,0
2020-01-08 06:00:00,0.136,247.5425,0.6825,50.0,BR49,6,2,0
2020-01-08 07:00:00,0.091,242.342,0.506,50.0,BR49,7,2,0
2020-01-08 08:00:00,0.274,240.4105,1.4325,50.0,BR49,8,2,0
2020-01-08 09:00:00,0.117,238.508,0.6094999999999999,50.0,BR49,9,2,0
2020-01-08 10:00:00,0.111,238.67400000000004,0.583,50.0,BR49,10,2,0
2020-01-08 11:00:00,0.235,228.46,1.1555,47.504000000000005,BR49,11,2,0
2020-01-08 12:00:00,0.457,254.8545,1.984,49.988,BR49,12,2,0
2020-01-08 13:00:00,0.258,256.179,1.159,50.065,BR49,13,2,0
2020-01-08 14:00:00,0.114,230.0015,0.623,45.0015,BR49,14,2,0
2020-01-08 15:00:00,0.128,259.0955,0.6255,49.976,BR49,15,2,0
2020-01-08 16:00:00,0.6950000000000001,257.0835,2.759,49.9655,BR49,16,2,0
2020-01-08 17:00:00,0.968,256.986,3.78,49.983,BR49,17,2,0
2020-01-08 18:00:00,0.1979999999999999,255.188,0.8734999999999999,50.013,BR49,18,2,0
2020-01-08 19:00:00,0.209,255.153,0.9205,50.033,BR49,19,2,0
2020-01-08 20:00:00,0.359,255.8795,1.4815,49.989,BR49,20,2,0
2020-01-08 21:00:00,0.274,257.408,1.152,50.033,BR49,21,2,0
2020-01-08 22:00:00,0.303,260.333,1.255,50.0285,BR49,22,2,0
2020-01-08 23:00:00,0.107,264.04900000000004,0.5885,50.038,BR49,23,2,0
2020-01-09 00:00:00,0.117,264.44,0.5865,50.033,BR49,0,3,0
2020-01-09 01:00:00,0.148,264.995,0.704,49.99,BR49,1,3,0
2020-01-09 02:00:00,0.083,265.6665,0.5025000000000001,50.0095,BR49,2,3,0
2020-01-09 03:00:00,0.083,266.31100000000004,0.5055,50.013,BR49,3,3,0
2020-01-09 04:00:00,0.073,265.4365,0.4554999999999999,50.0295,BR49,4,3,0
2020-01-09 05:00:00,0.079,263.008,0.471,49.9845,BR49,5,3,0
2020-01-09 06:00:00,0.091,261.84450000000004,0.4795,50.015,BR49,6,3,0
2020-01-09 07:00:00,0.081,259.044,0.4405,49.9975,BR49,7,3,0
2020-01-09 08:00:00,0.109,256.0625,0.5235000000000001,50.056,BR49,8,3,0
2020-01-09 09:00:00,0.488,252.471,2.1825,50.0265,BR49,9,3,0
2020-01-09 10:00:00,0.215,251.505,0.9975,50.0335,BR49,10,3,0
2020-01-09 11:00:00,0.116,215.422,0.737,42.5045,BR49,11,3,0
2020-01-09 12:00:00,0.478,240.4555,2.1535,47.5085,BR49,12,3,0
2020-01-09 13:00:00,0.251,244.845,1.2595,47.5225,BR49,13,3,0
2020-01-09 14:00:00,0.15,256.7085,0.8275,50.0075,BR49,14,3,0
2020-01-09 15:00:00,0.257,255.9745,1.179,50.0095,BR49,15,3,0
2020-01-09 16:00:00,0.225,257.769,1.1215,50.003,BR49,16,3,0
2020-01-09 17:00:00,0.221,257.0535,1.0095,49.993,BR49,17,3,0
2020-01-09 18:00:00,0.691,252.873,2.81,49.971500000000006,BR49,18,3,0
2020-01-09 19:00:00,0.902,249.4095,3.794,50.028,BR49,19,3,0
2020-01-09 20:00:00,0.804,249.6925,3.2589999999999995,49.999,BR49,20,3,0
2020-01-09 21:00:00,0.6950000000000001,252.5135,2.8025,50.0245,BR49,21,3,0
2020-01-09 22:00:00,0.455,253.948,1.876,50.009,BR49,22,3,0
2020-01-09 23:00:00,0.166,258.414,0.761,50.0465,BR49,23,3,0
2020-01-10 00:00:00,0.173,259.93850000000003,0.9325,50.0165,BR49,0,4,0
2020-01-10 01:00:00,0.115,260.899,0.5835,50.0285,BR49,1,4,0
2020-01-10 02:00:00,0.084,261.658,0.4644999999999999,49.9845,BR49,2,4,0
2020-01-10 03:00:00,0.084,261.8995,0.4655,50.0235,BR49,3,4,0
2020-01-10 04:00:00,0.075,261.162,0.4225,50.0115,BR49,4,4,0
2020-01-10 05:00:00,0.089,259.0315,0.475,50.0135,BR49,5,4,0
2020-01-10 06:00:00,0.072,259.43,0.4044999999999999,50.0115,BR49,6,4,0
2020-01-10 07:00:00,0.096,257.324,0.478,50.0215,BR49,7,4,0
2020-01-10 08:00:00,0.977,250.1935,4.0985,49.953500000000005,BR49,8,4,0
2020-01-10 09:00:00,1.082,247.3705,4.4615,49.9795,BR49,9,4,0
2020-01-10 10:00:00,0.6980000000000001,246.589,2.8475,50.060500000000005,BR49,10,4,0
2020-01-10 11:00:00,0.783,251.737,3.135,50.0595,BR49,11,4,0
2020-01-10 12:00:00,0.96,254.603,3.828,50.0435,BR49,12,4,0
2020-01-10 13:00:00,0.772,230.8735,3.3205,45.033,BR49,13,4,0
2020-01-10 14:00:00,0.414,216.7035,1.874,42.5065,BR49,14,4,0
2020-01-10 15:00:00,0.934,253.382,3.768,49.9925,BR49,15,4,0
2020-01-10 16:00:00,0.569,255.5015,2.249,49.888,BR49,16,4,0
2020-01-10 17:00:00,0.71,255.301,2.8025,50.027,BR49,17,4,0
2020-01-10 18:00:00,0.78,250.978,3.1345,50.0,BR49,18,4,0
2020-01-10 19:00:00,1.001,249.268,4.028499999999999,49.9965,BR49,19,4,0
2020-01-10 20:00:00,0.791,250.6905,3.1755,49.973,BR49,20,4,0
2020-01-10 21:00:00,0.639,253.794,2.572,50.0215,BR49,21,4,0
2020-01-10 22:00:00,0.8059999999999999,256.1705,3.182,50.0265,BR49,22,4,0
2020-01-10 23:00:00,0.836,259.7565,3.2555,50.05,BR49,23,4,0
2020-01-11 00:00:00,0.124,261.613,0.6265,50.035,BR49,0,5,1
2020-01-11 01:00:00,0.158,262.225,0.7375,50.026,BR49,1,5,1
2020-01-11 02:00:00,0.085,262.001,0.5185,50.0485,BR49,2,5,1
2020-01-11 03:00:00,0.069,261.9725,0.4495,50.059,BR49,3,5,1
2020-01-11 04:00:00,0.073,261.565,0.4585,50.023,BR49,4,5,1
2020-01-11 05:00:00,0.087,259.5775,0.474,49.9785,BR49,5,5,1
2020-01-11 06:00:00,0.272,254.754,1.3465,49.973,BR49,6,5,1
2020-01-11 07:00:00,0.076,251.306,0.441,49.9805,BR49,7,5,1
2020-01-11 08:00:00,0.747,248.2245,3.0225,50.016000000000005,BR49,8,5,1
2020-01-11 09:00:00,0.808,247.5095,3.287,49.9205,BR49,9,5,1
2020-01-11 10:00:00,0.949,249.2195,3.938,50.0945,BR49,10,5,1
2020-01-11 11:00:00,1.041,251.031,4.1865000000000006,50.008,BR49,11,5,1
2020-01-11 12:00:00,0.7999999999999999,251.3605,3.2685000000000004,50.0255,BR49,12,5,1
2020-01-11 13:00:00,0.244,255.776,1.041,50.031,BR49,13,5,1
2020-01-11 14:00:00,0.629,255.3925,2.652,49.9935,BR49,14,5,1
2020-01-11 15:00:00,0.841,256.953,3.649,49.966,BR49,15,5,1
2020-01-11 16:00:00,0.744,256.708,2.9305,50.0045,BR49,16,5,1
2020-01-11 17:00:00,0.734,254.9225,2.903,50.03,BR49,17,5,1
2020-01-11 18:00:00,0.789,250.334,3.1695,50.018,BR49,18,5,1
2020-01-11 19:00:00,1.052,248.282,4.256,50.019,BR49,19,5,1
2020-01-11 20:00:00,0.439,250.2335,1.846,49.9955,BR49,20,5,1
2020-01-11 21:00:00,0.227,253.322,0.9955,50.0195,BR49,21,5,1
2020-01-11 22:00:00,0.533,255.4725,2.1445,49.9455,BR49,22,5,1
2020-01-11 23:00:00,0.492,259.2,1.97,50.0305,BR49,23,5,1
2020-01-12 00:00:00,0.135,261.9225,0.6839999999999999,50.014,BR49,0,6,1
2020-01-12 01:00:00,0.14,262.3495,0.6839999999999999,50.003,BR49,1,6,1
2020-01-12 02:00:00,0.169,262.611,0.7995,50.007,BR49,2,6,1
2020-01-12 03:00:00,0.094,262.8275,0.5495,49.9975,BR49,3,6,1
2020-01-12 04:00:00,0.088,262.261,0.532,50.02,BR49,4,6,1
2020-01-12 05:00:00,0.097,259.783,0.544,50.0095,BR49,5,6,1
2020-01-12 06:00:00,0.087,257.79650000000004,0.501,50.0295,BR49,6,6,1
2020-01-12 07:00:00,0.088,254.04450000000003,0.504,50.0055,BR49,7,6,1
2020-01-12 08:00:00,0.15,250.3825,0.787,49.9975,BR49,8,6,1
2020-01-12 09:00:00,1.082,249.2085,4.558999999999999,49.9915,BR49,9,6,1
2020-01-12 10:00:00,0.769,249.771,3.163,49.9985,BR49,10,6,1
2020-01-12 11:00:00,0.993,247.528,4.0415,49.951,BR49,11,6,1
2020-01-12 12:00:00,0.969,253.23,3.8695,49.9645,BR49,12,6,1
2020-01-12 13:00:00,0.767,257.4745,3.036,49.9895,BR49,13,6,1
2020-01-12 14:00:00,0.717,246.3295,2.8615000000000004,47.529,BR49,14,6,1
2020-01-12 15:00:00,0.318,259.2955,1.406,50.027,BR49,15,6,1
2020-01-12 16:00:00,0.949,255.8155,3.76,49.95,BR49,16,6,1
2020-01-12 17:00:00,0.887,254.5375,3.559,50.031,BR49,17,6,1
2020-01-12 18:00:00,0.496,249.9185,2.199,50.0075,BR49,18,6,1
2020-01-12 19:00:00,0.307,249.91950000000003,1.3415,50.0,BR49,19,6,1
2020-01-12 20:00:00,0.841,250.1505,3.4159999999999995,50.0015,BR49,20,6,1
2020-01-12 21:00:00,0.909,252.1475,3.6485,50.007,BR49,21,6,1
2020-01-12 22:00:00,0.8119999999999999,255.502,3.2355,49.983,BR49,22,6,1
2020-01-12 23:00:00,0.186,260.55100000000004,0.857,50.0095,BR49,23,6,1
2020-01-13 00:00:00,0.103,262.615,0.5215,50.0305,BR49,0,0,0
2020-01-13 01:00:00,0.159,263.2875,0.7030000000000001,50.0075,BR49,1,0,0
2020-01-13 02:00:00,0.112,263.4565,0.579,50.022000000000006,BR49,2,0,0
2020-01-13 03:00:00,0.096,263.427,0.511,50.0075,BR49,3,0,0
2020-01-13 04:00:00,0.097,262.227,0.505,50.0015,BR49,4,0,0
2020-01-13 05:00:00,0.14,260.2505,0.6445000000000001,50.041,BR49,5,0,0
2020-01-13 06:00:00,0.147,256.794,0.6759999999999999,49.9655,BR49,6,0,0
2020-01-13 07:00:00,0.097,254.0775,0.4705,49.965,BR49,7,0,0
2020-01-13 08:00:00,0.196,251.158,0.915,50.039,BR49,8,0,0
2020-01-13 09:00:00,0.934,247.5915,3.8615,49.9965,BR49,9,0,0
2020-01-13 10:00:00,0.27,246.738,1.1715,50.008,BR49,10,0,0
2020-01-13 11:00:00,0.226,247.5775,0.979,49.987,BR49,11,0,0
2020-01-13 12:00:00,0.2019999999999999,254.34,0.8845000000000001,50.0015,BR49,12,0,0
2020-01-13 13:00:00,0.615,255.7835,2.4645,50.0465,BR49,13,0,0
2020-01-13 14:00:00,0.912,254.3695,3.777,49.935500000000005,BR49,14,0,0
2020-01-13 15:00:00,0.504,254.6205,2.059,49.97,BR49,15,0,0
2020-01-13 16:00:00,0.174,253.937,0.779,49.979,BR49,16,0,0
2020-01-13 17:00:00,0.314,239.268,1.41,47.486,BR49,17,0,0
2020-01-13 18:00:00,0.236,248.152,1.0225,50.0295,BR49,18,0,0
2020-01-13 19:00:00,0.765,248.115,3.3335,49.989,BR49,19,0,0
2020-01-13 20:00:00,0.573,250.787,2.3695,49.9815,BR49,20,0,0
2020-01-13 21:00:00,0.358,254.33,1.5335,50.003,BR49,21,0,0
2020-01-13 22:00:00,0.355,128.35750000000002,1.9115,25.0095,BR49,22,0,0
2020-01-13 23:00:00,0.351,260.852,1.5925,50.0495,BR49,23,0,0
2020-01-14 00:00:00,0.192,262.216,0.889,50.038,BR49,0,1,0
2020-01-14 01:00:00,0.126,263.7795,0.662,50.0,BR49,1,1,0
2020-01-14 02:00:00,0.1,264.2975,0.548,50.012,BR49,2,1,0
2020-01-14 03:00:00,0.102,264.562,0.5465,49.979,BR49,3,1,0
2020-01-14 04:00:00,0.095,263.9975,0.5225,50.008,BR49,4,1,0
2020-01-14 05:00:00,0.089,261.15700000000004,0.4979999999999999,49.962,BR49,5,1,0
2020-01-14 06:00:00,0.09,259.34450000000004,0.481,50.004000000000005,BR49,6,1,0
2020-01-14 07:00:00,0.065,255.658,0.3835,49.9345,BR49,7,1,0
2020-01-14 08:00:00,0.213,253.0275,1.0105,49.998000000000005,BR49,8,1,0
2020-01-14 09:00:00,0.659,251.279,2.6535,50.021,BR49,9,1,0
2020-01-14 10:00:00,0.7190000000000001,250.99,2.8715,50.0225,BR49,10,1,0
2020-01-14 11:00:00,0.349,251.516,1.456,50.0155,BR49,11,1,0
2020-01-14 12:00:00,0.123,256.467,0.5835,50.007,BR49,12,1,0
2020-01-14 13:00:00,0.205,259.6765,0.8885,50.0305,BR49,13,1,0
2020-01-14 14:00:00,0.1,193.1675,0.6765,37.526,BR49,14,1,0
2020-01-14 15:00:00,0.105,256.525,0.6085,50.022000000000006,BR49,15,1,0
2020-01-14 16:00:00,0.14,216.9855,0.7070000000000001,42.444,BR49,16,1,0
2020-01-14 17:00:00,0.207,255.4875,0.874,49.9505,BR49,17,1,0
2020-01-14 18:00:00,1.095,251.8065,4.4725,49.965,BR49,18,1,0
2020-01-14 19:00:00,0.961,250.8705,3.946,50.0195,BR49,19,1,0
2020-01-14 20:00:00,0.644,252.879,2.583,50.0025,BR49,20,1,0
2020-01-14 21:00:00,0.891,254.3545,3.5145000000000004,50.03,BR49,21,1,0
2020-01-14 22:00:00,0.78,257.21500000000003,3.096,50.002,BR49,22,1,0
2020-01-14 23:00:00,0.524,260.51300000000003,2.1045,50.041,BR49,23,1,0
2020-01-15 00:00:00,0.104,261.6085,0.5355000000000001,50.0435,BR49,0,2,0
2020-01-15 01:00:00,0.088,262.4525,0.477,49.9815,BR49,1,2,0
2020-01-15 02:00:00,0.08,263.0305,0.4434999999999999,50.025,BR49,2,2,0
2020-01-15 03:00:00,0.072,263.118,0.421,49.98,BR49,3,2,0
2020-01-15 04:00:00,0.07,262.31100000000004,0.4105,50.0095,BR49,4,2,0
2020-01-15 05:00:00,0.083,259.5015,0.4505,49.984,BR49,5,2,0
2020-01-15 06:00:00,0.085,257.6545,0.4634999999999999,49.9995,BR49,6,2,0
2020-01-15 07:00:00,0.098,256.593,0.4945,49.995,BR49,7,2,0
2020-01-15 08:00:00,0.524,254.339,2.1235,50.008,BR49,8,2,0
2020-01-15 09:00:00,0.934,249.169,3.762,50.038,BR49,9,2,0
2020-01-15 10:00:00,1.075,245.874,4.496,50.022000000000006,BR49,10,2,0
2020-01-15 11:00:00,0.547,249.7615,2.2265,50.024,BR49,11,2,0
2020-01-15 12:00:00,0.374,253.8525,1.5455,50.0385,BR49,12,2,0
2020-01-15 13:00:00,0.485,257.5565,2.123,50.047,BR49,13,2,0
2020-01-15 14:00:00,0.295,258.2575,1.2235,50.041,BR49,14,2,0
2020-01-15 15:00:00,0.125,245.334,0.665,47.5255,BR49,15,2,0
2020-01-15 16:00:00,0.182,259.4925,0.7815000000000001,50.0145,BR49,16,2,0
2020-01-15 17:00:00,0.441,258.69,1.7825,50.0205,BR49,17,2,0
2020-01-15 18:00:00,1.023,254.844,4.032500000000001,50.0115,BR49,18,2,0
2020-01-15 19:00:00,0.818,252.459,3.537,50.027,BR49,19,2,0
2020-01-15 20:00:00,0.6819999999999999,253.427,2.721,49.997,BR49,20,2,0
2020-01-15 21:00:00,0.51,255.51,2.052,50.0155,BR49,21,2,0
2020-01-15 22:00:00,0.3409999999999999,258.0625,1.39,49.9955,BR49,22,2,0
2020-01-15 23:00:00,0.363,261.99850000000004,1.4715,50.043,BR49,23,2,0
2020-01-16 00:00:00,0.141,262.5915,0.6575,50.0525,BR49,0,3,0
2020-01-16 01:00:00,0.112,263.5565,0.572,50.0375,BR49,1,3,0
2020-01-16 02:00:00,0.123,264.433,0.608,50.039,BR49,2,3,0
2020-01-16 03:00:00,0.111,264.2605,0.5565,49.996,BR49,3,3,0
2020-01-16 04:00:00,0.112,263.454,0.5525,49.947500000000005,BR49,4,3,0
2020-01-16 05:00:00,0.113,261.711,0.5700000000000001,49.9875,BR49,5,3,0
2020-01-16 06:00:00,0.086,259.3525,0.4505,49.9765,BR49,6,3,0
2020-01-16 07:00:00,0.517,254.7025,2.301,50.0075,BR49,7,3,0
2020-01-16 08:00:00,0.414,253.6475,1.736,50.0055,BR49,8,3,0
2020-01-16 09:00:00,0.649,250.7025,2.6145,49.9905,BR49,9,3,0
2020-01-16 10:00:00,0.359,251.57,1.476,50.0405,BR49,10,3,0
2020-01-16 11:00:00,0.285,254.4605,1.222,50.0305,BR49,11,3,0
2020-01-16 12:00:00,0.552,255.761,2.2175,49.989,BR49,12,3,0
2020-01-16 13:00:00,0.209,219.4015,0.992,42.473,BR49,13,3,0
2020-01-16 14:00:00,0.177,258.443,0.7905,49.8965,BR49,14,3,0
2020-01-16 15:00:00,0.1699999999999999,258.7,0.7885,49.9515,BR49,15,3,0
2020-01-16 16:00:00,0.208,256.92600000000004,0.9475,49.9065,BR49,16,3,0
2020-01-16 17:00:00,0.207,254.704,0.945,49.9905,BR49,17,3,0
2020-01-16 18:00:00,0.204,250.2485,0.936,49.971,BR49,18,3,0
2020-01-16 19:00:00,0.245,251.5015,1.0825,50.022000000000006,BR49,19,3,0
2020-01-16 20:00:00,0.507,254.5005,2.079,50.028000000000006,BR49,20,3,0
2020-01-16 21:00:00,0.909,256.304,3.589,50.022000000000006,BR49,21,3,0
2020-01-16 22:00:00,0.845,259.236,3.333,50.03,BR49,22,3,0
2020-01-16 23:00:00,0.146,262.99,0.6975,50.0,BR49,23,3,0
2020-01-17 00:00:00,0.129,265.5595,0.6295,50.034,BR49,0,4,0
2020-01-17 01:00:00,0.117,266.454,0.5900000000000001,49.961,BR49,1,4,0
2020-01-17 02:00:00,0.116,266.39,0.587,50.005,BR49,2,4,0
2020-01-17 03:00:00,0.116,265.846,0.599,50.038,BR49,3,4,0
2020-01-17 04:00:00,0.118,265.371,0.613,50.0145,BR49,4,4,0
2020-01-17 05:00:00,0.066,262.996,0.4375,49.9225,BR49,5,4,0
2020-01-17 06:00:00,0.084,261.2735,0.481,49.908,BR49,6,4,0
2020-01-17 07:00:00,0.097,258.4165,0.5335,49.911,BR49,7,4,0
2020-01-17 08:00:00,0.221,256.421,0.983,49.956,BR49,8,4,0
2020-01-17 09:00:00,1.206,252.3435,5.031000000000001,49.971,BR49,9,4,0
2020-01-17 10:00:00,0.641,226.969,3.2565,45.027,BR49,10,4,0
2020-01-17 11:00:00,0.641,226.735,2.6245000000000003,45.0075,BR49,11,4,0
2020-01-17 12:00:00,0.19,50.0325,0.96,9.994,BR49,12,4,0
2020-01-17 13:00:00,1.057,252.368,4.4175,50.0135,BR49,13,4,0
2020-01-17 14:00:00,1.075,253.2835,4.4305,50.015,BR49,14,4,0
2020-01-17 15:00:00,0.177,254.915,0.8935000000000001,49.988,BR49,15,4,0
2020-01-17 16:00:00,0.195,254.883,0.9445,49.966,BR49,16,4,0
2020-01-17 17:00:00,0.366,254.798,1.6215,50.025,BR49,17,4,0
2020-01-17 18:00:00,1.038,249.3345,4.250500000000001,49.9805,BR49,18,4,0
2020-01-17 19:00:00,0.385,250.5525,1.623,50.0165,BR49,19,4,0
2020-01-17 20:00:00,0.588,251.9275,2.4225000000000003,49.9515,BR49,20,4,0
2020-01-17 21:00:00,0.51,227.68400000000003,2.194,44.969,BR49,21,4,0
2020-01-17 22:00:00,0.747,255.8945,3.0365,49.9735,BR49,22,4,0
2020-01-17 23:00:00,0.348,260.3295,1.4585,49.991,BR49,23,4,0
2020-01-18 00:00:00,0.116,262.36,0.591,49.971,BR49,0,5,1
2020-01-18 01:00:00,0.146,263.0615,0.689,49.989,BR49,1,5,1
2020-01-18 02:00:00,0.085,264.471,0.503,50.0135,BR49,2,5,1
2020-01-18 03:00:00,0.081,264.1415,0.484,49.9815,BR49,3,5,1
2020-01-18 04:00:00,0.078,263.5885,0.473,49.982,BR49,4,5,1
2020-01-18 05:00:00,0.074,260.75300000000004,0.4469999999999999,50.017,BR49,5,5,1
2020-01-18 06:00:00,0.088,258.279,0.488,50.003,BR49,6,5,1
2020-01-18 07:00:00,0.108,256.5625,0.528,49.986,BR49,7,5,1
2020-01-18 08:00:00,0.615,252.949,2.7595,50.011,BR49,8,5,1
2020-01-18 09:00:00,0.629,250.4555,2.539,50.021,BR49,9,5,1
2020-01-18 10:00:00,0.208,237.401,1.176,47.5005,BR49,10,5,1
2020-01-18 11:00:00,0.6729999999999999,223.93850000000003,2.8795,45.03,BR49,11,5,1
2020-01-18 12:00:00,0.662,200.2045,2.773,39.9795,BR49,12,5,1
2020-01-18 13:00:00,1.033,255.8655,4.0555,49.963,BR49,13,5,1
2020-01-18 14:00:00,0.482,257.7185,2.0245,49.981,BR49,14,5,1
2020-01-18 15:00:00,0.415,194.228,2.032,37.5325,BR49,15,5,1
2020-01-18 16:00:00,0.261,155.387,1.222,30.011000000000003,BR49,16,5,1
2020-01-18 17:00:00,0.5559999999999999,165.4855,2.3955,32.4905,BR49,17,5,1
2020-01-18 18:00:00,0.4669999999999999,201.324,2.47,39.975,BR49,18,5,1
2020-01-18 19:00:00,0.506,251.1445,2.3105,50.039,BR49,19,5,1
2020-01-18 20:00:00,0.412,254.4345,1.7009999999999998,50.028,BR49,20,5,1
2020-01-18 21:00:00,1.088,256.6645,4.275,50.052,BR49,21,5,1
2020-01-18 22:00:00,0.46,260.529,1.839,50.014,BR49,22,5,1
2020-01-18 23:00:00,0.167,264.9335,0.7415,50.0455,BR49,23,5,1
2020-01-19 00:00:00,0.122,266.1155,0.6014999999999999,50.038,BR49,0,6,1
2020-01-19 01:00:00,0.103,265.95300000000003,0.5275000000000001,50.0055,BR49,1,6,1
2020-01-19 02:00:00,0.132,265.864,0.6165,50.0025,BR49,2,6,1
2020-01-19 03:00:00,0.14,265.9765,0.6759999999999999,50.008,BR49,3,6,1
2020-01-19 04:00:00,0.087,265.2115,0.481,50.0165,BR49,4,6,1
2020-01-19 05:00:00,0.087,263.652,0.469,50.032,BR49,5,6,1
2020-01-19 06:00:00,0.077,260.371,0.4285,50.024,BR49,6,6,1
2020-01-19 07:00:00,0.077,257.2555,0.4225,49.9745,BR49,7,6,1
2020-01-19 08:00:00,0.598,254.724,2.511,49.942,BR49,8,6,1
2020-01-19 09:00:00,1.078,254.245,4.3015,49.988,BR49,9,6,1
2020-01-19 10:00:00,1.016,236.7445,4.4615,47.497,BR49,10,6,1
2020-01-19 11:00:00,0.717,252.4065,2.9185,50.075,BR49,11,6,1
2020-01-19 12:00:00,0.589,241.1325,2.518,47.4575,BR49,12,6,1
2020-01-19 13:00:00,0.319,255.3195,1.3335,50.0215,BR49,13,6,1
2020-01-19 14:00:00,0.472,258.82800000000003,2.0620000000000003,50.063,BR49,14,6,1
2020-01-19 15:00:00,0.14,262.3145,0.7005,49.9925,BR49,15,6,1
2020-01-19 16:00:00,0.507,262.423,2.003,49.96,BR49,16,6,1
2020-01-19 17:00:00,0.192,143.3245,0.979,27.5045,BR49,17,6,1
2020-01-19 18:00:00,0.322,255.8775,1.403,49.988,BR49,18,6,1
2020-01-19 19:00:00,0.333,253.4735,1.3965,50.042,BR49,19,6,1
2020-01-19 20:00:00,0.938,252.746,3.7365,49.9825,BR49,20,6,1
2020-01-19 21:00:00,1.049,256.678,4.104,50.0235,BR49,21,6,1
2020-01-19 22:00:00,0.406,261.343,1.6085,50.034000000000006,BR49,22,6,1
2020-01-19 23:00:00,0.337,264.1925,1.378,50.0315,BR49,23,6,1
2020-01-20 00:00:00,0.205,264.8685,0.9225,50.0135,BR49,0,0,0
2020-01-20 01:00:00,0.161,265.534,0.7655000000000001,49.998000000000005,BR49,1,0,0
2020-01-20 02:00:00,0.122,266.188,0.6035,50.0085,BR49,2,0,0
2020-01-20 03:00:00,0.106,266.795,0.561,49.998000000000005,BR49,3,0,0
2020-01-20 04:00:00,0.094,265.243,0.5125,49.9325,BR49,4,0,0
2020-01-20 05:00:00,0.108,262.704,0.553,49.9305,BR49,5,0,0
2020-01-20 06:00:00,0.104,260.2555,0.536,49.9625,BR49,6,0,0
2020-01-20 07:00:00,0.119,257.366,0.5935,49.9715,BR49,7,0,0
2020-01-20 08:00:00,0.321,253.9105,1.588,50.0295,BR49,8,0,0
2020-01-20 09:00:00,0.317,252.1355,1.3415,50.0015,BR49,9,0,0
2020-01-20 10:00:00,0.843,251.206,3.374,50.0265,BR49,10,0,0
2020-01-20 11:00:00,0.5890000000000001,252.2865,2.415,50.049,BR49,11,0,0
2020-01-20 12:00:00,0.902,257.1195,3.553,50.0315,BR49,12,0,0
2020-01-20 13:00:00,0.286,260.6125,1.189,50.045,BR49,13,0,0
2020-01-20 14:00:00,0.246,259.242,1.057,50.0065,BR49,14,0,0
2020-01-20 15:00:00,0.462,258.098,1.869,49.9315,BR49,15,0,0
2020-01-20 16:00:00,0.192,258.4115,0.8640000000000001,49.982,BR49,16,0,0
2020-01-20 17:00:00,0.771,258.8665,2.9995000000000003,50.0395,BR49,17,0,0
2020-01-20 18:00:00,0.913,251.7325,3.648,50.006,BR49,18,0,0
2020-01-20 19:00:00,0.796,252.7025,3.1675,50.039,BR49,19,0,0
2020-01-20 20:00:00,0.759,254.0775,3.0075,50.0195,BR49,20,0,0
2020-01-20 21:00:00,0.615,256.423,2.445,50.0195,BR49,21,0,0
2020-01-20 22:00:00,0.928,260.165,3.6019999999999994,49.9805,BR49,22,0,0
2020-01-20 23:00:00,0.196,264.08849999999995,0.8525,50.014,BR49,23,0,0
2020-01-21 00:00:00,0.116,265.519,0.596,50.04,BR49,0,1,0
2020-01-21 01:00:00,0.115,265.457,0.5865,50.0075,BR49,1,1,0
2020-01-21 02:00:00,0.091,266.191,0.5045,49.9805,BR49,2,1,0
2020-01-21 03:00:00,0.091,266.0475,0.507,49.999,BR49,3,1,0
2020-01-21 04:00:00,0.087,265.886,0.507,50.024,BR49,4,1,0
2020-01-21 05:00:00,0.088,263.274,0.481,49.9635,BR49,5,1,0
2020-01-21 06:00:00,0.142,260.938,0.651,49.953,BR49,6,1,0
2020-01-21 07:00:00,0.114,258.8065,0.563,49.9395,BR49,7,1,0
2020-01-21 08:00:00,0.314,255.62,1.5175,50.0285,BR49,8,1,0
2020-01-21 09:00:00,0.928,252.302,3.7005,50.0465,BR49,9,1,0
2020-01-21 10:00:00,0.874,251.902,3.5645,50.05,BR49,10,1,0
2020-01-21 11:00:00,0.914,251.729,3.6535,50.024,BR49,11,1,0
2020-01-21 12:00:00,0.303,257.1955,1.2615,49.996,BR49,12,1,0
2020-01-21 13:00:00,0.254,261.462,1.048,50.017,BR49,13,1,0
2020-01-21 14:00:00,0.452,258.2635,2.1185,50.0,BR49,14,1,0
2020-01-21 15:00:00,0.223,258.883,1.106,50.0375,BR49,15,1,0
2020-01-21 16:00:00,0.722,258.9,2.8445,49.9795,BR49,16,1,0
2020-01-21 17:00:00,0.904,258.9035,3.5104999999999995,50.0365,BR49,17,1,0
2020-01-21 18:00:00,0.3989999999999999,253.6805,1.625,50.016,BR49,18,1,0
2020-01-21 19:00:00,0.716,252.21,2.875,50.049,BR49,19,1,0
2020-01-21 20:00:00,1.073,252.002,4.322,50.0305,BR49,20,1,0
2020-01-21 21:00:00,0.54,256.5525,2.156,50.048,BR49,21,1,0
2020-01-21 22:00:00,0.8009999999999999,259.10450000000003,3.125,50.007,BR49,22,1,0
2020-01-21 23:00:00,0.5599999999999999,263.001,2.195,50.0315,BR49,23,1,0
2020-01-22 00:00:00,0.159,265.1115,0.7184999999999999,50.042,BR49,0,2,0
2020-01-22 01:00:00,0.1709999999999999,266.2035,0.7675,50.036,BR49,1,2,0
2020-01-22 02:00:00,0.163,266.23,0.734,50.042,BR49,2,2,0
2020-01-22 03:00:00,0.198,266.314,0.858,50.0185,BR49,3,2,0
2020-01-22 04:00:00,0.13,265.656,0.6134999999999999,50.0345,BR49,4,2,0
2020-01-22 05:00:00,0.131,263.73,0.6155,50.022000000000006,BR49,5,2,0
2020-01-22 06:00:00,0.084,182.726,0.4154999999999999,35.016,BR49,6,2,0
2020-01-22 07:00:00,0.181,216.9555,0.968,42.519,BR49,7,2,0
2020-01-22 08:00:00,0.76,253.913,3.451,50.053,BR49,8,2,0
2020-01-22 09:00:00,0.793,252.93,3.169,49.98,BR49,9,2,0
2020-01-22 10:00:00,1.059,250.455,4.271,50.011,BR49,10,2,0
2020-01-22 11:00:00,0.435,254.98,1.988,50.0385,BR49,11,2,0
2020-01-22 12:00:00,0.163,247.3295,0.8564999999999999,47.5315,BR49,12,2,0
2020-01-22 13:00:00,0.162,262.95,0.8220000000000001,50.0385,BR49,13,2,0
2020-01-22 14:00:00,0.195,261.3565,0.945,50.0055,BR49,14,2,0
2020-01-22 15:00:00,0.25,261.938,1.1545,50.015,BR49,15,2,0
2020-01-22 16:00:00,0.076,39.176,0.3744999999999999,7.5055,BR49,16,2,0
2020-01-22 17:00:00,0.0,0.0,0.0,0.0,BR49,17,2,0
2020-01-22 18:00:00,0.38,216.336,1.9055,42.4955,BR49,18,2,0
2020-01-22 19:00:00,0.916,252.345,3.7615,50.031,BR49,19,2,0
2020-01-22 20:00:00,1.234,252.479,5.0495,50.0255,BR49,20,2,0
2020-01-22 21:00:00,0.5640000000000001,256.496,2.307,50.026,BR49,21,2,0
2020-01-22 22:00:00,0.557,233.239,2.2635,45.016000000000005,BR49,22,2,0
2020-01-22 23:00:00,0.193,262.741,0.875,50.061,BR49,23,2,0
2020-01-23 00:00:00,0.165,264.8035,0.784,50.035,BR49,0,3,0
2020-01-23 01:00:00,0.155,265.3095,0.7464999999999999,50.0065,BR49,1,3,0
2020-01-23 02:00:00,0.095,265.365,0.54,49.9995,BR49,2,3,0
2020-01-23 03:00:00,0.079,265.487,0.4835,49.9945,BR49,3,3,0
2020-01-23 04:00:00,0.078,264.5615,0.4765,49.973,BR49,4,3,0
2020-01-23 05:00:00,0.082,262.6925,0.4835,49.941,BR49,5,3,0
2020-01-23 06:00:00,0.09,261.196,0.495,49.974,BR49,6,3,0
2020-01-23 07:00:00,0.346,257.9225,1.4945,50.012,BR49,7,3,0
2020-01-23 08:00:00,1.109,254.5145,4.4295,50.0585,BR49,8,3,0
2020-01-23 09:00:00,0.736,252.7735,2.9455,50.0505,BR49,9,3,0
2020-01-23 10:00:00,0.229,254.1225,0.983,50.039,BR49,10,3,0
2020-01-23 11:00:00,0.129,256.1935,0.653,50.029,BR49,11,3,0
2020-01-23 12:00:00,0.34,142.574,1.7805,27.514,BR49,12,3,0
2020-01-23 13:00:00,0.135,104.444,0.7745,20.0015,BR49,13,3,0
2020-01-23 14:00:00,0.326,248.5405,1.6275,47.5165,BR49,14,3,0
2020-01-23 15:00:00,0.138,249.14,0.849,47.466,BR49,15,3,0
2020-01-23 16:00:00,0.159,260.3265,0.818,49.955,BR49,16,3,0
2020-01-23 17:00:00,0.188,259.5295,0.9015,50.013,BR49,17,3,0
2020-01-23 18:00:00,0.3339999999999999,253.6925,1.4465,50.0015,BR49,18,3,0
2020-01-23 19:00:00,0.6809999999999999,251.7125,2.7755,50.0155,BR49,19,3,0
2020-01-23 20:00:00,1.095,252.7765,4.3635,49.936,BR49,20,3,0
2020-01-23 21:00:00,0.935,256.7755,3.735,50.0235,BR49,21,3,0
2020-01-23 22:00:00,0.64,259.668,2.5780000000000003,49.999,BR49,22,3,0
2020-01-23 23:00:00,0.162,263.35900000000004,0.7474999999999999,50.0135,BR49,23,3,0
2020-01-24 00:00:00,0.208,265.3385,0.9245,49.9845,BR49,0,4,0
2020-01-24 01:00:00,0.128,264.813,0.6615,50.0235,BR49,1,4,0
2020-01-24 02:00:00,0.093,265.016,0.52,50.0255,BR49,2,4,0
2020-01-24 03:00:00,0.081,265.0965,0.4955,49.9895,BR49,3,4,0
2020-01-24 04:00:00,0.078,263.9895,0.48,49.986,BR49,4,4,0
2020-01-24 05:00:00,0.152,261.5435,0.82,49.994,BR49,5,4,0
2020-01-24 06:00:00,0.535,258.6245,2.661,49.996500000000005,BR49,6,4,0
2020-01-24 07:00:00,0.113,256.3795,0.5515000000000001,49.9905,BR49,7,4,0
2020-01-24 08:00:00,1.102,250.931,4.5165,50.032,BR49,8,4,0
2020-01-24 09:00:00,0.901,252.316,3.605,50.0045,BR49,9,4,0
2020-01-24 10:00:00,0.189,255.085,0.833,50.0005,BR49,10,4,0
2020-01-24 11:00:00,0.098,255.421,0.5075000000000001,49.942,BR49,11,4,0
2020-01-24 12:00:00,0.15,259.0965,0.6940000000000001,50.003,BR49,12,4,0
2020-01-24 13:00:00,0.265,261.8595,1.1585,50.043,BR49,13,4,0
2020-01-24 14:00:00,0.164,262.1735,0.8220000000000001,50.002,BR49,14,4,0
2020-01-24 15:00:00,0.131,261.402,0.7285,49.9855,BR49,15,4,0
2020-01-24 16:00:00,0.178,259.521,1.0025,49.9585,BR49,16,4,0
2020-01-24 17:00:00,0.192,258.0355,0.9175,49.9905,BR49,17,4,0
2020-01-24 18:00:00,0.496,253.353,2.063,49.998000000000005,BR49,18,4,0
2020-01-24 19:00:00,0.434,252.0265,1.8145,49.993,BR49,19,4,0
2020-01-24 20:00:00,1.156,252.0085,4.7490000000000006,49.9625,BR49,20,4,0
2020-01-24 21:00:00,1.163,254.9635,4.607,49.959500000000006,BR49,21,4,0
2020-01-24 22:00:00,0.88,256.985,3.4805,49.9795,BR49,22,4,0
2020-01-24 23:00:00,0.2309999999999999,260.4035,1.0125,49.9825,BR49,23,4,0
2020-01-25 00:00:00,0.11,261.76750000000004,0.5740000000000001,49.8805,BR49,0,5,1
2020-01-25 01:00:00,0.131,263.624,0.65,49.988,BR49,1,5,1
2020-01-25 02:00:00,0.106,264.182,0.56,50.0185,BR49,2,5,1
2020-01-25 03:00:00,0.095,264.298,0.525,50.014,BR49,3,5,1
2020-01-25 04:00:00,0.08,263.8755,0.4815,50.0405,BR49,4,5,1
2020-01-25 05:00:00,0.075,261.6805,0.461,49.9785,BR49,5,5,1
2020-01-25 06:00:00,0.08,261.4395,0.4715,50.0215,BR49,6,5,1
2020-01-25 07:00:00,0.13,259.099,0.6485,49.9765,BR49,7,5,1
2020-01-25 08:00:00,0.51,256.2275,2.31,50.0405,BR49,8,5,1
2020-01-25 09:00:00,0.745,227.7985,3.2299999999999995,45.008,BR49,9,5,1
2020-01-25 10:00:00,1.034,252.952,4.1295,49.9665,BR49,10,5,1
2020-01-25 11:00:00,0.392,191.8895,2.0705,37.4605,BR49,11,5,1
2020-01-25 12:00:00,0.176,259.467,0.8755,49.9885,BR49,12,5,1
2020-01-25 13:00:00,0.125,235.8445,0.768,45.0105,BR49,13,5,1
2020-01-25 14:00:00,0.126,262.4935,0.628,50.0165,BR49,14,5,1
2020-01-25 15:00:00,0.128,261.625,0.623,50.012,BR49,15,5,1
2020-01-25 16:00:00,0.18,259.441,0.828,49.94,BR49,16,5,1
2020-01-25 17:00:00,0.461,257.684,1.8535,49.966,BR49,17,5,1
2020-01-25 18:00:00,0.5389999999999999,251.365,2.1955,49.9195,BR49,18,5,1
2020-01-25 19:00:00,0.893,250.8115,3.63,50.0145,BR49,19,5,1
2020-01-25 20:00:00,0.882,253.1335,3.5770000000000004,50.008,BR49,20,5,1
2020-01-25 21:00:00,0.727,254.8445,2.905,50.0065,BR49,21,5,1
2020-01-25 22:00:00,0.738,255.904,2.939,49.981,BR49,22,5,1
2020-01-25 23:00:00,0.136,260.2885,0.6545,50.0,BR49,23,5,1
2020-01-26 00:00:00,0.106,261.949,0.5660000000000001,49.9685,BR49,0,6,1
2020-01-26 01:00:00,0.082,263.314,0.482,49.955,BR49,1,6,1
2020-01-26 02:00:00,0.089,264.169,0.5055,50.0175,BR49,2,6,1
2020-01-26 03:00:00,0.156,264.4225,0.713,50.001,BR49,3,6,1
2020-01-26 04:00:00,0.074,263.636,0.4589999999999999,50.012,BR49,4,6,1
2020-01-26 05:00:00,0.074,261.3835,0.4575,49.973,BR49,5,6,1
2020-01-26 06:00:00,0.083,258.422,0.479,49.966,BR49,6,6,1
2020-01-26 07:00:00,0.3419999999999999,254.116,1.673,50.028000000000006,BR49,7,6,1
2020-01-26 08:00:00,0.441,252.686,1.9485,50.048,BR49,8,6,1
2020-01-26 09:00:00,1.065,249.187,4.2875,49.9695,BR49,9,6,1
2020-01-26 10:00:00,1.003,250.784,4.024,49.9435,BR49,10,6,1
2020-01-26 11:00:00,0.714,255.21,2.886,49.9905,BR49,11,6,1
2020-01-26 12:00:00,0.149,260.445,0.765,50.0125,BR49,12,6,1
2020-01-26 13:00:00,0.1689999999999999,263.2205,0.7895,50.0685,BR49,13,6,1
2020-01-26 14:00:00,0.498,265.002,2.1725000000000003,50.0765,BR49,14,6,1
2020-01-26 15:00:00,0.259,265.6415,1.0975,49.999,BR49,15,6,1
2020-01-26 16:00:00,0.416,266.15250000000003,1.733,50.0,BR49,16,6,1
2020-01-26 17:00:00,0.183,264.45050000000003,0.827,50.0495,BR49,17,6,1
2020-01-26 18:00:00,0.297,259.4155,1.2325,50.0265,BR49,18,6,1
2020-01-26 19:00:00,1.036,254.8995,4.174,49.9565,BR49,19,6,1
2020-01-26 20:00:00,1.03,253.431,4.0785,49.9615,BR49,20,6,1
2020-01-26 21:00:00,0.956,256.5555,3.7415,49.946,BR49,21,6,1
2020-01-26 22:00:00,0.98,259.2265,3.8015,49.9575,BR49,22,6,1
2020-01-26 23:00:00,0.383,263.363,1.5835,50.0325,BR49,23,6,1
2020-01-27 00:00:00,0.1,265.086,0.547,50.056,BR49,0,0,0
2020-01-27 01:00:00,0.081,264.9575,0.4885,50.009,BR49,1,0,0
2020-01-27 02:00:00,0.075,265.73,0.4745,50.027,BR49,2,0,0
2020-01-27 03:00:00,0.08,265.443,0.4875,50.026,BR49,3,0,0
2020-01-27 04:00:00,0.073,264.62350000000004,0.4625,50.0205,BR49,4,0,0
2020-01-27 05:00:00,0.068,262.2685,0.452,50.003,BR49,5,0,0
2020-01-27 06:00:00,0.086,260.1725,0.4935,49.9845,BR49,6,0,0
2020-01-27 07:00:00,0.346,254.5375,1.7080000000000002,49.9755,BR49,7,0,0
2020-01-27 08:00:00,1.39,250.8435,5.8725000000000005,50.0175,BR49,8,0,0
2020-01-27 09:00:00,1.415,249.6665,5.9315,49.945,BR49,9,0,0
2020-01-27 10:00:00,0.769,252.585,3.093,49.995,BR49,10,0,0
2020-01-27 11:00:00,0.006,12.6915,0.093,2.5,BR49,11,0,0
2020-01-27 12:00:00,0.437,255.0815,2.3005,50.011,BR49,12,0,0
2020-01-27 13:00:00,0.257,258.4435,1.238,50.044,BR49,13,0,0
2020-01-27 14:00:00,0.196,231.4195,0.9725,44.9405,BR49,14,0,0
2020-01-27 15:00:00,0.019,25.731,0.1065,5.0055,BR49,15,0,0
2020-01-27 16:00:00,0.0,0.0,0.0,0.0,BR49,16,0,0
2020-01-27 17:00:00,0.136,90.4035,0.7695000000000001,17.494,BR49,17,0,0
2020-01-27 18:00:00,0.397,255.89050000000003,2.071,49.916,BR49,18,0,0
2020-01-27 19:00:00,0.672,252.669,2.894,50.0285,BR49,19,0,0
2020-01-27 20:00:00,0.8049999999999999,228.2035,3.572,45.003,BR49,20,0,0
2020-01-27 21:00:00,0.39,257.5855,1.6215,50.0025,BR49,21,0,0
2020-01-27 22:00:00,0.298,260.00100000000003,1.303,50.0025,BR49,22,0,0
2020-01-27 23:00:00,0.25,263.2085,1.069,50.028,BR49,23,0,0
2020-01-28 00:00:00,0.116,264.7135,0.583,49.9775,BR49,0,1,0
2020-01-28 01:00:00,0.093,265.0005,0.5055,49.9715,BR49,1,1,0
2020-01-28 02:00:00,0.084,265.6295,0.482,49.972,BR49,2,1,0
2020-01-28 03:00:00,0.089,265.9945,0.4955,50.013,BR49,3,1,0
2020-01-28 04:00:00,0.091,266.368,0.493,50.0585,BR49,4,1,0
2020-01-28 05:00:00,0.135,263.598,0.6335,50.011,BR49,5,1,0
2020-01-28 06:00:00,0.105,261.4435,0.538,49.967,BR49,6,1,0
2020-01-28 07:00:00,0.151,255.517,0.6775,49.9195,BR49,7,1,0
2020-01-28 08:00:00,0.775,254.0275,3.2455,49.9945,BR49,8,1,0
2020-01-28 09:00:00,1.093,252.348,4.3505,50.0155,BR49,9,1,0
2020-01-28 10:00:00,0.861,252.3175,3.465,50.023,BR49,10,1,0
2020-01-28 11:00:00,0.802,253.24050000000005,3.236,50.039,BR49,11,1,0
2020-01-28 12:00:00,0.855,256.248,3.3925,49.956,BR49,12,1,0
2020-01-28 13:00:00,0.288,195.7745,1.493,37.5155,BR49,13,1,0
2020-01-28 14:00:00,0.256,260.3575,1.262,49.973,BR49,14,1,0
2020-01-28 15:00:00,0.177,260.795,0.7769999999999999,49.9635,BR49,15,1,0
2020-01-28 16:00:00,0.181,259.772,0.7965,49.9805,BR49,16,1,0
2020-01-28 17:00:00,0.605,257.8435,2.4925,49.993,BR49,17,1,0
2020-01-28 18:00:00,0.365,254.4555,1.579,49.945,BR49,18,1,0
2020-01-28 19:00:00,0.604,255.01550000000003,2.4175,50.0045,BR49,19,1,0
2020-01-28 20:00:00,0.841,255.4235,3.3225,49.989,BR49,20,1,0
2020-01-28 21:00:00,0.635,258.8895,2.503,50.0125,BR49,21,1,0
2020-01-28 22:00:00,0.5489999999999999,261.5875,2.1675,49.992,BR49,22,1,0
2020-01-28 23:00:00,0.526,264.6995,2.0815,50.02,BR49,23,1,0
2020-01-29 00:00:00,0.123,265.4085,0.6105,50.036,BR49,0,2,0
2020-01-29 01:00:00,0.13,266.284,0.636,50.0555,BR49,1,2,0
2020-01-29 02:00:00,0.153,266.1595,0.7030000000000001,50.0005,BR49,2,2,0
2020-01-29 03:00:00,0.124,266.941,0.618,49.9975,BR49,3,2,0
2020-01-29 04:00:00,0.092,266.61150000000004,0.513,49.9995,BR49,4,2,0
2020-01-29 05:00:00,0.087,264.1745,0.4765,49.9995,BR49,5,2,0
2020-01-29 06:00:00,0.098,263.28000000000003,0.5175,49.992,BR49,6,2,0
2020-01-29 07:00:00,0.113,260.1825,0.542,49.9465,BR49,7,2,0
2020-01-29 08:00:00,0.663,257.855,2.8835,50.034000000000006,BR49,8,2,0
2020-01-29 09:00:00,1.085,256.826,4.398,50.0135,BR49,9,2,0
2020-01-29 10:00:00,0.702,190.6085,3.1755,37.5215,BR49,10,2,0
2020-01-29 11:00:00,0.694,153.38899999999998,3.008,29.9995,BR49,11,2,0
2020-01-29 12:00:00,0.726,256.303,2.943,49.95,BR49,12,2,0
2020-01-29 13:00:00,0.481,260.482,1.9585,49.977,BR49,13,2,0
2020-01-29 14:00:00,0.147,261.323,0.6865,49.9965,BR49,14,2,0
2020-01-29 15:00:00,0.125,257.087,0.7175,49.983,BR49,15,2,0
2020-01-29 16:00:00,0.179,257.6245,0.8310000000000001,50.001,BR49,16,2,0
2020-01-29 17:00:00,0.186,259.3725,0.8285,50.003,BR49,17,2,0
2020-01-29 18:00:00,0.982,228.719,3.9765,44.97,BR49,18,2,0
2020-01-29 19:00:00,1.02,254.342,4.1915,49.9885,BR49,19,2,0
2020-01-29 20:00:00,1.021,254.25100000000003,4.032,50.0095,BR49,20,2,0
2020-01-29 21:00:00,0.772,258.034,3.102,50.033,BR49,21,2,0
2020-01-29 22:00:00,0.432,260.964,1.7080000000000002,50.0005,BR49,22,2,0
2020-01-29 23:00:00,0.24,263.674,1.0074999999999998,49.9645,BR49,23,2,0
2020-01-30 00:00:00,0.194,266.066,0.8290000000000001,49.989,BR49,0,3,0
2020-01-30 01:00:00,0.204,266.1285,0.8535,49.9655,BR49,1,3,0
2020-01-30 02:00:00,0.157,266.43,0.706,49.9885,BR49,2,3,0
2020-01-30 03:00:00,0.139,266.4785,0.634,50.007,BR49,3,3,0
2020-01-30 04:00:00,0.14,266.14,0.6679999999999999,50.0145,BR49,4,3,0
2020-01-30 05:00:00,0.13,263.602,0.6064999999999999,49.972,BR49,5,3,0
2020-01-30 06:00:00,0.135,260.5595,0.6095,49.9305,BR49,6,3,0
2020-01-30 07:00:00,0.114,218.375,0.5149999999999999,42.4695,BR49,7,3,0
2020-01-30 08:00:00,0.845,250.917,3.69,50.0065,BR49,8,3,0
2020-01-30 09:00:00,1.029,251.9155,4.1045,49.9935,BR49,9,3,0
2020-01-30 10:00:00,0.751,254.051,2.995,50.0265,BR49,10,3,0
2020-01-30 11:00:00,0.34,257.4355,1.393,50.0155,BR49,11,3,0
2020-01-30 12:00:00,0.142,221.644,0.6415,42.508,BR49,12,3,0
2020-01-30 13:00:00,0.143,169.476,0.7975,32.518,BR49,13,3,0
2020-01-30 14:00:00,0.129,235.005,0.7175,45.0105,BR49,14,3,0
2020-01-30 15:00:00,0.15,262.005,0.7070000000000001,50.0045,BR49,15,3,0
2020-01-30 16:00:00,0.348,262.4735,1.632,50.0045,BR49,16,3,0
2020-01-30 17:00:00,0.185,259.9555,0.8,49.9975,BR49,17,3,0
2020-01-30 18:00:00,0.523,254.4885,2.118,49.98,BR49,18,3,0
2020-01-30 19:00:00,0.806,251.4115,3.219,49.992,BR49,19,3,0
2020-01-30 20:00:00,0.906,253.5285,3.6045,49.985,BR49,20,3,0
2020-01-30 21:00:00,0.834,256.3315,3.2735,49.9725,BR49,21,3,0
2020-01-30 22:00:00,0.317,259.9875,1.295,49.9535,BR49,22,3,0
2020-01-30 23:00:00,0.391,262.081,1.572,50.015,BR49,23,3,0
2020-01-31 00:00:00,0.206,264.307,0.882,50.008,BR49,0,4,0
2020-01-31 01:00:00,0.222,263.582,0.9375,50.024,BR49,1,4,0
2020-01-31 02:00:00,0.165,264.2285,0.735,50.014,BR49,2,4,0
2020-01-31 03:00:00,0.136,264.5965,0.623,50.0105,BR49,3,4,0
2020-01-31 04:00:00,0.134,264.5345,0.6134999999999999,50.0075,BR49,4,4,0
2020-01-31 05:00:00,0.132,261.303,0.6085,49.986,BR49,5,4,0
2020-01-31 06:00:00,0.15,260.43850000000003,0.656,49.9755,BR49,6,4,0
2020-01-31 07:00:00,0.5640000000000001,256.0935,2.623,49.998000000000005,BR49,7,4,0
2020-01-31 08:00:00,0.272,227.756,1.223,45.0195,BR49,8,4,0
2020-01-31 09:00:00,0.8,251.343,3.225,49.9935,BR49,9,4,0
2020-01-31 10:00:00,0.535,253.102,2.266,49.9705,BR49,10,4,0
2020-01-31 11:00:00,0.282,166.23250000000002,1.4025,32.4975,BR49,11,4,0
2020-01-31 12:00:00,0.2029999999999999,258.011,0.9575,49.9865,BR49,12,4,0
2020-01-31 13:00:00,0.466,261.1705,2.116,50.047,BR49,13,4,0
2020-01-31 14:00:00,0.343,260.9395,1.5470000000000002,50.0145,BR49,14,4,0
2020-01-31 15:00:00,0.08,260.845,0.5165,50.018,BR49,15,4,0
2020-01-31 16:00:00,0.138,259.2755,0.7175,49.959,BR49,16,4,0
2020-01-31 17:00:00,0.141,259.118,0.6815,50.0365,BR49,17,4,0
2020-01-31 18:00:00,0.246,254.80300000000005,1.0779999999999998,49.9845,BR49,18,4,0
2020-01-31 19:00:00,0.448,254.712,1.8535,49.994,BR49,19,4,0
2020-01-31 20:00:00,1.069,253.2905,4.2405,49.9735,BR49,20,4,0
2020-01-31 21:00:00,1.041,255.1575,4.1635,49.9865,BR49,21,4,0
2020-01-31 22:00:00,0.675,259.25,2.6945,50.031,BR49,22,4,0
2020-01-31 23:00:00,0.454,262.595,1.849,50.024,BR49,23,4,0
2020-02-01 00:00:00,0.186,263.7035,0.8629999999999999,50.019,BR49,0,5,1
2020-02-01 01:00:00,0.121,264.1245,0.609,49.997,BR49,1,5,1
2020-02-01 02:00:00,0.093,265.2215,0.509,49.9815,BR49,2,5,1
2020-02-01 03:00:00,0.115,265.9175,0.5805,50.011,BR49,3,5,1
2020-02-01 04:00:00,0.098,265.0545,0.506,50.043,BR49,4,5,1
2020-02-01 05:00:00,0.098,263.8565,0.516,50.0135,BR49,5,5,1
2020-02-01 06:00:00,0.12,263.241,0.6065,50.013,BR49,6,5,1
2020-02-01 07:00:00,0.108,260.1005,0.5495,49.991,BR49,7,5,1
2020-02-01 08:00:00,0.237,256.227,1.0405,50.024,BR49,8,5,1
2020-02-01 09:00:00,1.177,249.4785,4.8485,50.010000000000005,BR49,9,5,1
2020-02-01 10:00:00,0.5599999999999999,250.723,2.2775,50.0255,BR49,10,5,1
2020-02-01 11:00:00,0.431,254.939,1.799,50.0305,BR49,11,5,1
2020-02-01 12:00:00,0.108,206.592,0.641,40.034,BR49,12,5,1
2020-02-01 13:00:00,0.111,259.809,0.5855,50.033,BR49,13,5,1
2020-02-01 14:00:00,0.09,260.4335,0.51,49.9755,BR49,14,5,1
2020-02-01 15:00:00,0.121,260.7615,0.6359999999999999,49.999,BR49,15,5,1
2020-02-01 16:00:00,0.26,261.5765,1.125,49.9975,BR49,16,5,1
2020-02-01 17:00:00,0.61,260.284,2.4105,49.983,BR49,17,5,1
2020-02-01 18:00:00,0.55,254.7205,2.2435,49.974,BR49,18,5,1
2020-02-01 19:00:00,0.897,255.1875,3.757,50.0005,BR49,19,5,1
2020-02-01 20:00:00,1.103,254.2835,4.37,49.98,BR49,20,5,1
2020-02-01 21:00:00,0.821,257.2855,3.3015,50.019,BR49,21,5,1
2020-02-01 22:00:00,0.6990000000000001,258.656,2.803,49.9935,BR49,22,5,1
2020-02-01 23:00:00,0.286,262.4475,1.272,50.045,BR49,23,5,1
2020-02-02 00:00:00,0.17,264.6645,0.8720000000000001,50.0325,BR49,0,6,1
2020-02-02 01:00:00,0.133,265.521,0.761,49.998000000000005,BR49,1,6,1
2020-02-02 02:00:00,0.115,265.804,0.7115,49.998000000000005,BR49,2,6,1
2020-02-02 03:00:00,0.11,265.8265,0.6915,49.991,BR49,3,6,1
2020-02-02 04:00:00,0.122,265.9005,0.725,50.051,BR49,4,6,1
2020-02-02 05:00:00,0.163,264.073,0.8370000000000001,50.0515,BR49,5,6,1
2020-02-02 06:00:00,0.168,262.227,0.8470000000000001,50.101,BR49,6,6,1
2020-02-02 07:00:00,0.135,259.13,0.727,49.9975,BR49,7,6,1
2020-02-02 08:00:00,0.809,257.597,3.2030000000000003,49.999,BR49,8,6,1
2020-02-02 09:00:00,1.264,253.0365,5.128,49.9485,BR49,9,6,1
2020-02-02 10:00:00,0.342,215.2395,1.6149999999999998,42.5505,BR49,10,6,1
2020-02-02 11:00:00,0.23,257.0595,1.012,50.0085,BR49,11,6,1
2020-02-02 12:00:00,0.283,259.562,1.206,49.9605,BR49,12,6,1
2020-02-02 13:00:00,0.5640000000000001,261.711,2.471,50.041,BR49,13,6,1
2020-02-02 14:00:00,0.129,157.6465,0.6025,30.033,BR49,14,6,1
2020-02-02 15:00:00,0.0,0.0,0.0,0.0,BR49,15,6,1
2020-02-02 16:00:00,0.0,0.0,0.0,0.0,BR49,16,6,1
2020-02-02 17:00:00,0.45,244.9555,2.3135,47.508500000000005,BR49,17,6,1
2020-02-02 18:00:00,1.493,251.2955,6.611,50.0005,BR49,18,6,1
2020-02-02 19:00:00,0.467,254.266,2.079,50.0015,BR49,19,6,1
2020-02-02 20:00:00,1.137,253.674,4.5265,50.018,BR49,20,6,1
2020-02-02 21:00:00,0.993,256.807,3.915,50.0355,BR49,21,6,1
2020-02-02 22:00:00,1.044,257.6,4.103,50.003,BR49,22,6,1
2020-02-02 23:00:00,0.521,261.306,2.196,50.0015,BR49,23,6,1
2020-02-03 00:00:00,0.1989999999999999,263.39,1.034,50.0245,BR49,0,0,0
2020-02-03 01:00:00,0.134,264.486,0.8550000000000001,50.023,BR49,1,0,0
2020-02-03 02:00:00,0.178,265.0785,0.963,50.0315,BR49,2,0,0
2020-02-03 03:00:00,0.147,264.8305,0.8880000000000001,49.9795,BR49,3,0,0
2020-02-03 04:00:00,0.11,264.654,0.79,49.9935,BR49,4,0,0
2020-02-03 05:00:00,0.117,261.546,0.791,49.915,BR49,5,0,0
2020-02-03 06:00:00,0.129,260.13050000000004,0.8109999999999999,49.868,BR49,6,0,0
2020-02-03 07:00:00,0.76,256.72950000000003,3.2375,49.9065,BR49,7,0,0
2020-02-03 08:00:00,1.265,253.693,5.1725,49.9995,BR49,8,0,0
2020-02-03 09:00:00,1.092,252.407,4.343999999999999,49.981,BR49,9,0,0
2020-02-03 10:00:00,0.992,252.8765,3.961,49.991,BR49,10,0,0
2020-02-03 11:00:00,0.647,253.4575,2.6465,49.93,BR49,11,0,0
2020-02-03 12:00:00,0.104,258.2945,0.584,49.936,BR49,12,0,0
2020-02-03 13:00:00,0.141,261.4355,0.721,49.983,BR49,13,0,0
2020-02-03 14:00:00,0.108,261.4,0.5475,49.909,BR49,14,0,0
2020-02-03 15:00:00,0.13,221.2215,0.759,42.432,BR49,15,0,0
2020-02-03 16:00:00,0.2029999999999999,260.024,0.9105,49.987,BR49,16,0,0
2020-02-03 17:00:00,0.166,261.0075,0.768,49.9865,BR49,17,0,0
2020-02-03 18:00:00,1.156,255.1285,4.8385,49.96,BR49,18,0,0
2020-02-03 19:00:00,0.802,189.967,3.708,37.4685,BR49,19,0,0
2020-02-03 20:00:00,1.083,253.8725,4.329,49.966,BR49,20,0,0
2020-02-03 21:00:00,1.063,257.214,4.165,50.0155,BR49,21,0,0
2020-02-03 22:00:00,0.617,260.418,2.45,49.991,BR49,22,0,0
2020-02-03 23:00:00,0.119,263.8195,0.6555,49.968,BR49,23,0,0
2020-02-04 00:00:00,0.156,264.567,0.759,49.8965,BR49,0,1,0
2020-02-04 01:00:00,0.12,265.467,0.6759999999999999,49.9985,BR49,1,1,0
2020-02-04 02:00:00,0.092,266.299,0.5815,49.986,BR49,2,1,0
2020-02-04 03:00:00,0.088,266.827,0.5660000000000001,49.9485,BR49,3,1,0
2020-02-04 04:00:00,0.079,267.229,0.542,49.993,BR49,4,1,0
2020-02-04 05:00:00,0.084,264.041,0.548,49.899,BR49,5,1,0
2020-02-04 06:00:00,0.095,261.1585,0.5665,49.898,BR49,6,1,0
2020-02-04 07:00:00,0.117,256.9495,0.6075,49.901,BR49,7,1,0
2020-02-04 08:00:00,0.636,253.3645,2.849,49.971,BR49,8,1,0
2020-02-04 09:00:00,0.927,250.619,3.716,49.9605,BR49,9,1,0
2020-02-04 10:00:00,0.892,251.8485,3.575,50.022000000000006,BR49,10,1,0
2020-02-04 11:00:00,0.193,255.6715,0.8710000000000001,49.993,BR49,11,1,0
2020-02-04 12:00:00,0.24,256.5185,1.138,49.9445,BR49,12,1,0
2020-02-04 13:00:00,0.382,258.6565,1.7955,49.989,BR49,13,1,0
2020-02-04 14:00:00,0.115,155.3565,0.6885,29.9875,BR49,14,1,0
2020-02-04 15:00:00,0.493,243.9845,2.4370000000000003,47.4745,BR49,15,1,0
2020-02-04 16:00:00,0.141,257.006,0.7055,49.96,BR49,16,1,0
2020-02-04 17:00:00,0.156,115.306,0.9985,22.4555,BR49,17,1,0
2020-02-04 18:00:00,0.432,239.975,1.883,47.4785,BR49,18,1,0
2020-02-04 19:00:00,0.486,252.0375,1.998,49.967,BR49,19,1,0
2020-02-04 20:00:00,0.771,253.9375,3.056,50.010000000000005,BR49,20,1,0
2020-02-04 21:00:00,0.698,257.2685,2.75,50.024,BR49,21,1,0
2020-02-04 22:00:00,0.549,259.9715,2.1925,49.9865,BR49,22,1,0
2020-02-04 23:00:00,0.256,262.9275,1.0470000000000002,49.985,BR49,23,1,0
2020-02-05 00:00:00,0.161,265.394,0.7434999999999999,50.025,BR49,0,2,0
2020-02-05 01:00:00,0.107,266.4645,0.5565,50.0045,BR49,1,2,0
2020-02-05 02:00:00,0.077,265.9085,0.453,49.9665,BR49,2,2,0
2020-02-05 03:00:00,0.085,266.358,0.487,50.003,BR49,3,2,0
2020-02-05 04:00:00,0.083,265.668,0.4745,50.0115,BR49,4,2,0
2020-02-05 05:00:00,0.087,262.816,0.4855,50.013,BR49,5,2,0
2020-02-05 06:00:00,0.108,260.565,0.526,50.04,BR49,6,2,0
2020-02-05 07:00:00,0.125,256.0595,0.58,49.9715,BR49,7,2,0
2020-02-05 08:00:00,0.734,252.1965,3.233,49.9375,BR49,8,2,0
2020-02-05 09:00:00,0.802,251.0365,3.212,49.9085,BR49,9,2,0
2020-02-05 10:00:00,0.789,252.538,3.1595,50.0355,BR49,10,2,0
2020-02-05 11:00:00,0.114,253.989,0.5785,50.0105,BR49,11,2,0
2020-02-05 12:00:00,0.116,256.997,0.571,49.9805,BR49,12,2,0
2020-02-05 13:00:00,0.214,260.6065,1.025,50.0225,BR49,13,2,0
2020-02-05 14:00:00,0.474,259.0625,2.229,50.008,BR49,14,2,0
2020-02-05 15:00:00,0.133,208.5685,0.724,40.0135,BR49,15,2,0
2020-02-05 16:00:00,0.249,259.9725,1.075,50.0,BR49,16,2,0
2020-02-05 17:00:00,0.68,256.214,2.673,49.9955,BR49,17,2,0
2020-02-05 18:00:00,0.788,253.144,3.1505,49.992,BR49,18,2,0
2020-02-05 19:00:00,0.251,252.65,1.083,50.007,BR49,19,2,0
2020-02-05 20:00:00,0.705,253.836,2.8225,50.0115,BR49,20,2,0
2020-02-05 21:00:00,0.87,256.88800000000003,3.403,50.0085,BR49,21,2,0
2020-02-05 22:00:00,0.63,259.597,2.473,50.0195,BR49,22,2,0
2020-02-05 23:00:00,0.216,262.6575,0.9325,49.9935,BR49,23,2,0
2020-02-06 00:00:00,0.104,264.62800000000004,0.5575,49.99,BR49,0,3,0
2020-02-06 01:00:00,0.104,264.9,0.5519999999999999,49.9505,BR49,1,3,0
2020-02-06 02:00:00,0.078,265.434,0.4825,50.0185,BR49,2,3,0
2020-02-06 03:00:00,0.073,265.4475,0.473,49.9885,BR49,3,3,0
2020-02-06 04:00:00,0.054,265.05100000000004,0.412,49.957,BR49,4,3,0
2020-02-06 05:00:00,0.075,262.602,0.4549999999999999,49.9965,BR49,5,3,0
2020-02-06 06:00:00,0.076,260.9515,0.4474999999999999,49.999,BR49,6,3,0
2020-02-06 07:00:00,0.095,257.204,0.484,49.947,BR49,7,3,0
2020-02-06 08:00:00,0.876,254.502,3.6185,50.02,BR49,8,3,0
2020-02-06 09:00:00,0.437,251.621,1.842,49.9935,BR49,9,3,0
2020-02-06 10:00:00,0.528,252.9345,2.2845,50.042,BR49,10,3,0
2020-02-06 11:00:00,0.17,254.901,0.8009999999999999,50.015,BR49,11,3,0
2020-02-06 12:00:00,0.134,256.991,0.6875,49.9825,BR49,12,3,0
2020-02-06 13:00:00,0.072,260.6075,0.4775,50.027,BR49,13,3,0
2020-02-06 14:00:00,0.082,260.256,0.5005,49.998000000000005,BR49,14,3,0
2020-02-06 15:00:00,0.112,262.649,0.5795,50.001,BR49,15,3,0
2020-02-06 16:00:00,0.125,169.7345,0.539,32.514,BR49,16,3,0
2020-02-06 17:00:00,0.212,260.1085,1.179,49.9975,BR49,17,3,0
2020-02-06 18:00:00,0.163,258.3335,0.7495,49.9685,BR49,18,3,0
2020-02-06 19:00:00,0.4679999999999999,253.633,1.91,49.9995,BR49,19,3,0
2020-02-06 20:00:00,0.793,253.861,3.1545,50.001,BR49,20,3,0
2020-02-06 21:00:00,0.821,256.8215,3.2375,50.017,BR49,21,3,0
2020-02-06 22:00:00,0.8099999999999999,258.06350000000003,3.1815,50.017,BR49,22,3,0
2020-02-06 23:00:00,0.508,261.933,2.035,50.0185,BR49,23,3,0
2020-02-07 00:00:00,0.097,264.519,0.567,50.012,BR49,0,4,0
2020-02-07 01:00:00,0.073,265.2935,0.503,50.022000000000006,BR49,1,4,0
2020-02-07 02:00:00,0.06,265.3725,0.465,50.0255,BR49,2,4,0
2020-02-07 03:00:00,0.06,265.2375,0.4669999999999999,49.9515,BR49,3,4,0
2020-02-07 04:00:00,0.058,264.7605,0.4575,49.986,BR49,4,4,0
2020-02-07 05:00:00,0.052,262.569,0.436,50.025,BR49,5,4,0
2020-02-07 06:00:00,0.056,260.35450000000003,0.4355,50.0115,BR49,6,4,0
2020-02-07 07:00:00,0.476,255.49650000000003,2.0085,49.9485,BR49,7,4,0
2020-02-07 08:00:00,1.184,252.345,4.785500000000001,50.0445,BR49,8,4,0
2020-02-07 09:00:00,0.732,251.452,2.9695,50.0205,BR49,9,4,0
2020-02-07 10:00:00,0.362,252.4745,1.5025,50.0045,BR49,10,4,0
2020-02-07 11:00:00,0.248,253.066,1.0775,50.002,BR49,11,4,0
2020-02-07 12:00:00,0.571,254.906,2.5095,49.9485,BR49,12,4,0
2020-02-07 13:00:00,0.353,260.5705,1.5195,50.0285,BR49,13,4,0
2020-02-07 14:00:00,0.262,259.7245,1.11,49.9445,BR49,14,4,0
2020-02-07 15:00:00,0.144,258.4565,0.671,49.9975,BR49,15,4,0
2020-02-07 16:00:00,0.146,257.3835,0.6825,49.993,BR49,16,4,0
2020-02-07 17:00:00,0.151,205.1085,0.8425,40.002,BR49,17,4,0
2020-02-07 18:00:00,0.967,252.59,3.9525,49.999,BR49,18,4,0
2020-02-07 19:00:00,1.279,250.747,5.245,50.0145,BR49,19,4,0
2020-02-07 20:00:00,0.7899999999999999,252.9255,3.1830000000000003,49.959500000000006,BR49,20,4,0
2020-02-07 21:00:00,1.087,256.5555,4.264,49.992,BR49,21,4,0
2020-02-07 22:00:00,1.097,258.2765,4.272,50.027,BR49,22,4,0
2020-02-07 23:00:00,0.217,262.065,0.9575,50.0285,BR49,23,4,0
2020-02-08 00:00:00,0.099,264.486,0.5445,50.028,BR49,0,5,1
2020-02-08 01:00:00,0.099,264.314,0.554,50.033,BR49,1,5,1
2020-02-08 02:00:00,0.075,264.475,0.469,50.022000000000006,BR49,2,5,1
2020-02-08 03:00:00,0.12,264.5965,0.6005,49.9985,BR49,3,5,1
2020-02-08 04:00:00,0.084,264.021,0.5085,50.019,BR49,4,5,1
2020-02-08 05:00:00,0.068,261.5435,0.436,50.006,BR49,5,5,1
2020-02-08 06:00:00,0.079,259.5735,0.5035000000000001,50.053,BR49,6,5,1
2020-02-08 07:00:00,0.075,254.95300000000003,0.4634999999999999,49.9845,BR49,7,5,1
2020-02-08 08:00:00,0.42,252.854,1.867,49.991,BR49,8,5,1
2020-02-08 09:00:00,0.6980000000000001,252.2645,2.7905,49.919,BR49,9,5,1
2020-02-08 10:00:00,0.69,256.48400000000004,2.7255,50.0255,BR49,10,5,1
2020-02-08 11:00:00,0.2779999999999999,258.0085,1.312,50.0075,BR49,11,5,1
2020-02-08 12:00:00,0.117,259.5605,0.6214999999999999,49.957,BR49,12,5,1
2020-02-08 13:00:00,0.339,260.476,1.7065,50.019,BR49,13,5,1
2020-02-08 14:00:00,0.149,248.657,0.788,47.4885,BR49,14,5,1
2020-02-08 15:00:00,0.087,207.7055,0.5755,40.0,BR49,15,5,1
2020-02-08 16:00:00,0.13,258.925,0.666,49.9915,BR49,16,5,1
2020-02-08 17:00:00,0.208,255.6235,0.9305,49.9755,BR49,17,5,1
2020-02-08 18:00:00,0.244,253.77,1.045,50.004000000000005,BR49,18,5,1
2020-02-08 19:00:00,0.179,253.459,0.7969999999999999,50.001,BR49,19,5,1
2020-02-08 20:00:00,0.242,254.7695,1.054,49.986,BR49,20,5,1
2020-02-08 21:00:00,0.591,256.3125,2.3955,49.9515,BR49,21,5,1
2020-02-08 22:00:00,0.243,259.3205,1.0965,49.995,BR49,22,5,1
2020-02-08 23:00:00,0.265,260.953,1.12,50.0445,BR49,23,5,1
2020-02-09 00:00:00,0.118,262.632,0.6155,50.0275,BR49,0,6,1
2020-02-09 01:00:00,0.129,263.32,0.6285000000000001,49.982,BR49,1,6,1
2020-02-09 02:00:00,0.11,263.459,0.601,49.993,BR49,2,6,1
2020-02-09 03:00:00,0.071,263.5905,0.4604999999999999,49.9805,BR49,3,6,1
2020-02-09 04:00:00,0.067,262.9855,0.438,49.9895,BR49,4,6,1
2020-02-09 05:00:00,0.062,261.074,0.4205,50.010000000000005,BR49,5,6,1
2020-02-09 06:00:00,0.059,261.516,0.411,50.093,BR49,6,6,1
2020-02-09 07:00:00,0.094,257.1595,0.4984999999999999,49.9775,BR49,7,6,1
2020-02-09 08:00:00,0.133,252.718,0.6305,49.9415,BR49,8,6,1
2020-02-09 09:00:00,0.65,249.0505,2.9,49.988,BR49,9,6,1
2020-02-09 10:00:00,0.2019999999999999,254.1735,0.8800000000000001,50.04,BR49,10,6,1
2020-02-09 11:00:00,0.119,259.2065,0.6155,49.996,BR49,11,6,1
2020-02-09 12:00:00,0.13,262.074,0.639,49.9995,BR49,12,6,1
2020-02-09 13:00:00,0.404,261.13800000000003,1.9115,50.0505,BR49,13,6,1
2020-02-09 14:00:00,0.226,260.1855,0.9955,50.006,BR49,14,6,1
2020-02-09 15:00:00,0.049,104.1715,0.3125,20.0165,BR49,15,6,1
2020-02-09 16:00:00,0.0,0.0,0.0,0.0,BR49,16,6,1
2020-02-09 17:00:00,0.259,221.612,1.514,42.4915,BR49,17,6,1
2020-02-09 18:00:00,0.221,257.0745,1.105,50.02,BR49,18,6,1
2020-02-09 19:00:00,0.246,254.91950000000003,1.081,50.005,BR49,19,6,1
2020-02-09 20:00:00,0.504,254.917,2.0395,50.0395,BR49,20,6,1
2020-02-09 21:00:00,1.052,256.48400000000004,4.306,50.0575,BR49,21,6,1
2020-02-09 22:00:00,0.572,256.1605,2.4425,50.001,BR49,22,6,1
2020-02-09 23:00:00,0.274,260.5265,1.2075,50.0755,BR49,23,6,1
2020-02-10 00:00:00,0.186,261.5435,0.92,50.0425,BR49,0,0,0
2020-02-10 01:00:00,0.167,262.8315,0.8515,50.0165,BR49,1,0,0
2020-02-10 02:00:00,0.111,263.574,0.713,50.015,BR49,2,0,0
2020-02-10 03:00:00,0.099,264.0475,0.6875,50.0295,BR49,3,0,0
2020-02-10 04:00:00,0.098,263.91700000000003,0.6839999999999999,50.0425,BR49,4,0,0
2020-02-10 05:00:00,0.087,261.775,0.6515000000000001,49.9765,BR49,5,0,0
2020-02-10 06:00:00,0.133,261.018,0.7605000000000001,49.986,BR49,6,0,0
2020-02-10 07:00:00,0.78,257.3185,3.2405,50.0095,BR49,7,0,0
2020-02-10 08:00:00,1.049,254.8165,4.214,50.04,BR49,8,0,0
2020-02-10 09:00:00,1.095,250.0705,4.4035,50.0365,BR49,9,0,0
2020-02-10 10:00:00,0.464,251.58,1.9255,50.0485,BR49,10,0,0
2020-02-10 11:00:00,0.098,254.2805,0.544,50.0285,BR49,11,0,0
2020-02-10 12:00:00,0.131,245.0485,0.77,47.6285,BR49,12,0,0
2020-02-10 13:00:00,0.183,260.16,0.8855000000000001,49.999,BR49,13,0,0
2020-02-10 14:00:00,0.202,257.4605,1.015,49.9935,BR49,14,0,0
2020-02-10 15:00:00,0.105,257.218,0.5675,49.9995,BR49,15,0,0
2020-02-10 16:00:00,0.097,256.46500000000003,0.5615,50.0235,BR49,16,0,0
2020-02-10 17:00:00,0.14,257.7335,0.7144999999999999,50.0305,BR49,17,0,0
2020-02-10 18:00:00,0.462,253.9015,1.9265,50.043,BR49,18,0,0
2020-02-10 19:00:00,0.356,253.8855,1.5035,50.052,BR49,19,0,0
2020-02-10 20:00:00,0.379,254.8205,1.6105,50.0705,BR49,20,0,0
2020-02-10 21:00:00,0.709,254.891,2.959,49.991,BR49,21,0,0
2020-02-10 22:00:00,0.76,254.752,3.033,49.9875,BR49,22,0,0
2020-02-10 23:00:00,0.448,258.822,1.7995,50.059000000000005,BR49,23,0,0
2020-02-11 00:00:00,0.122,261.024,0.6295,50.0155,BR49,0,1,0
2020-02-11 01:00:00,0.093,262.087,0.531,50.004,BR49,1,1,0
2020-02-11 02:00:00,0.091,262.2525,0.537,49.955,BR49,2,1,0
2020-02-11 03:00:00,0.089,262.7695,0.5255,50.033,BR49,3,1,0
2020-02-11 04:00:00,0.13,261.9045,0.6585,49.97,BR49,4,1,0
2020-02-11 05:00:00,0.099,259.4515,0.5585,49.9525,BR49,5,1,0
2020-02-11 06:00:00,0.09,259.56550000000004,0.5065000000000001,49.9885,BR49,6,1,0
2020-02-11 07:00:00,0.243,258.1855,1.2440000000000002,49.984,BR49,7,1,0
2020-02-11 08:00:00,0.685,256.4475,2.852,50.0525,BR49,8,1,0
2020-02-11 09:00:00,0.7210000000000001,251.115,2.9035,50.0425,BR49,9,1,0
2020-02-11 10:00:00,0.4,247.9315,1.6505,50.0305,BR49,10,1,0
2020-02-11 11:00:00,0.548,250.7755,2.4685,50.0185,BR49,11,1,0
2020-02-11 12:00:00,0.196,256.3705,0.974,49.983,BR49,12,1,0
2020-02-11 13:00:00,0.168,258.35450000000003,0.786,50.0065,BR49,13,1,0
2020-02-11 14:00:00,0.14,255.9615,0.6645,50.017,BR49,14,1,0
2020-02-11 15:00:00,0.112,256.7595,0.5814999999999999,50.0075,BR49,15,1,0
2020-02-11 16:00:00,0.12,256.8525,0.6054999999999999,49.947,BR49,16,1,0
2020-02-11 17:00:00,0.249,256.431,1.0935,49.9745,BR49,17,1,0
2020-02-11 18:00:00,0.545,251.9915,2.2015,50.003,BR49,18,1,0
2020-02-11 19:00:00,0.208,251.6945,0.917,50.024,BR49,19,1,0
2020-02-11 20:00:00,0.368,254.1115,1.5985,50.0365,BR49,20,1,0
2020-02-11 21:00:00,0.398,257.582,1.6170000000000002,50.0435,BR49,21,1,0
2020-02-11 22:00:00,0.498,258.9395,1.9875,50.042,BR49,22,1,0
2020-02-11 23:00:00,0.185,262.0565,0.833,50.0365,BR49,23,1,0
2020-02-12 00:00:00,0.16,264.1795,0.7605000000000001,50.0515,BR49,0,2,0
2020-02-12 01:00:00,0.095,264.5785,0.5795,50.0165,BR49,1,2,0
2020-02-12 02:00:00,0.062,264.954,0.485,49.9975,BR49,2,2,0
2020-02-12 03:00:00,0.055,265.347,0.4695,49.9745,BR49,3,2,0
2020-02-12 04:00:00,0.063,264.8995,0.4825,49.985,BR49,4,2,0
2020-02-12 05:00:00,0.055,261.6835,0.4535,49.9775,BR49,5,2,0
2020-02-12 06:00:00,0.067,259.8225,0.47,50.0025,BR49,6,2,0
2020-02-12 07:00:00,0.088,255.202,0.5125,50.013,BR49,7,2,0
2020-02-12 08:00:00,0.679,253.2925,2.9605,50.023,BR49,8,2,0
2020-02-12 09:00:00,0.136,251.5185,0.662,50.0215,BR49,9,2,0
2020-02-12 10:00:00,0.252,252.802,1.095,50.012,BR49,10,2,0
2020-02-12 11:00:00,0.138,254.805,0.666,49.9975,BR49,11,2,0
2020-02-12 12:00:00,0.11,258.3325,0.58,49.963,BR49,12,2,0
2020-02-12 13:00:00,0.179,261.92150000000004,0.9985,49.999,BR49,13,2,0
2020-02-12 14:00:00,0.197,261.115,1.0074999999999998,49.973,BR49,14,2,0
2020-02-12 15:00:00,0.133,259.304,0.679,49.9975,BR49,15,2,0
2020-02-12 16:00:00,0.28,231.306,1.3195,44.9805,BR49,16,2,0
2020-02-12 17:00:00,0.425,258.4515,1.748,49.9375,BR49,17,2,0
2020-02-12 18:00:00,0.412,254.301,1.6865,49.9445,BR49,18,2,0
2020-02-12 19:00:00,0.23,253.5875,0.994,50.037,BR49,19,2,0
2020-02-12 20:00:00,0.699,256.46950000000004,2.7825,50.018,BR49,20,2,0
2020-02-12 21:00:00,1.007,257.76300000000003,3.9435,50.02,BR49,21,2,0
2020-02-12 22:00:00,0.26,260.4305,1.128,50.001,BR49,22,2,0
2020-02-12 23:00:00,0.495,262.9745,2.194,49.9755,BR49,23,2,0
2020-02-13 00:00:00,0.103,264.577,0.5995,49.935500000000005,BR49,0,3,0
2020-02-13 01:00:00,0.092,265.187,0.562,49.9465,BR49,1,3,0
2020-02-13 02:00:00,0.074,265.668,0.5045,49.9575,BR49,2,3,0
2020-02-13 03:00:00,0.062,265.4125,0.478,49.9675,BR49,3,3,0
2020-02-13 04:00:00,0.066,264.67,0.484,49.9925,BR49,4,3,0
2020-02-13 05:00:00,0.093,261.8485,0.538,49.99,BR49,5,3,0
2020-02-13 06:00:00,0.141,259.6245,0.6779999999999999,49.9485,BR49,6,3,0
2020-02-13 07:00:00,0.254,255.321,1.1115,49.993,BR49,7,3,0
2020-02-13 08:00:00,1.006,250.59,4.1065,50.001,BR49,8,3,0
2020-02-13 09:00:00,0.497,250.99650000000003,2.0625,50.0225,BR49,9,3,0
2020-02-13 10:00:00,0.367,252.7825,1.527,50.0125,BR49,10,3,0
2020-02-13 11:00:00,0.132,257.56350000000003,0.702,50.0325,BR49,11,3,0
2020-02-13 12:00:00,0.286,259.46,1.6125,50.043,BR49,12,3,0
2020-02-13 13:00:00,0.191,262.908,0.9795,50.0485,BR49,13,3,0
2020-02-13 14:00:00,0.115,261.9275,0.6025,49.9905,BR49,14,3,0
2020-02-13 15:00:00,0.11,260.2795,0.583,49.958,BR49,15,3,0
2020-02-13 16:00:00,0.096,257.241,0.534,49.923,BR49,16,3,0
2020-02-13 17:00:00,0.101,258.653,0.619,49.9275,BR49,17,3,0
2020-02-13 18:00:00,0.1989999999999999,257.4285,0.906,49.9805,BR49,18,3,0
2020-02-13 19:00:00,0.2,253.954,0.8875,49.962,BR49,19,3,0
2020-02-13 20:00:00,0.5369999999999999,256.4465,2.4425,49.9845,BR49,20,3,0
2020-02-13 21:00:00,0.877,257.551,4.042,49.986,BR49,21,3,0
2020-02-13 22:00:00,0.956,259.5135,4.303,50.011,BR49,22,3,0
2020-02-13 23:00:00,0.814,261.7205,3.723,49.994,BR49,23,3,0
2020-02-14 00:00:00,0.095,264.3505,0.583,49.975,BR49,0,4,0
2020-02-14 01:00:00,0.077,264.101,0.5225000000000001,49.954,BR49,1,4,0
2020-02-14 02:00:00,0.143,264.82,0.7144999999999999,49.995,BR49,2,4,0
2020-02-14 03:00:00,0.066,265.3755,0.4935,50.0385,BR49,3,4,0
2020-02-14 04:00:00,0.06,264.174,0.4735,49.9345,BR49,4,4,0
2020-02-14 05:00:00,0.056,261.4095,0.4535,49.9765,BR49,5,4,0
2020-02-14 06:00:00,0.155,259.131,0.7205,49.939,BR49,6,4,0
2020-02-14 07:00:00,0.379,255.3575,1.5675,49.955,BR49,7,4,0
2020-02-14 08:00:00,0.476,253.35100000000003,2.0315000000000003,50.0155,BR49,8,4,0
2020-02-14 09:00:00,0.261,250.849,1.133,50.005,BR49,9,4,0
2020-02-14 10:00:00,0.2309999999999999,252.6425,1.037,50.017,BR49,10,4,0
2020-02-14 11:00:00,0.227,255.3225,1.043,50.0275,BR49,11,4,0
2020-02-14 12:00:00,0.551,256.86350000000004,2.508,49.983,BR49,12,4,0
2020-02-14 13:00:00,0.138,261.998,0.6970000000000001,50.03,BR49,13,4,0
2020-02-14 14:00:00,0.128,262.23850000000004,0.6715,50.0155,BR49,14,4,0
2020-02-14 15:00:00,0.172,258.947,0.8145,50.0155,BR49,15,4,0
2020-02-14 16:00:00,0.116,257.8965,0.644,49.964,BR49,16,4,0
2020-02-14 17:00:00,0.12,258.34250000000003,0.64,50.0155,BR49,17,4,0
2020-02-14 18:00:00,0.785,253.9415,3.1625,49.995,BR49,18,4,0
2020-02-14 19:00:00,0.658,252.477,2.6825,50.011,BR49,19,4,0
2020-02-14 20:00:00,0.884,254.9975,3.6635,50.0285,BR49,20,4,0
2020-02-14 21:00:00,0.559,257.8085,2.239,50.0225,BR49,21,4,0
2020-02-14 22:00:00,0.219,260.619,0.953,49.9915,BR49,22,4,0
2020-02-14 23:00:00,0.197,263.01300000000003,0.8825,49.9825,BR49,23,4,0
2020-02-15 00:00:00,0.105,264.335,0.5985,49.9525,BR49,0,5,1
2020-02-15 01:00:00,0.068,265.208,0.509,50.014,BR49,1,5,1
2020-02-15 02:00:00,0.061,265.9845,0.4855,50.0295,BR49,2,5,1
2020-02-15 03:00:00,0.058,266.185,0.4735,50.037,BR49,3,5,1
2020-02-15 04:00:00,0.063,265.2025,0.482,50.0115,BR49,4,5,1
2020-02-15 05:00:00,0.067,262.774,0.4785,49.9745,BR49,5,5,1
2020-02-15 06:00:00,0.06,260.1495,0.4549999999999999,50.0205,BR49,6,5,1
2020-02-15 07:00:00,0.089,256.096,0.518,50.013,BR49,7,5,1
2020-02-15 08:00:00,0.186,255.0895,0.8720000000000001,50.0045,BR49,8,5,1
2020-02-15 09:00:00,0.902,252.3635,3.617,50.017,BR49,9,5,1
2020-02-15 10:00:00,0.571,256.3995,2.2805,50.021,BR49,10,5,1
2020-02-15 11:00:00,0.293,256.2245,1.433,50.0185,BR49,11,5,1
2020-02-15 12:00:00,0.189,254.394,1.052,49.9675,BR49,12,5,1
2020-02-15 13:00:00,0.1,219.736,0.623,42.501,BR49,13,5,1
2020-02-15 14:00:00,0.115,258.751,0.6425,50.007,BR49,14,5,1
2020-02-15 15:00:00,0.177,243.9775,0.983,47.458,BR49,15,5,1
2020-02-15 16:00:00,0.11,257.23,0.6180000000000001,49.9715,BR49,16,5,1
2020-02-15 17:00:00,0.118,258.8125,0.6140000000000001,50.028000000000006,BR49,17,5,1
2020-02-15 18:00:00,0.173,254.9025,0.7975,49.9885,BR49,18,5,1
2020-02-15 19:00:00,0.192,202.639,0.968,39.993,BR49,19,5,1
2020-02-15 20:00:00,0.508,255.24050000000005,2.0665,50.0115,BR49,20,5,1
2020-02-15 21:00:00,0.352,259.195,1.443,50.021,BR49,21,5,1
2020-02-15 22:00:00,0.191,259.6055,0.841,50.003,BR49,22,5,1
2020-02-15 23:00:00,0.155,261.6255,0.759,50.004000000000005,BR49,23,5,1
2020-02-16 00:00:00,0.091,262.894,0.5605,50.015,BR49,0,6,1
2020-02-16 01:00:00,0.083,263.814,0.5309999999999999,50.0415,BR49,1,6,1
2020-02-16 02:00:00,0.08,264.143,0.5205,50.034000000000006,BR49,2,6,1
2020-02-16 03:00:00,0.1389999999999999,263.698,0.708,50.029,BR49,3,6,1
2020-02-16 04:00:00,0.063,263.7255,0.4915,50.009,BR49,4,6,1
2020-02-16 05:00:00,0.061,261.64250000000004,0.482,49.9745,BR49,5,6,1
2020-02-16 06:00:00,0.26,260.339,1.374,49.996,BR49,6,6,1
2020-02-16 07:00:00,0.142,257.1985,0.776,49.9665,BR49,7,6,1
2020-02-16 08:00:00,0.301,254.4165,1.308,50.029,BR49,8,6,1
2020-02-16 09:00:00,0.76,248.4045,3.135,50.009,BR49,9,6,1
2020-02-16 10:00:00,0.457,250.5265,1.8955,50.0105,BR49,10,6,1
2020-02-16 11:00:00,0.464,251.531,2.1375,49.988,BR49,11,6,1
2020-02-16 12:00:00,0.265,229.5575,1.3325,44.9835,BR49,12,6,1
2020-02-16 13:00:00,0.203,259.3155,0.992,50.0495,BR49,13,6,1
2020-02-16 14:00:00,0.137,259.4825,0.678,50.060500000000005,BR49,14,6,1
2020-02-16 15:00:00,0.429,258.4455,2.275,49.982,BR49,15,6,1
2020-02-16 16:00:00,0.126,260.93,0.6425000000000001,49.9725,BR49,16,6,1
2020-02-16 17:00:00,0.125,260.5305,0.6285000000000001,50.03,BR49,17,6,1
2020-02-16 18:00:00,0.314,256.124,1.322,50.0435,BR49,18,6,1
2020-02-16 19:00:00,0.397,254.7675,1.6715,50.022,BR49,19,6,1
2020-02-16 20:00:00,0.503,256.887,2.056,50.022000000000006,BR49,20,6,1
2020-02-16 21:00:00,0.537,259.2125,2.1735,50.0105,BR49,21,6,1
2020-02-16 22:00:00,0.3429999999999999,260.7095,1.459,49.961,BR49,22,6,1
2020-02-16 23:00:00,0.26,263.0975,1.1825,49.977,BR49,23,6,1
2020-02-17 00:00:00,0.106,264.299,0.633,49.987,BR49,0,0,0
2020-02-17 01:00:00,0.075,264.662,0.4565,50.0245,BR49,1,0,0
2020-02-17 02:00:00,0.061,264.796,0.4875,50.04600000000001,BR49,2,0,0
2020-02-17 03:00:00,0.057,265.339,0.473,50.035,BR49,3,0,0
2020-02-17 04:00:00,0.064,264.64050000000003,0.488,49.991,BR49,4,0,0
2020-02-17 05:00:00,0.061,261.474,0.473,50.008500000000005,BR49,5,0,0
2020-02-17 06:00:00,0.062,259.0155,0.471,50.0315,BR49,6,0,0
2020-02-17 07:00:00,0.057,253.975,0.438,49.9875,BR49,7,0,0
2020-02-17 08:00:00,0.492,251.5015,2.0305,50.027,BR49,8,0,0
2020-02-17 09:00:00,0.48,249.413,2.125,49.98,BR49,9,0,0
2020-02-17 10:00:00,0.171,250.124,0.8125,49.9995,BR49,10,0,0
2020-02-17 11:00:00,0.098,189.181,0.501,37.4985,BR49,11,0,0
2020-02-17 12:00:00,0.142,242.62150000000003,0.858,47.4955,BR49,12,0,0
2020-02-17 13:00:00,0.119,259.774,0.6174999999999999,50.0295,BR49,13,0,0
2020-02-17 14:00:00,0.069,142.7575,0.4435,27.4955,BR49,14,0,0
2020-02-17 15:00:00,0.145,167.4945,0.993,32.457,BR49,15,0,0
2020-02-17 16:00:00,0.152,259.007,0.9095,50.003,BR49,16,0,0
2020-02-17 17:00:00,0.197,260.4645,0.925,50.006,BR49,17,0,0
2020-02-17 18:00:00,0.198,258.11350000000004,0.8755000000000001,50.0295,BR49,18,0,0
2020-02-17 19:00:00,0.385,257.084,1.5935,50.0095,BR49,19,0,0
2020-02-17 20:00:00,0.347,258.846,1.44,50.0205,BR49,20,0,0
2020-02-17 21:00:00,0.564,258.112,2.24,50.057,BR49,21,0,0
2020-02-17 22:00:00,0.6869999999999999,256.554,2.7235,49.969,BR49,22,0,0
2020-02-17 23:00:00,0.176,260.2035,0.8275,50.0065,BR49,23,0,0
2020-02-18 00:00:00,0.091,261.499,0.5475,49.9785,BR49,0,1,0
2020-02-18 01:00:00,0.078,261.959,0.52,49.935500000000005,BR49,1,1,0
2020-02-18 02:00:00,0.064,262.4235,0.4915,49.971,BR49,2,1,0
2020-02-18 03:00:00,0.066,263.339,0.499,49.989,BR49,3,1,0
2020-02-18 04:00:00,0.064,262.4015,0.4875,49.994,BR49,4,1,0
2020-02-18 05:00:00,0.06,259.90700000000004,0.471,49.945,BR49,5,1,0
2020-02-18 06:00:00,0.263,257.319,1.408,49.987,BR49,6,1,0
2020-02-18 07:00:00,0.127,252.7285,0.713,49.922,BR49,7,1,0
2020-02-18 08:00:00,0.547,252.8475,2.2185,50.0215,BR49,8,1,0
2020-02-18 09:00:00,0.486,251.391,1.993,50.039,BR49,9,1,0
2020-02-18 10:00:00,0.13,250.816,0.6685000000000001,50.0075,BR49,10,1,0
2020-02-18 11:00:00,0.081,254.043,0.504,50.0195,BR49,11,1,0
2020-02-18 12:00:00,0.47,256.632,2.136,49.992,BR49,12,1,0
2020-02-18 13:00:00,0.21,247.2735,1.056,47.528,BR49,13,1,0
2020-02-18 14:00:00,0.108,232.78000000000003,0.6910000000000001,45.0165,BR49,14,1,0
2020-02-18 15:00:00,0.101,256.838,0.625,49.971,BR49,15,1,0
2020-02-18 16:00:00,0.256,256.1555,1.2925,49.969,BR49,16,1,0
2020-02-18 17:00:00,0.134,257.1635,0.7075,50.009,BR49,17,1,0
2020-02-18 18:00:00,0.39,253.541,1.6375,49.9815,BR49,18,1,0
2020-02-18 19:00:00,0.242,253.487,1.048,49.995,BR49,19,1,0
2020-02-18 20:00:00,0.204,256.658,0.8869999999999999,49.9995,BR49,20,1,0
2020-02-18 21:00:00,0.215,259.3125,0.925,49.978,BR49,21,1,0
2020-02-18 22:00:00,0.378,259.9195,1.5425,49.9865,BR49,22,1,0
2020-02-18 23:00:00,0.247,262.8005,1.0585,49.9895,BR49,23,1,0
2020-02-19 00:00:00,0.101,264.775,0.586,49.9545,BR49,0,2,0
2020-02-19 01:00:00,0.084,266.23400000000004,0.5415,50.026,BR49,1,2,0
2020-02-19 02:00:00,0.12,266.1795,0.6415,50.018,BR49,2,2,0
2020-02-19 03:00:00,0.112,266.351,0.639,50.0475,BR49,3,2,0
2020-02-19 04:00:00,0.067,265.7535,0.4985,50.023,BR49,4,2,0
2020-02-19 05:00:00,0.07,262.8245,0.4885,50.029,BR49,5,2,0
2020-02-19 06:00:00,0.1,258.3265,0.5595,50.008,BR49,6,2,0
2020-02-19 07:00:00,0.325,254.341,1.642,49.9895,BR49,7,2,0
2020-02-19 08:00:00,0.326,252.37,1.4195,50.0405,BR49,8,2,0
2020-02-19 09:00:00,0.639,249.2935,2.5855,50.006,BR49,9,2,0
2020-02-19 10:00:00,0.498,247.5915,2.066,49.9815,BR49,10,2,0
2020-02-19 11:00:00,0.397,251.66350000000003,1.841,50.03,BR49,11,2,0
2020-02-19 12:00:00,0.322,255.552,1.379,49.934,BR49,12,2,0
2020-02-19 13:00:00,0.118,259.57800000000003,0.631,50.0105,BR49,13,2,0
2020-02-19 14:00:00,0.117,205.409,0.7115,39.9675,BR49,14,2,0
2020-02-19 15:00:00,0.1,258.4975,0.5805,50.010000000000005,BR49,15,2,0
2020-02-19 16:00:00,0.248,258.381,1.0870000000000002,49.9565,BR49,16,2,0
2020-02-19 17:00:00,0.137,258.7325,0.6719999999999999,49.9635,BR49,17,2,0
2020-02-19 18:00:00,0.142,255.8395,0.6745,50.016000000000005,BR49,18,2,0
2020-02-19 19:00:00,0.258,255.162,1.115,50.027,BR49,19,2,0
2020-02-19 20:00:00,0.216,258.396,0.951,49.9935,BR49,20,2,0
2020-02-19 21:00:00,0.2789999999999999,260.35299999999995,1.1825,50.012,BR49,21,2,0
2020-02-19 22:00:00,0.568,260.9035,2.54,50.0035,BR49,22,2,0
2020-02-19 23:00:00,0.303,263.90250000000003,1.42,50.033,BR49,23,2,0
2020-02-20 00:00:00,0.096,265.005,0.569,50.005,BR49,0,3,0
2020-02-20 01:00:00,0.094,265.528,0.5655,50.021,BR49,1,3,0
2020-02-20 02:00:00,0.082,266.0035,0.5355,50.028,BR49,2,3,0
2020-02-20 03:00:00,0.079,265.65700000000004,0.5305,50.021,BR49,3,3,0
2020-02-20 04:00:00,0.079,265.6685,0.5225,50.0675,BR49,4,3,0
2020-02-20 05:00:00,0.072,262.172,0.4974999999999999,50.022000000000006,BR49,5,3,0
2020-02-20 06:00:00,0.083,258.296,0.514,49.981,BR49,6,3,0
2020-02-20 07:00:00,0.164,254.1025,0.7695000000000001,49.986,BR49,7,3,0
2020-02-20 08:00:00,0.282,251.527,1.246,49.9525,BR49,8,3,0
2020-02-20 09:00:00,0.17,253.2105,0.792,50.0195,BR49,9,3,0
2020-02-20 10:00:00,0.208,253.5735,0.9385,50.027,BR49,10,3,0
2020-02-20 11:00:00,0.239,241.9135,1.2145,47.516,BR49,11,3,0
2020-02-20 12:00:00,0.544,256.1735,2.547,50.025,BR49,12,3,0
2020-02-20 13:00:00,0.133,260.70050000000003,0.705,50.045,BR49,13,3,0
2020-02-20 14:00:00,0.175,258.4465,0.877,49.989,BR49,14,3,0
2020-02-20 15:00:00,0.1399999999999999,258.2065,0.7695000000000001,49.935500000000005,BR49,15,3,0
2020-02-20 16:00:00,0.139,257.6735,0.6665,49.9705,BR49,16,3,0
2020-02-20 17:00:00,0.164,258.49,0.782,50.0115,BR49,17,3,0
2020-02-20 18:00:00,0.157,110.944,1.0285,22.8445,BR49,18,3,0
2020-02-20 19:00:00,0.479,253.0025,2.314,50.019,BR49,19,3,0
2020-02-20 20:00:00,0.202,257.877,0.9105,50.041,BR49,20,3,0
2020-02-20 21:00:00,0.196,261.0225,0.869,50.012,BR49,21,3,0
2020-02-20 22:00:00,0.274,263.122,1.1425,49.997,BR49,22,3,0
2020-02-20 23:00:00,0.194,266.584,0.8664999999999999,49.997,BR49,23,3,0
2020-02-21 00:00:00,0.127,267.619,0.655,49.9945,BR49,0,4,0
2020-02-21 01:00:00,0.154,267.7805,0.74,49.9995,BR49,1,4,0
2020-02-21 02:00:00,0.101,270.1465,0.6064999999999999,50.0005,BR49,2,4,0
2020-02-21 03:00:00,0.076,271.9375,0.521,50.007,BR49,3,4,0
2020-02-21 04:00:00,0.078,272.3625,0.529,50.033,BR49,4,4,0
2020-02-21 05:00:00,0.077,270.7265,0.517,49.991,BR49,5,4,0
2020-02-21 06:00:00,0.078,269.09250000000003,0.5105,50.041,BR49,6,4,0
2020-02-21 07:00:00,0.093,263.445,0.5205,49.9465,BR49,7,4,0
2020-02-21 08:00:00,0.315,259.166,1.3735,49.9725,BR49,8,4,0
2020-02-21 09:00:00,0.803,257.394,3.566,49.9205,BR49,9,4,0
2020-02-21 10:00:00,0.655,245.046,3.063,47.5185,BR49,10,4,0
2020-02-21 11:00:00,0.119,219.015,0.6805,42.4945,BR49,11,4,0
2020-02-21 12:00:00,0.325,245.147,1.5174999999999998,47.4645,BR49,12,4,0
2020-02-21 13:00:00,0.859,234.502,3.3715,45.0315,BR49,13,4,0
2020-02-21 14:00:00,0.195,143.108,1.0725,27.468,BR49,14,4,0
2020-02-21 15:00:00,0.191,221.839,1.0285,42.4775,BR49,15,4,0
2020-02-21 16:00:00,0.186,260.69,0.8744999999999999,49.988,BR49,16,4,0
2020-02-21 17:00:00,0.165,260.173,0.837,50.02,BR49,17,4,0
2020-02-21 18:00:00,0.218,256.4975,1.0630000000000002,50.0215,BR49,18,4,0
2020-02-21 19:00:00,0.18,257.3525,0.821,50.029,BR49,19,4,0
2020-02-21 20:00:00,0.208,259.0815,0.9405,50.028000000000006,BR49,20,4,0
2020-02-21 21:00:00,0.287,260.78450000000004,1.2645,50.001,BR49,21,4,0
2020-02-21 22:00:00,0.221,262.4485,1.026,49.989,BR49,22,4,0
2020-02-21 23:00:00,0.177,263.9715,0.893,49.955,BR49,23,4,0
2020-02-22 00:00:00,0.12,264.8495,0.678,49.992,BR49,0,5,1
2020-02-22 01:00:00,0.097,265.53200000000004,0.5805,50.0225,BR49,1,5,1
2020-02-22 02:00:00,0.086,266.0355,0.5545,50.0075,BR49,2,5,1
2020-02-22 03:00:00,0.079,266.0715,0.533,50.014,BR49,3,5,1
2020-02-22 04:00:00,0.209,265.29650000000004,1.155,49.985,BR49,4,5,1
2020-02-22 05:00:00,0.079,263.166,0.52,49.986,BR49,5,5,1
2020-02-22 06:00:00,0.085,260.981,0.534,50.003,BR49,6,5,1
2020-02-22 07:00:00,0.39,255.66350000000003,1.934,50.0285,BR49,7,5,1
2020-02-22 08:00:00,0.131,256.46750000000003,0.6735,49.998000000000005,BR49,8,5,1
2020-02-22 09:00:00,0.229,241.10100000000003,1.076,47.448,BR49,9,5,1
2020-02-22 10:00:00,0.167,102.082,0.998,20.016,BR49,10,5,1
2020-02-22 11:00:00,0.356,244.05900000000003,1.974,47.5495,BR49,11,5,1
2020-02-22 12:00:00,0.151,259.3605,0.9565,50.028000000000006,BR49,12,5,1
2020-02-22 13:00:00,0.214,262.11,1.044,50.0315,BR49,13,5,1
2020-02-22 14:00:00,0.219,260.8375,1.0625,49.9645,BR49,14,5,1
2020-02-22 15:00:00,0.128,248.0645,0.795,47.4995,BR49,15,5,1
2020-02-22 16:00:00,0.149,259.76,0.8255000000000001,49.96,BR49,16,5,1
2020-02-22 17:00:00,0.159,260.9735,0.841,49.9915,BR49,17,5,1
2020-02-22 18:00:00,0.1999999999999999,258.46750000000003,0.9575,49.97,BR49,18,5,1
2020-02-22 19:00:00,0.222,256.625,1.0154999999999998,49.9745,BR49,19,5,1
2020-02-22 20:00:00,0.212,257.3865,1.006,50.0335,BR49,20,5,1
2020-02-22 21:00:00,0.352,259.5355,1.66,50.0145,BR49,21,5,1
2020-02-22 22:00:00,0.435,260.4855,2.0,49.996,BR49,22,5,1
2020-02-22 23:00:00,0.138,262.803,0.6980000000000001,49.9935,BR49,23,5,1
2020-02-23 00:00:00,0.08,264.11350000000004,0.5385000000000001,49.9505,BR49,0,6,1
2020-02-23 01:00:00,0.095,265.21,0.6385,49.977,BR49,1,6,1
2020-02-23 02:00:00,0.099,265.12600000000003,0.6595,49.965,BR49,2,6,1
2020-02-23 03:00:00,0.156,265.255,0.8175000000000001,49.964,BR49,3,6,1
2020-02-23 04:00:00,0.099,265.09000000000003,0.6665,49.954,BR49,4,6,1
2020-02-23 05:00:00,0.094,263.6355,0.6435000000000001,49.991,BR49,5,6,1
2020-02-23 06:00:00,0.092,260.6535,0.629,50.0325,BR49,6,6,1
2020-02-23 07:00:00,0.119,258.2765,0.6825,50.021,BR49,7,6,1
2020-02-23 08:00:00,0.6980000000000001,254.932,2.846,49.952,BR49,8,6,1
2020-02-23 09:00:00,0.784,253.3,3.4355,50.0035,BR49,9,6,1
2020-02-23 10:00:00,0.193,254.743,0.881,50.022000000000006,BR49,10,6,1
2020-02-23 11:00:00,0.125,217.5545,0.844,42.5385,BR49,11,6,1
2020-02-23 12:00:00,0.12,259.091,0.6445000000000001,50.04,BR49,12,6,1
2020-02-23 13:00:00,0.114,262.00550000000004,0.6415,50.043,BR49,13,6,1
2020-02-23 14:00:00,0.07,171.1785,0.4525,32.519,BR49,14,6,1
2020-02-23 15:00:00,0.155,209.3265,1.112,40.005,BR49,15,6,1
2020-02-23 16:00:00,0.109,263.864,0.6705,49.972,BR49,16,6,1
2020-02-23 17:00:00,0.121,262.948,0.6835,50.0565,BR49,17,6,1
2020-02-23 18:00:00,0.167,259.266,0.8005000000000001,50.0115,BR49,18,6,1
2020-02-23 19:00:00,0.209,257.938,0.9555,50.006,BR49,19,6,1
2020-02-23 20:00:00,0.533,258.29,2.1455,49.962,BR49,20,6,1
2020-02-23 21:00:00,0.19,260.944,0.8855000000000001,49.997,BR49,21,6,1
2020-02-23 22:00:00,0.189,261.18600000000004,0.8785000000000001,50.008,BR49,22,6,1
2020-02-23 23:00:00,0.157,263.1575,0.788,50.0565,BR49,23,6,1
2020-02-24 00:00:00,0.064,264.5025,0.4985,50.051,BR49,0,0,0
2020-02-24 01:00:00,0.055,264.5725,0.4835,50.0385,BR49,1,0,0
2020-02-24 02:00:00,0.054,265.295,0.491,50.0395,BR49,2,0,0
2020-02-24 03:00:00,0.054,265.19050000000004,0.4939999999999999,50.0035,BR49,3,0,0
2020-02-24 04:00:00,0.054,264.7685,0.4875,50.0205,BR49,4,0,0
2020-02-24 05:00:00,0.054,262.2705,0.4814999999999999,49.978,BR49,5,0,0
2020-02-24 06:00:00,0.103,259.9625,0.571,49.9505,BR49,6,0,0
2020-02-24 07:00:00,0.6849999999999999,255.28000000000003,2.971,50.0045,BR49,7,0,0
2020-02-24 08:00:00,0.788,254.1685,3.127,50.0055,BR49,8,0,0
2020-02-24 09:00:00,0.587,253.8495,2.3945,49.983,BR49,9,0,0
2020-02-24 10:00:00,0.543,253.7005,2.252,50.0055,BR49,10,0,0
2020-02-24 11:00:00,0.174,216.8645,0.9325,42.5355,BR49,11,0,0
2020-02-24 12:00:00,0.156,192.3735,0.9415,37.4755,BR49,12,0,0
2020-02-24 13:00:00,0.098,245.3145,0.6025,47.5335,BR49,13,0,0
2020-02-24 14:00:00,0.057,219.216,0.43,42.4125,BR49,14,0,0
2020-02-24 15:00:00,0.096,257.6195,0.6845,49.9935,BR49,15,0,0
2020-02-24 16:00:00,0.129,258.733,0.721,49.946,BR49,16,0,0
2020-02-24 17:00:00,0.143,260.12350000000004,0.696,49.977,BR49,17,0,0
2020-02-24 18:00:00,0.138,258.554,0.6679999999999999,49.964,BR49,18,0,0
2020-02-24 19:00:00,0.188,256.09250000000003,0.8414999999999999,49.9815,BR49,19,0,0
2020-02-24 20:00:00,0.152,232.347,0.778,44.9795,BR49,20,0,0
2020-02-24 21:00:00,0.144,259.7735,0.6965,49.947,BR49,21,0,0
2020-02-24 22:00:00,0.199,261.756,0.8640000000000001,49.967,BR49,22,0,0
2020-02-24 23:00:00,0.161,263.669,0.769,49.9495,BR49,23,0,0
2020-02-25 00:00:00,0.096,264.8075,0.562,49.981,BR49,0,1,0
2020-02-25 01:00:00,0.152,264.502,0.73,49.9945,BR49,1,1,0
2020-02-25 02:00:00,0.087,264.1795,0.5429999999999999,49.978,BR49,2,1,0
2020-02-25 03:00:00,0.076,264.135,0.4965,49.9745,BR49,3,1,0
2020-02-25 04:00:00,0.077,263.883,0.493,50.0255,BR49,4,1,0
2020-02-25 05:00:00,0.077,261.6635,0.489,49.947,BR49,5,1,0
2020-02-25 06:00:00,0.403,258.6685,1.971,49.9135,BR49,6,1,0
2020-02-25 07:00:00,0.123,257.0105,0.621,49.9635,BR49,7,1,0
2020-02-25 08:00:00,0.114,256.37,0.5705,49.99,BR49,8,1,0
2020-02-25 09:00:00,0.116,254.3015,0.5770000000000001,49.9445,BR49,9,1,0
2020-02-25 10:00:00,0.145,254.3775,0.6835,50.039,BR49,10,1,0
2020-02-25 11:00:00,0.109,242.671,0.6094999999999999,47.5295,BR49,11,1,0
2020-02-25 12:00:00,0.135,258.1245,0.696,50.0045,BR49,12,1,0
2020-02-25 13:00:00,0.087,260.7845,0.5535,50.04,BR49,13,1,0
2020-02-25 14:00:00,0.09,246.048,0.5225000000000001,47.5035,BR49,14,1,0
2020-02-25 15:00:00,0.11,244.9,0.6495,47.4975,BR49,15,1,0
2020-02-25 16:00:00,0.114,193.1615,0.643,37.516000000000005,BR49,16,1,0
2020-02-25 17:00:00,0.215,259.2045,1.064,49.979,BR49,17,1,0
2020-02-25 18:00:00,0.2319999999999999,256.9465,1.0275,50.013,BR49,18,1,0
2020-02-25 19:00:00,0.282,254.034,1.2605,50.02,BR49,19,1,0
2020-02-25 20:00:00,0.588,256.93600000000004,2.64,49.9375,BR49,20,1,0
2020-02-25 21:00:00,0.688,258.64250000000004,3.1260000000000003,49.955,BR49,21,1,0
2020-02-25 22:00:00,0.187,260.32800000000003,0.8685,50.025,BR49,22,1,0
2020-02-25 23:00:00,0.144,261.761,0.6995,49.9645,BR49,23,1,0
2020-02-26 00:00:00,0.086,263.3685,0.5309999999999999,49.972,BR49,0,2,0
2020-02-26 01:00:00,0.073,265.2075,0.498,50.047,BR49,1,2,0
2020-02-26 02:00:00,0.074,267.2405,0.513,50.007,BR49,2,2,0
2020-02-26 03:00:00,0.069,266.72,0.4915,50.004000000000005,BR49,3,2,0
2020-02-26 04:00:00,0.07,266.1735,0.4905,49.972,BR49,4,2,0
2020-02-26 05:00:00,0.071,264.805,0.4845,50.0185,BR49,5,2,0
2020-02-26 06:00:00,0.098,260.381,0.5295,49.9685,BR49,6,2,0
2020-02-26 07:00:00,0.095,231.053,0.571,44.9965,BR49,7,2,0
2020-02-26 08:00:00,0.094,255.97,0.525,50.0365,BR49,8,2,0
2020-02-26 09:00:00,0.448,240.826,1.8925,47.509,BR49,9,2,0
2020-02-26 10:00:00,0.172,253.39,0.798,50.0095,BR49,10,2,0
2020-02-26 11:00:00,0.138,255.7775,0.6615,50.0295,BR49,11,2,0
2020-02-26 12:00:00,0.1689999999999999,256.952,0.7735000000000001,49.9455,BR49,12,2,0
2020-02-26 13:00:00,0.123,259.97,0.623,49.9905,BR49,13,2,0
2020-02-26 14:00:00,0.108,259.879,0.5685,49.966,BR49,14,2,0
2020-02-26 15:00:00,0.075,259.9515,0.4865,50.003,BR49,15,2,0
2020-02-26 16:00:00,0.114,259.649,0.6305,49.916,BR49,16,2,0
2020-02-26 17:00:00,0.185,248.058,0.8905,47.512,BR49,17,2,0
2020-02-26 18:00:00,0.3909999999999999,258.8285,1.7235,49.991,BR49,18,2,0
2020-02-26 19:00:00,0.215,257.12800000000004,0.9345,49.9885,BR49,19,2,0
2020-02-26 20:00:00,0.498,259.1295,2.1535,50.042,BR49,20,2,0
2020-02-26 21:00:00,0.216,261.0085,0.938,50.032,BR49,21,2,0
2020-02-26 22:00:00,0.188,259.595,0.835,49.961,BR49,22,2,0
2020-02-26 23:00:00,0.162,262.1575,0.7675,50.0555,BR49,23,2,0
2020-02-27 00:00:00,0.094,263.4095,0.5725,49.9885,BR49,0,3,0
2020-02-27 01:00:00,0.08,238.09,0.573,44.9875,BR49,1,3,0
2020-02-27 02:00:00,0.12,264.89250000000004,0.6925,50.018,BR49,2,3,0
2020-02-27 03:00:00,0.136,265.2735,0.7145,50.0145,BR49,3,3,0
2020-02-27 04:00:00,0.076,265.15950000000004,0.5269999999999999,50.0335,BR49,4,3,0
2020-02-27 05:00:00,0.08,262.8435,0.5269999999999999,49.9755,BR49,5,3,0
2020-02-27 06:00:00,0.089,261.596,0.5385,49.9825,BR49,6,3,0
2020-02-27 07:00:00,0.262,258.5995,1.3175,50.006,BR49,7,3,0
2020-02-27 08:00:00,0.109,255.855,0.654,50.013,BR49,8,3,0
2020-02-27 09:00:00,0.145,255.4485,0.7995,49.9615,BR49,9,3,0
2020-02-27 10:00:00,0.299,253.802,1.531,50.008,BR49,10,3,0
2020-02-27 11:00:00,0.484,256.18,2.399,50.0345,BR49,11,3,0
2020-02-27 12:00:00,0.126,258.1575,0.7665,50.017,BR49,12,3,0
2020-02-27 13:00:00,0.163,261.6865,1.0065,50.0395,BR49,13,3,0
2020-02-27 14:00:00,0.142,245.9515,0.7755,47.467,BR49,14,3,0
2020-02-27 15:00:00,0.141,244.1745,0.808,47.475,BR49,15,3,0
2020-02-27 16:00:00,0.115,259.3685,0.642,50.0025,BR49,16,3,0
2020-02-27 17:00:00,0.106,261.12800000000004,0.5965,50.032,BR49,17,3,0
2020-02-27 18:00:00,0.152,257.2405,0.7285,49.9935,BR49,18,3,0
2020-02-27 19:00:00,0.194,255.267,0.8625,50.005,BR49,19,3,0
2020-02-27 20:00:00,0.27,257.8185,1.138,50.0235,BR49,20,3,0
2020-02-27 21:00:00,0.215,260.3215,0.9465,50.010000000000005,BR49,21,3,0
2020-02-27 22:00:00,0.1999999999999999,261.5745,0.8775000000000001,50.0235,BR49,22,3,0
2020-02-27 23:00:00,0.163,263.566,0.773,49.993,BR49,23,3,0
2020-02-28 00:00:00,0.081,264.929,0.5365,50.001,BR49,0,4,0
2020-02-28 01:00:00,0.07,265.91,0.524,50.018,BR49,1,4,0
2020-02-28 02:00:00,0.066,266.3495,0.513,50.0235,BR49,2,4,0
2020-02-28 03:00:00,0.062,266.3455,0.506,50.033,BR49,3,4,0
2020-02-28 04:00:00,0.064,265.648,0.51,49.973,BR49,4,4,0
2020-02-28 05:00:00,0.081,263.8345,0.5295,49.9645,BR49,5,4,0
2020-02-28 06:00:00,0.116,261.065,0.6144999999999999,49.989,BR49,6,4,0
2020-02-28 07:00:00,0.429,259.6145,2.081,50.036,BR49,7,4,0
2020-02-28 08:00:00,0.156,253.557,0.7705,49.9955,BR49,8,4,0
2020-02-28 09:00:00,0.236,252.568,1.1065,50.0255,BR49,9,4,0
2020-02-28 10:00:00,0.205,252.823,1.0045,50.0225,BR49,10,4,0
2020-02-28 11:00:00,0.188,255.1105,0.9645,50.0095,BR49,11,4,0
2020-02-28 12:00:00,0.113,259.6285,0.6605000000000001,49.96,BR49,12,4,0
2020-02-28 13:00:00,0.109,262.0725,0.5945,50.041,BR49,13,4,0
2020-02-28 14:00:00,0.125,246.2765,0.7015,47.519,BR49,14,4,0
2020-02-28 15:00:00,0.112,259.635,0.609,50.0195,BR49,15,4,0
2020-02-28 16:00:00,0.183,259.38800000000003,0.8664999999999999,50.015,BR49,16,4,0
2020-02-28 17:00:00,0.195,260.391,0.9445,50.0175,BR49,17,4,0
2020-02-28 18:00:00,0.209,260.0325,0.931,49.9825,BR49,18,4,0
2020-02-28 19:00:00,0.213,256.701,0.942,49.997,BR49,19,4,0
2020-02-28 20:00:00,0.183,258.596,0.8195,50.018,BR49,20,4,0
2020-02-28 21:00:00,0.508,259.8395,2.2635,49.999,BR49,21,4,0
2020-02-28 22:00:00,0.212,261.5895,0.9295,49.9915,BR49,22,4,0
2020-02-28 23:00:00,0.17,263.108,0.796,49.976,BR49,23,4,0
2020-02-29 00:00:00,0.145,263.27,0.779,49.9905,BR49,0,5,1
2020-02-29 01:00:00,0.128,264.264,0.735,49.9955,BR49,1,5,1
2020-02-29 02:00:00,0.175,264.9115,0.8855000000000001,49.9615,BR49,2,5,1
2020-02-29 03:00:00,0.097,265.0735,0.6645,49.9275,BR49,3,5,1
2020-02-29 04:00:00,0.091,265.3845,0.6505,50.008,BR49,4,5,1
2020-02-29 05:00:00,0.101,263.3,0.6609999999999999,50.021,BR49,5,5,1
2020-02-29 06:00:00,0.131,261.8045,0.7344999999999999,50.012,BR49,6,5,1
2020-02-29 07:00:00,0.267,259.6465,1.3435,50.02,BR49,7,5,1
2020-02-29 08:00:00,0.288,253.0525,1.501,49.9805,BR49,8,5,1
2020-02-29 09:00:00,0.194,240.086,1.0855,47.504000000000005,BR49,9,5,1
2020-02-29 10:00:00,0.1659999999999999,190.4335,0.8985,37.518,BR49,10,5,1
2020-02-29 11:00:00,0.441,204.999,2.4705,40.0135,BR49,11,5,1
2020-02-29 12:00:00,0.399,259.264,1.795,50.006,BR49,12,5,1
2020-02-29 13:00:00,0.217,249.5095,1.215,49.987,BR49,13,5,1
2020-02-29 14:00:00,0.143,220.962,0.8109999999999999,42.451,BR49,14,5,1
2020-02-29 15:00:00,0.089,247.352,0.6054999999999999,47.4815,BR49,15,5,1
2020-02-29 16:00:00,0.119,261.17150000000004,0.6375,49.9625,BR49,16,5,1
2020-02-29 17:00:00,0.121,234.5775,0.6609999999999999,45.027,BR49,17,5,1
2020-02-29 18:00:00,0.128,258.93,0.6535,50.022000000000006,BR49,18,5,1
2020-02-29 19:00:00,0.162,233.8205,0.8895,45.0095,BR49,19,5,1
2020-02-29 20:00:00,0.2009999999999999,262.02750000000003,0.905,50.0345,BR49,20,5,1
2020-02-29 21:00:00,0.2309999999999999,263.53200000000004,0.99,50.0385,BR49,21,5,1
2020-02-29 22:00:00,0.544,264.68850000000003,2.3895,49.9645,BR49,22,5,1
2020-02-29 23:00:00,0.241,267.3975,1.0595,50.023,BR49,23,5,1
2020-03-01 00:00:00,0.114,268.6295,0.6479999999999999,50.021,BR49,0,6,1
2020-03-01 01:00:00,0.1,268.9855,0.627,50.024,BR49,1,6,1
2020-03-01 02:00:00,0.105,269.0055,0.7045,50.02,BR49,2,6,1
2020-03-01 03:00:00,0.106,268.7205,0.7020000000000001,50.0305,BR49,3,6,1
2020-03-01 04:00:00,0.101,268.6155,0.6935,50.043,BR49,4,6,1
2020-03-01 05:00:00,0.101,267.5245,0.6805000000000001,50.0465,BR49,5,6,1
2020-03-01 06:00:00,0.103,265.7985,0.686,50.0115,BR49,6,6,1
2020-03-01 07:00:00,0.133,262.1175,0.742,49.974,BR49,7,6,1
2020-03-01 08:00:00,0.152,261.3145,0.796,49.993,BR49,8,6,1
2020-03-01 09:00:00,0.454,259.315,2.056,50.003,BR49,9,6,1
2020-03-01 10:00:00,0.243,233.8475,1.064,45.009,BR49,10,6,1
2020-03-01 11:00:00,0.264,247.692,1.3045,47.5315,BR49,11,6,1
2020-03-01 12:00:00,0.496,246.8205,2.3440000000000003,47.4755,BR49,12,6,1
2020-03-01 13:00:00,0.241,262.8875,1.0835,50.011,BR49,13,6,1
2020-03-01 14:00:00,0.149,263.5585,0.745,50.0645,BR49,14,6,1
2020-03-01 15:00:00,0.118,263.124,0.6355000000000001,50.033,BR49,15,6,1
2020-03-01 16:00:00,0.139,263.196,0.7235,49.997,BR49,16,6,1
2020-03-01 17:00:00,0.122,263.3995,0.6955,50.0395,BR49,17,6,1
2020-03-01 18:00:00,0.16,233.4305,0.899,45.0315,BR49,18,6,1
2020-03-01 19:00:00,0.183,241.872,0.9095,47.4785,BR49,19,6,1
2020-03-01 20:00:00,0.444,256.499,2.0460000000000003,50.035,BR49,20,6,1
2020-03-01 21:00:00,0.191,259.0905,0.8640000000000001,49.975,BR49,21,6,1
2020-03-01 22:00:00,0.27,260.4815,1.148,49.993,BR49,22,6,1
2020-03-01 23:00:00,0.191,262.8785,0.875,50.015,BR49,23,6,1
2020-03-02 00:00:00,0.138,264.147,0.77,50.016000000000005,BR49,0,0,0
2020-03-02 01:00:00,0.186,264.5805,0.9125,50.014,BR49,1,0,0
2020-03-02 02:00:00,0.134,265.0415,0.776,49.998000000000005,BR49,2,0,0
2020-03-02 03:00:00,0.1,265.0385,0.663,50.0175,BR49,3,0,0
2020-03-02 04:00:00,0.099,264.7685,0.6645,49.981,BR49,4,0,0
2020-03-02 05:00:00,0.106,263.635,0.677,49.98,BR49,5,0,0
2020-03-02 06:00:00,0.129,262.3655,0.7310000000000001,50.0055,BR49,6,0,0
2020-03-02 07:00:00,0.139,260.005,0.7415,50.046,BR49,7,0,0
2020-03-02 08:00:00,0.346,256.3075,1.674,50.0525,BR49,8,0,0
2020-03-02 09:00:00,0.178,255.67800000000005,0.817,50.0205,BR49,9,0,0
2020-03-02 10:00:00,0.207,255.165,0.954,49.9745,BR49,10,0,0
2020-03-02 11:00:00,0.361,256.9285,1.54,50.026,BR49,11,0,0
2020-03-02 12:00:00,0.2309999999999999,259.7115,1.0495,49.938,BR49,12,0,0
2020-03-02 13:00:00,0.254,221.736,1.3655000000000002,42.488,BR49,13,0,0
2020-03-02 14:00:00,0.415,231.3885,2.067,44.9,BR49,14,0,0
2020-03-02 15:00:00,0.132,258.4475,0.7125,49.868,BR49,15,0,0
2020-03-02 16:00:00,0.114,194.125,0.751,37.459,BR49,16,0,0
2020-03-02 17:00:00,0.138,260.956,0.7505,50.004000000000005,BR49,17,0,0
2020-03-02 18:00:00,0.206,259.379,0.941,50.026,BR49,18,0,0
2020-03-02 19:00:00,0.228,255.08,1.0195,50.007,BR49,19,0,0
2020-03-02 20:00:00,0.193,257.555,0.8654999999999999,50.052,BR49,20,0,0
2020-03-02 21:00:00,0.202,233.4865,0.9875,45.0065,BR49,21,0,0
2020-03-02 22:00:00,0.219,260.6705,0.958,50.0145,BR49,22,0,0
2020-03-02 23:00:00,0.482,261.93,2.225,50.012,BR49,23,0,0
2020-03-03 00:00:00,0.129,263.081,0.786,49.961,BR49,0,1,0
2020-03-03 01:00:00,0.149,263.735,0.916,49.975,BR49,1,1,0
2020-03-03 02:00:00,0.106,264.2095,0.6975,50.0075,BR49,2,1,0
2020-03-03 03:00:00,0.097,263.9295,0.657,50.010000000000005,BR49,3,1,0
2020-03-03 04:00:00,0.096,264.212,0.654,50.0,BR49,4,1,0
2020-03-03 05:00:00,0.106,263.31550000000004,0.6745,49.969,BR49,5,1,0
2020-03-03 06:00:00,0.151,264.2475,0.7885,49.9455,BR49,6,1,0
2020-03-03 07:00:00,0.176,261.26750000000004,0.85,50.0245,BR49,7,1,0
2020-03-03 08:00:00,0.143,230.781,0.841,45.0355,BR49,8,1,0
2020-03-03 09:00:00,0.236,255.496,1.0639999999999998,50.003,BR49,9,1,0
2020-03-03 10:00:00,0.193,242.901,0.948,47.534000000000006,BR49,10,1,0
2020-03-03 11:00:00,0.129,256.485,0.67,50.032,BR49,11,1,0
2020-03-03 12:00:00,0.41,258.437,1.934,49.9865,BR49,12,1,0
2020-03-03 13:00:00,0.156,261.086,0.752,50.03,BR49,13,1,0
2020-03-03 14:00:00,0.133,260.5565,0.6855,49.9825,BR49,14,1,0
2020-03-03 15:00:00,0.13,258.5385,0.6555000000000001,50.003,BR49,15,1,0
2020-03-03 16:00:00,0.125,259.2895,0.64,49.992,BR49,16,1,0
2020-03-03 17:00:00,0.141,260.6415,0.689,50.051,BR49,17,1,0
2020-03-03 18:00:00,0.2,257.7465,0.897,50.0265,BR49,18,1,0
2020-03-03 19:00:00,0.262,254.913,1.1205,49.9865,BR49,19,1,0
2020-03-03 20:00:00,0.231,257.4465,1.0315,50.0285,BR49,20,1,0
2020-03-03 21:00:00,0.3,259.1945,1.4275,49.977,BR49,21,1,0
2020-03-03 22:00:00,0.204,260.101,0.928,49.9855,BR49,22,1,0
2020-03-03 23:00:00,0.226,261.4245,1.0630000000000002,50.02,BR49,23,1,0
2020-03-04 00:00:00,0.165,262.46500000000003,0.9505,49.991,BR49,0,2,0
2020-03-04 01:00:00,0.173,263.629,0.974,50.0,BR49,1,2,0
2020-03-04 02:00:00,0.154,264.4825,0.9255,50.0295,BR49,2,2,0
2020-03-04 03:00:00,0.149,264.008,0.9155,50.0,BR49,3,2,0
2020-03-04 04:00:00,0.144,264.104,0.8675,49.9915,BR49,4,2,0
2020-03-04 05:00:00,0.174,262.8895,0.8775000000000001,50.042,BR49,5,2,0
2020-03-04 06:00:00,0.133,263.164,0.7665,50.0245,BR49,6,2,0
2020-03-04 07:00:00,0.143,261.923,0.7725,50.06,BR49,7,2,0
2020-03-04 08:00:00,0.167,255.068,0.8320000000000001,50.0215,BR49,8,2,0
2020-03-04 09:00:00,0.26,253.5135,1.156,50.0205,BR49,9,2,0
2020-03-04 10:00:00,0.589,252.604,2.736,49.986,BR49,10,2,0
2020-03-04 11:00:00,0.175,256.3935,0.7985,50.078,BR49,11,2,0
2020-03-04 12:00:00,0.255,258.1355,1.107,50.0075,BR49,12,2,0
2020-03-04 13:00:00,0.362,262.0685,1.6164999999999998,50.024,BR49,13,2,0
2020-03-04 14:00:00,0.227,259.943,0.9825,50.021,BR49,14,2,0
2020-03-04 15:00:00,0.182,245.389,0.965,47.5,BR49,15,2,0
2020-03-04 16:00:00,0.13,258.514,0.674,49.968,BR49,16,2,0
2020-03-04 17:00:00,0.134,261.34700000000004,0.675,49.9645,BR49,17,2,0
2020-03-04 18:00:00,0.172,259.818,0.792,50.0225,BR49,18,2,0
2020-03-04 19:00:00,0.192,257.317,0.8634999999999999,50.0025,BR49,19,2,0
2020-03-04 20:00:00,0.3419999999999999,258.52750000000003,1.5565,49.965,BR49,20,2,0
2020-03-04 21:00:00,0.274,258.8795,1.155,49.991,BR49,21,2,0
2020-03-04 22:00:00,0.238,259.7625,1.041,50.0055,BR49,22,2,0
2020-03-04 23:00:00,0.215,261.892,0.981,50.034000000000006,BR49,23,2,0
2020-03-05 00:00:00,0.168,263.822,0.7979999999999999,50.014,BR49,0,3,0
2020-03-05 01:00:00,0.178,263.8285,0.8995,49.958,BR49,1,3,0
2020-03-05 02:00:00,0.1669999999999999,264.0385,0.876,49.9265,BR49,2,3,0
2020-03-05 03:00:00,0.163,265.17600000000004,0.8654999999999999,50.0435,BR49,3,3,0
2020-03-05 04:00:00,0.161,266.073,0.8550000000000001,50.0325,BR49,4,3,0
2020-03-05 05:00:00,0.148,265.0735,0.712,50.001,BR49,5,3,0
2020-03-05 06:00:00,0.163,263.7935,0.7335,49.989,BR49,6,3,0
2020-03-05 07:00:00,0.187,261.552,0.827,49.9385,BR49,7,3,0
2020-03-05 08:00:00,0.21,257.395,0.978,50.0045,BR49,8,3,0
2020-03-05 09:00:00,0.231,254.631,1.1465,49.9825,BR49,9,3,0
2020-03-05 10:00:00,0.367,253.582,1.7775,50.038,BR49,10,3,0
2020-03-05 11:00:00,0.186,257.389,0.859,50.041,BR49,11,3,0
2020-03-05 12:00:00,0.158,261.99300000000005,0.8125,50.025,BR49,12,3,0
2020-03-05 13:00:00,0.15,262.871,0.7855000000000001,50.054,BR49,13,3,0
2020-03-05 14:00:00,0.126,259.7515,0.6895,49.9795,BR49,14,3,0
2020-03-05 15:00:00,0.087,259.083,0.6005,50.0045,BR49,15,3,0
2020-03-05 16:00:00,0.106,259.759,0.604,49.994,BR49,16,3,0
2020-03-05 17:00:00,0.209,260.3,1.1004999999999998,49.988,BR49,17,3,0
2020-03-05 18:00:00,0.361,257.8315,1.7105,50.0245,BR49,18,3,0
2020-03-05 19:00:00,0.178,254.96,0.8145,50.0205,BR49,19,3,0
2020-03-05 20:00:00,0.2309999999999999,258.029,0.9985,50.013,BR49,20,3,0
2020-03-05 21:00:00,0.275,259.2885,1.152,50.0295,BR49,21,3,0
2020-03-05 22:00:00,0.255,260.38800000000003,1.117,49.9935,BR49,22,3,0
2020-03-05 23:00:00,0.137,261.562,0.7105,49.9655,BR49,23,3,0
2020-03-06 00:00:00,0.134,262.6005,0.7154999999999999,49.9975,BR49,0,4,0
2020-03-06 01:00:00,0.1699999999999999,263.8175,0.766,50.0495,BR49,1,4,0
2020-03-06 02:00:00,0.151,265.2795,0.704,50.04,BR49,2,4,0
2020-03-06 03:00:00,0.136,265.0355,0.6645,50.043,BR49,3,4,0
2020-03-06 04:00:00,0.11,265.18,0.6174999999999999,50.034,BR49,4,4,0
2020-03-06 05:00:00,0.091,146.173,0.4609999999999999,27.493,BR49,5,4,0
2020-03-06 06:00:00,0.0,0.0,0.0,0.0,BR49,6,4,0
2020-03-06 07:00:00,0.1659999999999999,157.0685,1.006,30.0075,BR49,7,4,0
2020-03-06 08:00:00,0.354,257.7495,1.6715,50.0125,BR49,8,4,0
2020-03-06 09:00:00,0.417,258.3465,1.9135,49.941,BR49,9,4,0
2020-03-06 10:00:00,0.037,51.4895,0.1915,9.9745,BR49,10,4,0
2020-03-06 11:00:00,0.176,103.661,0.9625,19.9905,BR49,11,4,0
2020-03-06 12:00:00,0.278,263.5255,1.6919999999999995,49.9545,BR49,12,4,0
2020-03-06 13:00:00,0.159,252.9135,1.0245000000000002,47.559000000000005,BR49,13,4,0
2020-03-06 14:00:00,0.311,267.093,1.511,50.034000000000006,BR49,14,4,0
2020-03-06 15:00:00,0.132,66.918,0.747,12.503,BR49,15,4,0
2020-03-06 16:00:00,0.0,0.0,0.0,0.0,BR49,16,4,0
2020-03-06 17:00:00,0.249,197.132,1.458,37.493,BR49,17,4,0
2020-03-06 18:00:00,0.306,259.65,1.6649999999999998,49.9825,BR49,18,4,0
2020-03-06 19:00:00,0.194,181.4985,0.973,34.961,BR49,19,4,0
2020-03-06 20:00:00,0.511,261.3215,2.4485,50.0235,BR49,20,4,0
2020-03-06 21:00:00,0.257,264.0475,1.234,50.015,BR49,21,4,0
2020-03-06 22:00:00,0.255,265.556,1.174,50.0205,BR49,22,4,0
2020-03-06 23:00:00,0.181,266.8295,0.9105,49.9995,BR49,23,4,0
2020-03-07 00:00:00,0.087,240.6675,0.6134999999999999,44.975,BR49,0,5,1
2020-03-07 01:00:00,0.153,268.125,0.7755,49.94,BR49,1,5,1
2020-03-07 02:00:00,0.105,269.29650000000004,0.6365000000000001,49.988,BR49,2,5,1
2020-03-07 03:00:00,0.093,269.212,0.5835,50.011,BR49,3,5,1
2020-03-07 04:00:00,0.115,268.322,0.6399999999999999,50.014,BR49,4,5,1
2020-03-07 05:00:00,0.106,267.605,0.6020000000000001,50.0135,BR49,5,5,1
2020-03-07 06:00:00,0.103,266.0595,0.5850000000000001,50.0025,BR49,6,5,1
2020-03-07 07:00:00,0.116,261.319,0.6155,49.96,BR49,7,5,1
2020-03-07 08:00:00,0.539,258.064,2.526,49.993,BR49,8,5,1
2020-03-07 09:00:00,0.861,255.822,4.012,49.998000000000005,BR49,9,5,1
2020-03-07 10:00:00,0.2809999999999999,257.1885,1.3065,50.037,BR49,10,5,1
2020-03-07 11:00:00,0.104,245.098,0.6565000000000001,47.4975,BR49,11,5,1
2020-03-07 12:00:00,0.114,257.86,0.6005,49.96,BR49,12,5,1
2020-03-07 13:00:00,0.071,196.3525,0.481,37.5225,BR49,13,5,1
2020-03-07 14:00:00,0.115,234.9805,0.7755,44.9695,BR49,14,5,1
2020-03-07 15:00:00,0.106,261.95050000000003,0.5980000000000001,50.004000000000005,BR49,15,5,1
2020-03-07 16:00:00,0.109,260.6855,0.6065,49.991,BR49,16,5,1
2020-03-07 17:00:00,0.144,259.813,0.6980000000000001,50.0135,BR49,17,5,1
2020-03-07 18:00:00,0.151,257.291,0.718,49.927,BR49,18,5,1
2020-03-07 19:00:00,0.194,253.5905,0.873,49.9885,BR49,19,5,1
2020-03-07 20:00:00,0.22,254.6325,0.97,49.987,BR49,20,5,1
2020-03-07 21:00:00,0.163,258.041,0.7555,50.034000000000006,BR49,21,5,1
2020-03-07 22:00:00,0.194,260.134,0.859,49.959500000000006,BR49,22,5,1
2020-03-07 23:00:00,0.213,262.2365,0.925,49.918,BR49,23,5,1
2020-03-08 00:00:00,0.175,262.066,0.799,49.995,BR49,0,6,1
2020-03-08 01:00:00,0.152,262.87350000000004,0.7224999999999999,50.0135,BR49,1,6,1
2020-03-08 02:00:00,0.129,263.832,0.6405000000000001,49.9905,BR49,2,6,1
2020-03-08 03:00:00,0.093,264.4565,0.5475,50.004000000000005,BR49,3,6,1
2020-03-08 04:00:00,0.1,264.4995,0.5780000000000001,50.0245,BR49,4,6,1
2020-03-08 05:00:00,0.085,263.006,0.5355,49.9865,BR49,5,6,1
2020-03-08 06:00:00,0.084,261.8015,0.529,50.051,BR49,6,6,1
2020-03-08 07:00:00,0.084,246.8005,0.5325,47.504000000000005,BR49,7,6,1
2020-03-08 08:00:00,0.096,259.3075,0.5685,49.9675,BR49,8,6,1
2020-03-08 09:00:00,0.182,258.5915,0.844,49.9935,BR49,9,6,1
2020-03-08 10:00:00,0.505,206.242,2.33,40.011,BR49,10,6,1
2020-03-08 11:00:00,0.202,179.712,1.0765,34.993,BR49,11,6,1
2020-03-08 12:00:00,0.192,259.95050000000003,0.992,49.9675,BR49,12,6,1
2020-03-08 13:00:00,0.119,261.178,0.645,50.037,BR49,13,6,1
2020-03-08 14:00:00,0.098,262.2715,0.5820000000000001,50.097,BR49,14,6,1
2020-03-08 15:00:00,0.087,210.07800000000003,0.5875,40.0255,BR49,15,6,1
2020-03-08 16:00:00,0.275,262.5125,1.39,49.989,BR49,16,6,1
2020-03-08 17:00:00,0.194,236.816,1.0845,45.036,BR49,17,6,1
2020-03-08 18:00:00,0.131,261.284,0.6655,50.015,BR49,18,6,1
2020-03-08 19:00:00,0.149,255.3885,0.7205,49.9785,BR49,19,6,1
2020-03-08 20:00:00,0.155,257.749,0.7474999999999999,50.029,BR49,20,6,1
2020-03-08 21:00:00,0.168,259.7545,0.7845,49.991,BR49,21,6,1
2020-03-08 22:00:00,0.165,261.4445,0.771,49.9985,BR49,22,6,1
2020-03-08 23:00:00,0.162,264.0365,0.782,50.043,BR49,23,6,1
2020-03-09 00:00:00,0.099,263.9375,0.5934999999999999,49.9855,BR49,0,0,0
2020-03-09 01:00:00,0.086,265.1555,0.5645,49.992,BR49,1,0,0
2020-03-09 02:00:00,0.132,265.60299999999995,0.69,50.0345,BR49,2,0,0
2020-03-09 03:00:00,0.103,264.83849999999995,0.675,50.008,BR49,3,0,0
2020-03-09 04:00:00,0.092,265.192,0.6515,50.0305,BR49,4,0,0
2020-03-09 05:00:00,0.086,263.4975,0.6399999999999999,49.995,BR49,5,0,0
2020-03-09 06:00:00,0.093,263.8375,0.653,50.048,BR49,6,0,0
2020-03-09 07:00:00,0.113,259.8645,0.6885,50.029,BR49,7,0,0
2020-03-09 08:00:00,0.131,260.481,0.7255,50.029,BR49,8,0,0
2020-03-09 09:00:00,0.157,259.2785,0.8025,50.0515,BR49,9,0,0
2020-03-09 10:00:00,0.368,257.8125,1.7695,50.0425,BR49,10,0,0
2020-03-09 11:00:00,0.091,258.59000000000003,0.5535,50.021,BR49,11,0,0
2020-03-09 12:00:00,0.083,263.2875,0.554,49.998000000000005,BR49,12,0,0
2020-03-09 13:00:00,0.07,263.4225,0.4985,50.060500000000005,BR49,13,0,0
2020-03-09 14:00:00,0.31,262.229,1.628,50.036,BR49,14,0,0
2020-03-09 15:00:00,0.101,264.314,0.6445000000000001,50.0205,BR49,15,0,0
2020-03-09 16:00:00,0.09,263.7065,0.588,50.0115,BR49,16,0,0
2020-03-09 17:00:00,0.132,264.6205,0.6915,50.0375,BR49,17,0,0
2020-03-09 18:00:00,0.327,259.918,1.4025,50.0435,BR49,18,0,0
2020-03-09 19:00:00,0.236,257.7075,1.089,50.0815,BR49,19,0,0
2020-03-09 20:00:00,0.223,259.03200000000004,1.092,50.0345,BR49,20,0,0
2020-03-09 21:00:00,0.211,260.41549999999995,1.0025,49.999,BR49,21,0,0
2020-03-09 22:00:00,0.2259999999999999,260.8525,1.0535,50.0025,BR49,22,0,0
2020-03-09 23:00:00,0.241,263.221,1.113,49.998000000000005,BR49,23,0,0
2020-03-10 00:00:00,0.196,264.2855,1.0335,50.006,BR49,0,1,0
2020-03-10 01:00:00,0.132,264.8705,0.7535000000000001,50.006,BR49,1,1,0
2020-03-10 02:00:00,0.13,265.6105,0.7515,50.0175,BR49,2,1,0
2020-03-10 03:00:00,0.178,266.0615,0.8835000000000001,50.038,BR49,3,1,0
2020-03-10 04:00:00,0.143,266.206,0.7865,50.0415,BR49,4,1,0
2020-03-10 05:00:00,0.117,265.976,0.7085,50.0185,BR49,5,1,0
2020-03-10 06:00:00,0.108,263.1675,0.6825,50.0645,BR49,6,1,0
2020-03-10 07:00:00,0.513,260.41,2.5460000000000003,50.035,BR49,7,1,0
2020-03-10 08:00:00,0.118,262.76300000000003,0.6125,50.0745,BR49,8,1,0
2020-03-10 09:00:00,0.122,263.563,0.63,50.0475,BR49,9,1,0
2020-03-10 10:00:00,0.225,261.652,0.9905000000000002,49.998000000000005,BR49,10,1,0
2020-03-10 11:00:00,0.151,260.7465,0.729,49.999,BR49,11,1,0
2020-03-10 12:00:00,0.118,259.2185,0.6134999999999999,50.03,BR49,12,1,0
2020-03-10 13:00:00,0.22,259.326,0.9875,50.044,BR49,13,1,0
2020-03-10 14:00:00,0.297,261.3005,1.4495,50.0775,BR49,14,1,0
2020-03-10 15:00:00,0.124,263.99,0.641,50.064,BR49,15,1,0
2020-03-10 16:00:00,0.246,264.587,1.1065,50.019,BR49,16,1,0
2020-03-10 17:00:00,0.274,264.816,1.177,50.055,BR49,17,1,0
2020-03-10 18:00:00,0.275,261.7865,1.1635,50.0415,BR49,18,1,0
2020-03-10 19:00:00,0.658,258.822,2.7685,50.013,BR49,19,1,0
2020-03-10 20:00:00,0.337,261.482,1.387,50.056,BR49,20,1,0
2020-03-10 21:00:00,0.265,262.169,1.117,50.048,BR49,21,1,0
2020-03-10 22:00:00,0.262,263.74850000000004,1.112,50.0465,BR49,22,1,0
2020-03-10 23:00:00,0.197,265.0415,0.9365,50.047,BR49,23,1,0
2020-03-11 00:00:00,0.211,265.7535,0.994,50.017,BR49,0,2,0
2020-03-11 01:00:00,0.161,266.908,0.7735,50.107,BR49,1,2,0
2020-03-11 02:00:00,0.141,266.794,0.7085,50.0415,BR49,2,2,0
2020-03-11 03:00:00,0.199,265.9105,0.898,50.0075,BR49,3,2,0
2020-03-11 04:00:00,0.132,265.7215,0.6729999999999999,49.987,BR49,4,2,0
2020-03-11 05:00:00,0.12,263.6835,0.633,49.982,BR49,5,2,0
2020-03-11 06:00:00,0.123,262.693,0.6439999999999999,50.0135,BR49,6,2,0
2020-03-11 07:00:00,0.151,262.1355,0.7275,49.991,BR49,7,2,0
2020-03-11 08:00:00,0.265,261.4355,1.128,49.9705,BR49,8,2,0
2020-03-11 09:00:00,0.177,260.2055,0.8025,50.033,BR49,9,2,0
2020-03-11 10:00:00,0.2339999999999999,259.468,1.074,50.0115,BR49,10,2,0
2020-03-11 11:00:00,0.53,259.17,2.41,50.0255,BR49,11,2,0
2020-03-11 12:00:00,0.352,260.6985,1.4529999999999998,50.041,BR49,12,2,0
2020-03-11 13:00:00,0.259,261.0545,1.1145,50.0075,BR49,13,2,0
2020-03-11 14:00:00,0.5449999999999999,262.376,2.463,49.978,BR49,14,2,0
2020-03-11 15:00:00,0.861,264.508,4.033,49.941,BR49,15,2,0
2020-03-11 16:00:00,0.871,265.7525,4.0685,49.9395,BR49,16,2,0
2020-03-11 17:00:00,0.428,266.9375,1.865,49.9745,BR49,17,2,0
2020-03-11 18:00:00,0.318,260.3,1.38,49.8735,BR49,18,2,0
2020-03-11 19:00:00,0.858,249.4655,4.303,49.9835,BR49,19,2,0
2020-03-11 20:00:00,0.7769999999999999,252.6495,3.58,50.0275,BR49,20,2,0
2020-03-11 21:00:00,0.264,255.4395,1.1625,49.978,BR49,21,2,0
2020-03-11 22:00:00,0.298,256.075,1.2785,49.9325,BR49,22,2,0
2020-03-11 23:00:00,0.193,259.254,1.0315,49.98950000000001,BR49,23,2,0
2020-03-12 00:00:00,0.152,261.5775,0.9155,50.0,BR49,0,3,0
2020-03-12 01:00:00,0.172,261.922,0.9435,49.961,BR49,1,3,0
2020-03-12 02:00:00,0.145,262.5085,0.6765,49.997,BR49,2,3,0
2020-03-12 03:00:00,0.144,262.8855,0.6785,50.0175,BR49,3,3,0
2020-03-12 04:00:00,0.146,262.1185,0.6705,50.010000000000005,BR49,4,3,0
2020-03-12 05:00:00,0.197,260.344,0.8540000000000001,50.0005,BR49,5,3,0
2020-03-12 06:00:00,0.179,260.344,0.77,50.0015,BR49,6,3,0
2020-03-12 07:00:00,0.158,259.198,0.6809999999999999,50.025,BR49,7,3,0
2020-03-12 08:00:00,0.173,257.824,0.7275,50.024,BR49,8,3,0
2020-03-12 09:00:00,0.321,254.388,1.4529999999999998,50.0245,BR49,9,3,0
2020-03-12 10:00:00,0.331,253.0265,1.511,50.044,BR49,10,3,0
2020-03-12 11:00:00,0.126,254.009,0.634,50.015,BR49,11,3,0
2020-03-12 12:00:00,0.158,254.5825,0.7885,49.9645,BR49,12,3,0
2020-03-12 13:00:00,0.133,219.318,0.777,42.4975,BR49,13,3,0
2020-03-12 14:00:00,0.097,258.18850000000003,0.5845,49.9565,BR49,14,3,0
2020-03-12 15:00:00,0.078,233.467,0.5305,44.9895,BR49,15,3,0
2020-03-12 16:00:00,0.098,256.8235,0.5605,49.967,BR49,16,3,0
2020-03-12 17:00:00,0.189,257.916,0.859,50.048,BR49,17,3,0
2020-03-12 18:00:00,0.238,253.8825,1.0619999999999998,49.9255,BR49,18,3,0
2020-03-12 19:00:00,0.249,100.392,1.186,19.99,BR49,19,3,0
2020-03-12 20:00:00,0.253,167.57,1.3305,32.526,BR49,20,3,0
2020-03-12 21:00:00,0.32,259.604,1.5395,50.0375,BR49,21,3,0
2020-03-12 22:00:00,0.253,261.3785,1.1195,50.036,BR49,22,3,0
2020-03-12 23:00:00,0.189,261.539,0.947,50.006,BR49,23,3,0
2020-03-13 00:00:00,0.212,262.7595,1.0,49.976,BR49,0,4,0
2020-03-13 01:00:00,0.206,263.744,0.971,49.9865,BR49,1,4,0
2020-03-13 02:00:00,0.2029999999999999,265.0345,0.9635,49.996,BR49,2,4,0
2020-03-13 03:00:00,0.205,266.412,0.968,49.9995,BR49,3,4,0
2020-03-13 04:00:00,0.181,265.958,0.8300000000000001,50.0,BR49,4,4,0
2020-03-13 05:00:00,0.172,265.2545,0.762,49.999,BR49,5,4,0
2020-03-13 06:00:00,0.198,250.8925,0.8605,47.5035,BR49,6,4,0
2020-03-13 07:00:00,0.0,0.0,0.0,0.0,BR49,7,4,0
2020-03-13 08:00:00,0.651,230.8915,3.2465,45.015,BR49,8,4,0
2020-03-13 09:00:00,0.448,240.737,2.1815,47.4925,BR49,9,4,0
2020-03-13 10:00:00,0.178,256.5775,0.999,50.0135,BR49,10,4,0
2020-03-13 11:00:00,0.152,261.723,0.79,50.0055,BR49,11,4,0
2020-03-13 12:00:00,0.142,263.6295,0.783,50.021,BR49,12,4,0
2020-03-13 13:00:00,0.127,265.091,0.737,50.0775,BR49,13,4,0
2020-03-13 14:00:00,0.147,261.922,0.7565000000000001,50.005,BR49,14,4,0
2020-03-13 15:00:00,0.103,262.68850000000003,0.6105,50.0095,BR49,15,4,0
2020-03-13 16:00:00,0.202,261.3285,0.994,50.003,BR49,16,4,0
2020-03-13 17:00:00,0.118,260.592,0.6725,50.014,BR49,17,4,0
2020-03-13 18:00:00,0.142,257.8035,0.7175,50.034,BR49,18,4,0
2020-03-13 19:00:00,0.184,253.8165,0.8394999999999999,49.9805,BR49,19,4,0
2020-03-13 20:00:00,0.219,257.063,0.958,50.0235,BR49,20,4,0
2020-03-13 21:00:00,0.473,258.573,2.1145,50.001,BR49,21,4,0
2020-03-13 22:00:00,0.212,259.304,0.931,49.9985,BR49,22,4,0
2020-03-13 23:00:00,0.286,260.2765,1.2775,50.0115,BR49,23,4,0
2020-03-14 00:00:00,0.15,262.34450000000004,0.7795,49.9695,BR49,0,5,1
2020-03-14 01:00:00,0.22,263.7245,0.9485,50.0255,BR49,1,5,1
2020-03-14 02:00:00,0.14,264.664,0.6679999999999999,49.9855,BR49,2,5,1
2020-03-14 03:00:00,0.135,265.28000000000003,0.6585,49.9875,BR49,3,5,1
2020-03-14 04:00:00,0.136,265.232,0.6585,50.023,BR49,4,5,1
2020-03-14 05:00:00,0.137,263.35,0.6555,50.0045,BR49,5,5,1
2020-03-14 06:00:00,0.121,261.884,0.6605,50.0265,BR49,6,5,1
2020-03-14 07:00:00,0.102,260.554,0.663,50.0335,BR49,7,5,1
2020-03-14 08:00:00,0.176,261.647,0.902,50.011,BR49,8,5,1
2020-03-14 09:00:00,0.321,260.37600000000003,1.5485,49.9865,BR49,9,5,1
2020-03-14 10:00:00,0.1709999999999999,258.9075,0.7975000000000001,50.0205,BR49,10,5,1
2020-03-14 11:00:00,0.156,256.4655,0.773,49.918,BR49,11,5,1
2020-03-14 12:00:00,0.148,259.528,0.762,49.9605,BR49,12,5,1
2020-03-14 13:00:00,0.112,262.085,0.63,50.042,BR49,13,5,1
2020-03-14 14:00:00,0.178,262.709,0.827,50.0,BR49,14,5,1
2020-03-14 15:00:00,0.158,262.0575,0.7765,49.9555,BR49,15,5,1
2020-03-14 16:00:00,0.097,261.127,0.576,49.9795,BR49,16,5,1
2020-03-14 17:00:00,0.097,261.28450000000004,0.5715,50.0085,BR49,17,5,1
2020-03-14 18:00:00,0.144,259.383,0.7064999999999999,49.9935,BR49,18,5,1
2020-03-14 19:00:00,0.194,254.554,0.8745,49.989,BR49,19,5,1
2020-03-14 20:00:00,0.2019999999999999,258.003,0.8949999999999999,50.008,BR49,20,5,1
2020-03-14 21:00:00,0.447,260.085,2.024,50.0315,BR49,21,5,1
2020-03-14 22:00:00,0.181,261.443,0.834,49.9825,BR49,22,5,1
2020-03-14 23:00:00,0.112,263.65950000000004,0.6375,50.0135,BR49,23,5,1
2020-03-15 00:00:00,0.123,264.5475,0.7264999999999999,49.995,BR49,0,6,1
2020-03-15 01:00:00,0.117,266.332,0.715,49.9875,BR49,1,6,1
2020-03-15 02:00:00,0.1709999999999999,266.8755,0.884,49.9725,BR49,2,6,1
2020-03-15 03:00:00,0.135,267.411,0.7795,50.0185,BR49,3,6,1
2020-03-15 04:00:00,0.124,267.0725,0.7375,50.009,BR49,4,6,1
2020-03-15 05:00:00,0.111,267.74,0.712,49.994,BR49,5,6,1
2020-03-15 06:00:00,0.103,266.9135,0.6895,50.0045,BR49,6,6,1
2020-03-15 07:00:00,0.106,265.2055,0.6965,49.9885,BR49,7,6,1
2020-03-15 08:00:00,0.0409999999999999,51.993,0.3185,10.002,BR49,8,6,1
2020-03-15 09:00:00,0.192,259.281,1.097,49.9825,BR49,9,6,1
2020-03-15 10:00:00,0.133,234.3295,0.698,45.023,BR49,10,6,1
2020-03-15 11:00:00,0.087,194.447,0.5935,37.5265,BR49,11,6,1
2020-03-15 12:00:00,0.087,261.564,0.5745,50.0395,BR49,12,6,1
2020-03-15 13:00:00,0.186,265.546,1.044,50.0755,BR49,13,6,1
2020-03-15 14:00:00,0.295,263.6185,1.3765,50.0175,BR49,14,6,1
2020-03-15 15:00:00,0.306,210.4915,1.3370000000000002,39.999,BR49,15,6,1
2020-03-15 16:00:00,0.182,262.5425,0.876,49.988,BR49,16,6,1
2020-03-15 17:00:00,0.158,263.498,0.7795,50.048,BR49,17,6,1
2020-03-15 18:00:00,0.147,259.438,0.71,50.021,BR49,18,6,1
2020-03-15 19:00:00,0.176,253.954,0.807,50.008,BR49,19,6,1
2020-03-15 20:00:00,0.159,255.89900000000003,0.748,50.0195,BR49,20,6,1
2020-03-15 21:00:00,0.198,258.49850000000004,0.8945000000000001,49.994,BR49,21,6,1
2020-03-15 22:00:00,0.186,260.64250000000004,0.8585,50.0485,BR49,22,6,1
2020-03-15 23:00:00,0.146,262.538,0.7925,49.9985,BR49,23,6,1
2020-03-16 00:00:00,0.125,264.526,0.733,50.0155,BR49,0,0,0
2020-03-16 01:00:00,0.116,265.091,0.7135,49.9245,BR49,1,0,0
2020-03-16 02:00:00,0.112,265.49,0.7075,49.922,BR49,2,0,0
2020-03-16 03:00:00,0.111,266.279,0.7075,50.0,BR49,3,0,0
2020-03-16 04:00:00,0.106,266.511,0.6990000000000001,50.0465,BR49,4,0,0
2020-03-16 05:00:00,0.098,263.7405,0.669,50.0,BR49,5,0,0
2020-03-16 06:00:00,0.097,262.887,0.662,50.027,BR49,6,0,0
2020-03-16 07:00:00,0.156,260.5035,0.849,50.0835,BR49,7,0,0
2020-03-16 08:00:00,0.371,256.2995,1.8695,50.007,BR49,8,0,0
2020-03-16 09:00:00,0.086,256.425,0.5375,49.9705,BR49,9,0,0
2020-03-16 10:00:00,0.131,260.41,0.792,49.966,BR49,10,0,0
2020-03-16 11:00:00,0.079,258.8235,0.5405,50.0075,BR49,11,0,0
2020-03-16 12:00:00,0.107,260.72950000000003,0.659,50.015,BR49,12,0,0
2020-03-16 13:00:00,0.103,263.9175,0.6205,50.027,BR49,13,0,0
2020-03-16 14:00:00,0.1149999999999999,223.59250000000003,0.655,42.4605,BR49,14,0,0
2020-03-16 15:00:00,0.175,263.1485,0.859,49.9585,BR49,15,0,0
2020-03-16 16:00:00,0.103,261.3175,0.587,49.9485,BR49,16,0,0
2020-03-16 17:00:00,0.104,262.5605,0.5970000000000001,50.0145,BR49,17,0,0
2020-03-16 18:00:00,0.26,207.44700000000003,1.408,39.9805,BR49,18,0,0
2020-03-16 19:00:00,0.157,256.248,0.7595,49.9735,BR49,19,0,0
2020-03-16 20:00:00,0.186,258.2115,0.8484999999999999,50.0285,BR49,20,0,0
2020-03-16 21:00:00,0.153,260.71750000000003,0.744,50.03,BR49,21,0,0
2020-03-16 22:00:00,0.151,261.889,0.7344999999999999,49.958,BR49,22,0,0
2020-03-16 23:00:00,0.131,263.982,0.6839999999999999,49.98,BR49,23,0,0
2020-03-17 00:00:00,0.114,265.518,0.6425,49.991,BR49,0,1,0
2020-03-17 01:00:00,0.106,264.9515,0.6635,50.014500000000005,BR49,1,1,0
2020-03-17 02:00:00,0.106,264.9715,0.6915,50.0225,BR49,2,1,0
2020-03-17 03:00:00,0.11,265.56,0.7110000000000001,50.016,BR49,3,1,0
2020-03-17 04:00:00,0.156,264.643,0.8345,50.032,BR49,4,1,0
2020-03-17 05:00:00,0.124,263.3715,0.746,50.0265,BR49,5,1,0
2020-03-17 06:00:00,0.102,262.536,0.6805,49.9895,BR49,6,1,0
2020-03-17 07:00:00,0.026,78.159,0.2009999999999999,14.9905,BR49,7,1,0
2020-03-17 08:00:00,0.121,165.3545,0.8545,32.477,BR49,8,1,0
2020-03-17 09:00:00,0.0,0.0,0.0,0.0,BR49,9,1,0
2020-03-17 10:00:00,0.001,8.5705,0.0515,2.473,BR49,10,1,0
2020-03-17 11:00:00,0.249,251.431,1.5365,50.042,BR49,11,1,0
2020-03-17 12:00:00,0.312,254.4465,1.698,50.0235,BR49,12,1,0
2020-03-17 13:00:00,0.1159999999999999,258.70050000000003,0.7145,50.0315,BR49,13,1,0
2020-03-17 14:00:00,0.082,260.236,0.5915,49.9945,BR49,14,1,0
2020-03-17 15:00:00,0.105,260.0735,0.6235,49.9695,BR49,15,1,0
2020-03-17 16:00:00,0.079,258.994,0.58,50.005,BR49,16,1,0
2020-03-17 17:00:00,0.117,194.8475,0.7394999999999999,37.537,BR49,17,1,0
2020-03-17 18:00:00,0.099,258.185,0.5835,50.0245,BR49,18,1,0
2020-03-17 19:00:00,0.1669999999999999,252.747,0.8365,50.004000000000005,BR49,19,1,0
2020-03-17 20:00:00,0.2,255.598,0.938,50.037,BR49,20,1,0
2020-03-17 21:00:00,0.254,258.2915,1.116,50.017,BR49,21,1,0
2020-03-17 22:00:00,0.25,259.6805,1.1244999999999998,49.9415,BR49,22,1,0
2020-03-17 23:00:00,0.219,261.804,1.096,50.0025,BR49,23,1,0
2020-03-18 00:00:00,0.177,262.223,0.8859999999999999,50.0335,BR49,0,2,0
2020-03-18 01:00:00,0.148,262.8275,0.8105,50.017,BR49,1,2,0
2020-03-18 02:00:00,0.108,263.29650000000004,0.687,50.0265,BR49,2,2,0
2020-03-18 03:00:00,0.109,263.0675,0.6845,50.007,BR49,3,2,0
2020-03-18 04:00:00,0.119,263.193,0.7045,50.015,BR49,4,2,0
2020-03-18 05:00:00,0.112,261.99850000000004,0.688,50.0425,BR49,5,2,0
2020-03-18 06:00:00,0.11,261.3155,0.6845,50.0365,BR49,6,2,0
2020-03-18 07:00:00,0.269,260.3365,1.4445,50.056,BR49,7,2,0
2020-03-18 08:00:00,0.1679999999999999,259.37800000000004,1.005,50.0455,BR49,8,2,0
2020-03-18 09:00:00,0.164,255.8955,0.9485,49.963,BR49,9,2,0
2020-03-18 10:00:00,0.069,128.619,0.3984999999999999,25.0085,BR49,10,2,0
2020-03-18 11:00:00,0.0279999999999999,38.1645,0.262,7.494,BR49,11,2,0
2020-03-18 12:00:00,0.419,257.379,2.282,49.9875,BR49,12,2,0
2020-03-18 13:00:00,0.125,248.7495,0.8675,47.4825,BR49,13,2,0
2020-03-18 14:00:00,0.083,262.351,0.597,49.9575,BR49,14,2,0
2020-03-18 15:00:00,0.095,247.8085,0.5965,47.4385,BR49,15,2,0
2020-03-18 16:00:00,0.106,259.8105,0.6679999999999999,49.905,BR49,16,2,0
2020-03-18 17:00:00,0.143,259.233,0.7264999999999999,50.0365,BR49,17,2,0
2020-03-18 18:00:00,0.181,244.512,0.8975,47.5055,BR49,18,2,0
2020-03-18 19:00:00,0.372,240.119,1.69,47.4635,BR49,19,2,0
2020-03-18 20:00:00,0.368,255.404,1.6445,50.0055,BR49,20,2,0
2020-03-18 21:00:00,0.25,259.04,1.2494999999999998,50.009,BR49,21,2,0
2020-03-18 22:00:00,0.268,259.547,1.3305,49.9525,BR49,22,2,0
2020-03-18 23:00:00,0.259,261.1775,1.3535,49.9755,BR49,23,2,0
2020-03-19 00:00:00,0.146,263.067,0.7755,49.9845,BR49,0,3,0
2020-03-19 01:00:00,0.169,263.386,0.7525,50.0065,BR49,1,3,0
2020-03-19 02:00:00,0.172,263.7405,0.7695,50.039,BR49,2,3,0
2020-03-19 03:00:00,0.164,264.06,0.7325,50.005,BR49,3,3,0
2020-03-19 04:00:00,0.163,263.8595,0.7255,50.0055,BR49,4,3,0
2020-03-19 05:00:00,0.162,262.687,0.7225,50.0075,BR49,5,3,0
2020-03-19 06:00:00,0.164,262.0025,0.7244999999999999,50.0195,BR49,6,3,0
2020-03-19 07:00:00,0.124,261.548,0.632,50.017,BR49,7,3,0
2020-03-19 08:00:00,0.154,260.45950000000005,0.807,50.0225,BR49,8,3,0
2020-03-19 09:00:00,0.351,257.53650000000005,1.7175,49.9905,BR49,9,3,0
2020-03-19 10:00:00,0.1399999999999999,254.3915,0.7055,50.0195,BR49,10,3,0
2020-03-19 11:00:00,0.113,253.2445,0.5980000000000001,49.9655,BR49,11,3,0
2020-03-19 12:00:00,0.112,256.748,0.5935,50.012,BR49,12,3,0
2020-03-19 13:00:00,0.147,261.047,0.6595,50.0575,BR49,13,3,0
2020-03-19 14:00:00,0.145,258.684,0.705,49.996,BR49,14,3,0
2020-03-19 15:00:00,0.205,257.15,0.9735,49.858,BR49,15,3,0
2020-03-19 16:00:00,0.145,257.90950000000004,0.7224999999999999,49.996,BR49,16,3,0
2020-03-19 17:00:00,0.151,257.866,0.7375,50.0645,BR49,17,3,0
2020-03-19 18:00:00,0.192,256.3145,0.8699999999999999,50.0395,BR49,18,3,0
2020-03-19 19:00:00,0.213,253.605,0.947,49.9305,BR49,19,3,0
2020-03-19 20:00:00,0.198,255.264,0.8869999999999999,50.025,BR49,20,3,0
2020-03-19 21:00:00,0.429,256.6355,1.952,50.0015,BR49,21,3,0
2020-03-19 22:00:00,0.192,258.4125,0.8779999999999999,49.9965,BR49,22,3,0
2020-03-19 23:00:00,0.152,260.7725,0.8154999999999999,50.0215,BR49,23,3,0
2020-03-20 00:00:00,0.138,262.078,0.771,49.992,BR49,0,4,0
2020-03-20 01:00:00,0.146,262.8235,0.788,50.0195,BR49,1,4,0
2020-03-20 02:00:00,0.235,263.03000000000003,1.0174999999999998,50.0115,BR49,2,4,0
2020-03-20 03:00:00,0.161,263.7545,0.7484999999999999,50.0205,BR49,3,4,0
2020-03-20 04:00:00,0.149,262.879,0.725,50.010000000000005,BR49,4,4,0
2020-03-20 05:00:00,0.124,262.1165,0.7085,50.034000000000006,BR49,5,4,0
2020-03-20 06:00:00,0.127,260.197,0.7185,50.0395,BR49,6,4,0
2020-03-20 07:00:00,0.141,261.7815,0.7615000000000001,50.045,BR49,7,4,0
2020-03-20 08:00:00,0.177,260.9875,0.8630000000000001,50.008,BR49,8,4,0
2020-03-20 09:00:00,0.195,256.0665,0.93,49.9805,BR49,9,4,0
2020-03-20 10:00:00,0.158,252.658,0.7645,50.060500000000005,BR49,10,4,0
2020-03-20 11:00:00,0.133,252.4495,0.67,50.034000000000006,BR49,11,4,0
2020-03-20 12:00:00,0.129,255.5705,0.655,50.026,BR49,12,4,0
2020-03-20 13:00:00,0.12,260.7255,0.6335,50.0985,BR49,13,4,0
2020-03-20 14:00:00,0.125,261.3435,0.651,50.026,BR49,14,4,0
2020-03-20 15:00:00,0.2019999999999999,260.4155,0.8480000000000001,49.9825,BR49,15,4,0
2020-03-20 16:00:00,0.169,260.0975,0.739,50.034,BR49,16,4,0
2020-03-20 17:00:00,0.148,259.8275,0.6895,50.0415,BR49,17,4,0
2020-03-20 18:00:00,0.1679999999999999,257.3115,0.8295,50.0155,BR49,18,4,0
2020-03-20 19:00:00,0.384,253.5285,1.7475,50.0485,BR49,19,4,0
2020-03-20 20:00:00,0.194,256.12800000000004,0.8584999999999999,50.0475,BR49,20,4,0
2020-03-20 21:00:00,0.168,255.2675,0.8005000000000001,50.009,BR49,21,4,0
2020-03-20 22:00:00,0.24,257.2605,1.064,49.976,BR49,22,4,0
2020-03-20 23:00:00,0.208,259.211,0.9075,50.0,BR49,23,4,0
2020-03-21 00:00:00,0.183,260.7135,0.837,50.0505,BR49,0,5,1
2020-03-21 01:00:00,0.186,261.7585,0.8470000000000001,49.989,BR49,1,5,1
2020-03-21 02:00:00,0.249,262.2405,1.066,49.9845,BR49,2,5,1
2020-03-21 03:00:00,0.177,262.882,0.828,50.014,BR49,3,5,1
2020-03-21 04:00:00,0.1949999999999999,262.6015,0.912,50.048,BR49,4,5,1
2020-03-21 05:00:00,0.189,261.8005,0.8855000000000001,50.0495,BR49,5,5,1
2020-03-21 06:00:00,0.191,260.99850000000004,0.8995,50.084500000000006,BR49,6,5,1
2020-03-21 07:00:00,0.29,262.072,1.3130000000000002,50.052,BR49,7,5,1
2020-03-21 08:00:00,0.306,259.23850000000004,1.266,50.035,BR49,8,5,1
2020-03-21 09:00:00,0.272,257.861,1.135,50.038,BR49,9,5,1
2020-03-21 10:00:00,0.286,256.3825,1.192,50.0325,BR49,10,5,1
2020-03-21 11:00:00,0.132,253.095,0.6915,50.018,BR49,11,5,1
2020-03-21 12:00:00,0.42,255.7395,2.011,50.0505,BR49,12,5,1
2020-03-21 13:00:00,0.27,258.67150000000004,1.1775,50.09,BR49,13,5,1
2020-03-21 14:00:00,0.163,259.406,0.768,50.0065,BR49,14,5,1
2020-03-21 15:00:00,0.217,258.2115,0.937,50.017,BR49,15,5,1
2020-03-21 16:00:00,0.137,257.4865,0.6184999999999999,50.007,BR49,16,5,1
2020-03-21 17:00:00,0.141,258.0225,0.62,50.041,BR49,17,5,1
2020-03-21 18:00:00,0.1709999999999999,256.2445,0.771,50.028000000000006,BR49,18,5,1
2020-03-21 19:00:00,0.189,251.69,0.859,50.017,BR49,19,5,1
2020-03-21 20:00:00,0.564,253.69,2.5935,50.017,BR49,20,5,1
2020-03-21 21:00:00,0.266,254.6455,1.145,49.967,BR49,21,5,1
2020-03-21 22:00:00,0.409,256.198,1.661,49.992,BR49,22,5,1
2020-03-21 23:00:00,0.212,259.239,0.9105,50.066,BR49,23,5,1
2020-03-22 00:00:00,0.274,260.3965,1.126,49.942,BR49,0,6,1
2020-03-22 01:00:00,0.35,261.4995,1.397,49.9755,BR49,1,6,1
2020-03-22 02:00:00,0.299,262.92600000000004,1.205,50.057,BR49,2,6,1
2020-03-22 03:00:00,0.273,262.9765,1.1045,50.0425,BR49,3,6,1
2020-03-22 04:00:00,0.176,263.6675,0.7705,50.04600000000001,BR49,4,6,1
2020-03-22 05:00:00,0.178,263.1065,0.7785,50.068,BR49,5,6,1
2020-03-22 06:00:00,0.221,264.382,0.932,50.124,BR49,6,6,1
2020-03-22 07:00:00,0.194,264.456,0.835,50.111,BR49,7,6,1
2020-03-22 08:00:00,0.216,266.112,0.915,50.0585,BR49,8,6,1
2020-03-22 09:00:00,0.214,262.4245,0.972,50.029,BR49,9,6,1
2020-03-22 10:00:00,0.257,260.3295,1.2485,50.031,BR49,10,6,1
2020-03-22 11:00:00,0.215,258.1605,0.974,49.9765,BR49,11,6,1
2020-03-22 12:00:00,0.184,261.67150000000004,0.8945000000000001,49.99,BR49,12,6,1
2020-03-22 13:00:00,0.165,263.165,0.8385,50.058,BR49,13,6,1
2020-03-22 14:00:00,0.193,262.491,0.928,50.064,BR49,14,6,1
2020-03-22 15:00:00,0.139,263.6325,0.776,49.991,BR49,15,6,1
2020-03-22 16:00:00,0.118,263.2615,0.7045,50.013,BR49,16,6,1
2020-03-22 17:00:00,0.151,261.76,0.778,50.072,BR49,17,6,1
2020-03-22 18:00:00,0.239,258.364,0.995,49.964,BR49,18,6,1
2020-03-22 19:00:00,0.29,256.09000000000003,1.2325,49.976,BR49,19,6,1
2020-03-22 20:00:00,0.524,257.38,2.3315,49.975,BR49,20,6,1
2020-03-22 21:00:00,0.2799999999999999,259.5235,1.1475,49.9395,BR49,21,6,1
2020-03-22 22:00:00,0.315,260.4285,1.275,49.997,BR49,22,6,1
2020-03-22 23:00:00,0.274,262.641,1.1365,49.9935,BR49,23,6,1
2020-03-23 00:00:00,0.277,263.493,1.1375,50.0095,BR49,0,0,0
2020-03-23 01:00:00,0.327,263.2705,1.3105,50.024,BR49,1,0,0
2020-03-23 02:00:00,0.293,263.515,1.1965,49.974,BR49,2,0,0
2020-03-23 03:00:00,0.271,263.9785,1.1025,50.0165,BR49,3,0,0
2020-03-23 04:00:00,0.249,263.7265,1.0325,50.011,BR49,4,0,0
2020-03-23 05:00:00,0.18,262.4875,0.7875,49.995,BR49,5,0,0
2020-03-23 06:00:00,0.19,262.4545,0.8230000000000001,50.029,BR49,6,0,0
2020-03-23 07:00:00,0.298,262.2615,1.315,50.008500000000005,BR49,7,0,0
2020-03-23 08:00:00,0.35,259.5545,1.5505,49.9565,BR49,8,0,0
2020-03-23 09:00:00,0.26,261.076,1.1355,49.989,BR49,9,0,0
2020-03-23 10:00:00,0.189,259.4365,0.946,50.0735,BR49,10,0,0
2020-03-23 11:00:00,0.473,255.0275,2.1,50.0005,BR49,11,0,0
2020-03-23 12:00:00,0.135,256.7975,0.751,50.008500000000005,BR49,12,0,0
2020-03-23 13:00:00,0.152,258.21500000000003,0.7975,49.983,BR49,13,0,0
2020-03-23 14:00:00,0.184,259.7055,0.924,49.989,BR49,14,0,0
2020-03-23 15:00:00,0.209,262.9075,0.975,50.009,BR49,15,0,0
2020-03-23 16:00:00,0.182,260.3575,0.8755000000000001,49.967,BR49,16,0,0
2020-03-23 17:00:00,0.131,259.1565,0.732,50.0385,BR49,17,0,0
2020-03-23 18:00:00,0.2009999999999999,258.0375,0.877,50.0265,BR49,18,0,0
2020-03-23 19:00:00,0.35,251.0505,1.466,49.9785,BR49,19,0,0
2020-03-23 20:00:00,0.29,253.561,1.199,49.992,BR49,20,0,0
2020-03-23 21:00:00,0.24,255.602,1.057,50.001,BR49,21,0,0
2020-03-23 22:00:00,0.222,257.8595,0.9745,49.984,BR49,22,0,0
2020-03-23 23:00:00,0.227,260.0595,1.004,50.0315,BR49,23,0,0
2020-03-24 00:00:00,0.238,261.2245,1.065,49.9705,BR49,0,1,0
2020-03-24 01:00:00,0.2329999999999999,262.2835,1.0405,50.038,BR49,1,1,0
2020-03-24 02:00:00,0.2289999999999999,262.688,1.0205,50.0505,BR49,2,1,0
2020-03-24 03:00:00,0.286,263.517,1.214,50.039,BR49,3,1,0
2020-03-24 04:00:00,0.248,263.354,1.0915,50.043,BR49,4,1,0
2020-03-24 05:00:00,0.217,262.738,0.962,50.057,BR49,5,1,0
2020-03-24 06:00:00,0.136,261.4235,0.62,50.066500000000005,BR49,6,1,0
2020-03-24 07:00:00,0.437,260.4495,2.0445,50.09,BR49,7,1,0
2020-03-24 08:00:00,0.16,258.574,0.7635,50.0885,BR49,8,1,0
2020-03-24 09:00:00,0.183,257.84900000000005,0.8265,50.0175,BR49,9,1,0
2020-03-24 10:00:00,0.173,256.928,0.8495000000000001,50.0145,BR49,10,1,0
2020-03-24 11:00:00,0.029,64.8705,0.1605,12.5095,BR49,11,1,0
2020-03-24 12:00:00,0.0,0.0,0.0,0.0,BR49,12,1,0
2020-03-24 13:00:00,0.0,0.0,0.0,0.0,BR49,13,1,0
2020-03-24 14:00:00,0.0,0.0,0.0,0.0,BR49,14,1,0
2020-03-24 15:00:00,0.321,163.32999999999998,1.77,32.517,BR49,15,1,0
2020-03-24 16:00:00,0.346,254.3595,1.816,50.106,BR49,16,1,0
2020-03-24 17:00:00,0.267,257.459,1.365,50.078500000000005,BR49,17,1,0
2020-03-24 18:00:00,0.219,256.481,0.989,50.0305,BR49,18,1,0
2020-03-24 19:00:00,0.214,252.5765,0.9565,50.008,BR49,19,1,0
2020-03-24 20:00:00,0.274,254.8695,1.16,50.0575,BR49,20,1,0
2020-03-24 21:00:00,0.237,256.4345,1.063,50.0005,BR49,21,1,0
2020-03-24 22:00:00,0.243,258.943,1.041,50.037,BR49,22,1,0
2020-03-24 23:00:00,0.27,260.488,1.113,50.035,BR49,23,1,0
2020-03-25 00:00:00,0.246,261.604,1.0245000000000002,50.0595,BR49,0,2,0
2020-03-25 01:00:00,0.238,262.3225,0.9905,50.0405,BR49,1,2,0
2020-03-25 02:00:00,0.228,262.8275,0.957,50.0125,BR49,2,2,0
2020-03-25 03:00:00,0.227,263.063,0.941,50.012,BR49,3,2,0
2020-03-25 04:00:00,0.2029999999999999,263.1355,0.903,49.9905,BR49,4,2,0
2020-03-25 05:00:00,0.193,261.966,0.882,49.977,BR49,5,2,0
2020-03-25 06:00:00,0.192,259.7915,0.8745,49.973,BR49,6,2,0
2020-03-25 07:00:00,0.2329999999999999,257.1755,1.019,49.983,BR49,7,2,0
2020-03-25 08:00:00,0.357,257.18,1.7695,49.987,BR49,8,2,0
2020-03-25 09:00:00,0.14,258.1095,0.7195,50.0065,BR49,9,2,0
2020-03-25 10:00:00,0.125,259.1545,0.6685000000000001,50.0765,BR49,10,2,0
2020-03-25 11:00:00,0.121,257.1255,0.663,50.0185,BR49,11,2,0
2020-03-25 12:00:00,0.103,256.518,0.6020000000000001,50.0565,BR49,12,2,0
2020-03-25 13:00:00,0.096,257.5075,0.5835,50.0555,BR49,13,2,0
2020-03-25 14:00:00,0.097,248.7115,0.5940000000000001,47.515,BR49,14,2,0
2020-03-25 15:00:00,0.088,182.7695,0.5860000000000001,35.024,BR49,15,2,0
2020-03-25 16:00:00,0.143,260.043,0.661,49.9975,BR49,16,2,0
2020-03-25 17:00:00,0.164,257.8825,0.8140000000000001,50.084500000000006,BR49,17,2,0
2020-03-25 18:00:00,0.481,256.2795,2.181,50.0005,BR49,18,2,0
2020-03-25 19:00:00,0.303,252.2245,1.343,50.0285,BR49,19,2,0
2020-03-25 20:00:00,0.26,251.07800000000003,1.1469999999999998,50.032,BR49,20,2,0
2020-03-25 21:00:00,0.225,254.3445,1.054,50.038,BR49,21,2,0
2020-03-25 22:00:00,0.275,256.9765,1.176,50.03,BR49,22,2,0
2020-03-25 23:00:00,0.285,259.024,1.199,50.0225,BR49,23,2,0
2020-03-26 00:00:00,0.2329999999999999,260.017,1.023,49.9175,BR49,0,3,0
2020-03-26 01:00:00,0.226,261.299,0.998,50.0145,BR49,1,3,0
2020-03-26 02:00:00,0.227,261.7025,1.0025,50.0325,BR49,2,3,0
2020-03-26 03:00:00,0.225,261.969,0.9915,49.9695,BR49,3,3,0
2020-03-26 04:00:00,0.227,262.899,0.994,49.991,BR49,4,3,0
2020-03-26 05:00:00,0.224,261.70300000000003,0.989,49.972,BR49,5,3,0
2020-03-26 06:00:00,0.211,262.9765,0.922,50.0545,BR49,6,3,0
2020-03-26 07:00:00,0.172,259.0575,0.742,50.037,BR49,7,3,0
2020-03-26 08:00:00,0.1699999999999999,258.889,0.7915,50.048,BR49,8,3,0
2020-03-26 09:00:00,0.1699999999999999,258.1495,0.8404999999999999,50.06,BR49,9,3,0
2020-03-26 10:00:00,0.134,258.587,0.7155,50.057,BR49,10,3,0
2020-03-26 11:00:00,0.371,259.5675,1.8165,50.041,BR49,11,3,0
2020-03-26 12:00:00,0.116,261.4545,0.6865,50.0555,BR49,12,3,0
2020-03-26 13:00:00,0.115,262.72950000000003,0.7075,50.040000000000006,BR49,13,3,0
2020-03-26 14:00:00,0.096,210.5355,0.671,39.988,BR49,14,3,0
2020-03-26 15:00:00,0.127,262.6735,0.808,49.901,BR49,15,3,0
2020-03-26 16:00:00,0.14,261.1305,0.6705,50.0135,BR49,16,3,0
2020-03-26 17:00:00,0.133,256.9535,0.61,49.961,BR49,17,3,0
2020-03-26 18:00:00,0.141,256.64050000000003,0.7025,49.9345,BR49,18,3,0
2020-03-26 19:00:00,0.433,249.6375,2.006,49.9995,BR49,19,3,0
2020-03-26 20:00:00,0.252,251.24,1.0845,50.025,BR49,20,3,0
2020-03-26 21:00:00,0.281,252.5275,1.1695,50.0135,BR49,21,3,0
2020-03-26 22:00:00,0.294,255.7635,1.248,50.0275,BR49,22,3,0
2020-03-26 23:00:00,0.381,257.1955,1.5765,50.002,BR49,23,3,0
2020-03-27 00:00:00,0.323,258.615,1.2965,49.966,BR49,0,4,0
2020-03-27 01:00:00,0.309,259.305,1.2405,49.975,BR49,1,4,0
2020-03-27 02:00:00,0.311,260.0345,1.2425000000000002,49.98,BR49,2,4,0
2020-03-27 03:00:00,0.311,260.362,1.246,49.9785,BR49,3,4,0
2020-03-27 04:00:00,0.312,260.672,1.246,49.9985,BR49,4,4,0
2020-03-27 05:00:00,0.31,260.51800000000003,1.2325,50.0615,BR49,5,4,0
2020-03-27 06:00:00,0.316,262.5245,1.257,50.0715,BR49,6,4,0
2020-03-27 07:00:00,0.245,235.448,1.1655000000000002,44.9865,BR49,7,4,0
2020-03-27 08:00:00,0.164,246.4555,0.935,47.469,BR49,8,4,0
2020-03-27 09:00:00,0.16,261.0525,0.8585,49.992,BR49,9,4,0
2020-03-27 10:00:00,0.106,208.458,0.948,40.010000000000005,BR49,10,4,0
2020-03-27 11:00:00,0.456,258.75100000000003,2.4085,49.9895,BR49,11,4,0
2020-03-27 12:00:00,0.1669999999999999,260.6035,0.865,49.998000000000005,BR49,12,4,0
2020-03-27 13:00:00,0.116,261.21750000000003,0.6665,50.045,BR49,13,4,0
2020-03-27 14:00:00,0.144,262.3375,0.77,49.9995,BR49,14,4,0
2020-03-27 15:00:00,0.116,261.4275,0.6695,49.9485,BR49,15,4,0
2020-03-27 16:00:00,0.133,260.8465,0.709,49.927,BR49,16,4,0
2020-03-27 17:00:00,0.129,260.1465,0.719,49.9805,BR49,17,4,0
2020-03-27 18:00:00,0.144,258.9435,0.7675,49.943,BR49,18,4,0
2020-03-27 19:00:00,0.193,257.08000000000004,0.911,49.9775,BR49,19,4,0
2020-03-27 20:00:00,0.206,254.335,0.934,50.001,BR49,20,4,0
2020-03-27 21:00:00,0.2009999999999999,255.554,0.9235,49.971500000000006,BR49,21,4,0
2020-03-27 22:00:00,0.238,257.2345,1.074,50.0435,BR49,22,4,0
2020-03-27 23:00:00,0.278,257.8765,1.206,49.967,BR49,23,4,0
2020-03-28 00:00:00,0.32,259.486,1.3125,49.9945,BR49,0,5,1
2020-03-28 01:00:00,0.302,260.795,1.257,49.998000000000005,BR49,1,5,1
2020-03-28 02:00:00,0.268,261.5985,1.128,50.0005,BR49,2,5,1
2020-03-28 03:00:00,0.265,262.457,1.1015,50.0155,BR49,3,5,1
2020-03-28 04:00:00,0.262,262.20050000000003,1.0925,49.986,BR49,4,5,1
2020-03-28 05:00:00,0.262,261.0415,1.0985,49.992,BR49,5,5,1
2020-03-28 06:00:00,0.264,261.9125,1.1095000000000002,50.0455,BR49,6,5,1
2020-03-28 07:00:00,0.27,260.4625,1.124,50.037,BR49,7,5,1
2020-03-28 08:00:00,0.395,258.9685,1.887,50.055,BR49,8,5,1
2020-03-28 09:00:00,0.6,255.9975,2.8815,50.051,BR49,9,5,1
2020-03-28 10:00:00,0.889,254.261,4.1055,50.067,BR49,10,5,1
2020-03-28 11:00:00,0.843,256.1925,3.9665,50.082,BR49,11,5,1
2020-03-28 12:00:00,0.722,230.0545,3.81,45.08,BR49,12,5,1
2020-03-28 13:00:00,0.918,254.7125,4.2735,50.0995,BR49,13,5,1
2020-03-28 14:00:00,0.318,257.999,1.496,50.1125,BR49,14,5,1
2020-03-28 15:00:00,0.137,258.5835,0.7344999999999999,49.9975,BR49,15,5,1
2020-03-28 16:00:00,0.1,258.916,0.6255,49.9845,BR49,16,5,1
2020-03-28 17:00:00,0.119,258.111,0.701,50.058,BR49,17,5,1
2020-03-28 18:00:00,0.138,256.368,0.7030000000000001,49.927,BR49,18,5,1
2020-03-28 19:00:00,0.23,248.6225,1.0445,49.9375,BR49,19,5,1
2020-03-28 20:00:00,0.254,248.0645,1.1515,49.9955,BR49,20,5,1
2020-03-28 21:00:00,0.187,250.7285,0.868,50.019,BR49,21,5,1
2020-03-28 22:00:00,0.187,253.0945,0.8654999999999999,49.9995,BR49,22,5,1
2020-03-28 23:00:00,0.2009999999999999,256.119,0.8995,49.99,BR49,23,5,1
2020-03-29 00:00:00,0.293,258.3225,1.2035,50.007,BR49,0,6,1
2020-03-29 01:00:00,0.323,259.235,1.2970000000000002,50.0175,BR49,1,6,1
2020-03-29 02:00:00,0.332,259.9005,1.338,49.984,BR49,2,6,1
2020-03-29 03:00:00,0.289,260.711,1.1715,50.007,BR49,3,6,1
2020-03-29 04:00:00,0.284,259.796,1.149,49.9095,BR49,4,6,1
2020-03-29 05:00:00,0.285,259.927,1.1565,49.958,BR49,5,6,1
2020-03-29 06:00:00,0.277,261.242,1.1425,49.9905,BR49,6,6,1
2020-03-29 07:00:00,0.247,260.8435,1.0295,50.0205,BR49,7,6,1
2020-03-29 08:00:00,0.153,260.2605,0.7155,50.0705,BR49,8,6,1
2020-03-29 09:00:00,0.134,251.284,0.694,50.057,BR49,9,6,1
2020-03-29 10:00:00,0.146,254.443,0.754,50.113,BR49,10,6,1
2020-03-29 11:00:00,0.087,180.8525,0.6025,35.03,BR49,11,6,1
2020-03-29 12:00:00,0.099,259.587,0.648,50.0405,BR49,12,6,1
2020-03-29 13:00:00,0.191,264.494,0.9505,50.1915,BR49,13,6,1
2020-03-29 14:00:00,0.391,264.636,1.9185,50.07,BR49,14,6,1
2020-03-29 15:00:00,0.09,265.135,0.6054999999999999,49.9975,BR49,15,6,1
2020-03-29 16:00:00,0.094,261.409,0.633,49.925,BR49,16,6,1
2020-03-29 17:00:00,0.115,259.0575,0.688,49.997,BR49,17,6,1
2020-03-29 18:00:00,0.182,254.3175,0.8619999999999999,49.9655,BR49,18,6,1
2020-03-29 19:00:00,0.228,228.0065,1.0795,47.479,BR49,19,6,1
2020-03-29 20:00:00,0.228,247.3415,1.1835,50.021,BR49,20,6,1
2020-03-29 21:00:00,0.213,251.14050000000003,0.9705,50.023,BR49,21,6,1
2020-03-29 22:00:00,0.1979999999999999,253.1245,0.9095,49.998000000000005,BR49,22,6,1
2020-03-29 23:00:00,0.287,256.0775,1.245,49.985,BR49,23,6,1
2020-03-30 00:00:00,0.277,257.2415,1.1934999999999998,49.9985,BR49,0,0,0
2020-03-30 01:00:00,0.291,259.2525,1.2075,50.018,BR49,1,0,0
2020-03-30 02:00:00,0.294,260.068,1.212,50.0045,BR49,2,0,0
2020-03-30 03:00:00,0.337,260.103,1.372,49.9305,BR49,3,0,0
2020-03-30 04:00:00,0.306,260.22950000000003,1.26,50.0035,BR49,4,0,0
2020-03-30 05:00:00,0.289,261.09250000000003,1.1945,50.001,BR49,5,0,0
2020-03-30 06:00:00,0.276,262.7265,1.1635,49.96,BR49,6,0,0
2020-03-30 07:00:00,0.252,260.118,1.0790000000000002,50.0035,BR49,7,0,0
2020-03-30 08:00:00,0.185,258.3945,0.8585,49.985,BR49,8,0,0
2020-03-30 09:00:00,0.163,247.5225,0.772,50.014,BR49,9,0,0
2020-03-30 10:00:00,0.398,253.662,1.9735,50.0205,BR49,10,0,0
2020-03-30 11:00:00,0.12,247.2725,0.6679999999999999,47.4995,BR49,11,0,0
2020-03-30 12:00:00,0.187,231.704,0.981,44.9915,BR49,12,0,0
2020-03-30 13:00:00,0.145,262.731,0.8085000000000001,50.0415,BR49,13,0,0
2020-03-30 14:00:00,0.129,264.076,0.718,50.0205,BR49,14,0,0
2020-03-30 15:00:00,0.103,260.324,0.637,49.9735,BR49,15,0,0
2020-03-30 16:00:00,0.188,256.9145,0.949,49.869,BR49,16,0,0
2020-03-30 17:00:00,0.186,255.47,0.9925,50.027,BR49,17,0,0
2020-03-30 18:00:00,0.115,249.716,0.6255,49.932,BR49,18,0,0
2020-03-30 19:00:00,0.179,222.138,0.8945000000000001,44.887,BR49,19,0,0
2020-03-30 20:00:00,0.193,252.772,0.947,49.9705,BR49,20,0,0
2020-03-30 21:00:00,0.246,255.2035,1.1575,49.96,BR49,21,0,0
2020-03-30 22:00:00,0.273,255.656,1.2785,49.9805,BR49,22,0,0
2020-03-30 23:00:00,0.3,257.7635,1.301,50.0025,BR49,23,0,0
2020-03-31 00:00:00,0.2789999999999999,259.1895,1.227,49.989,BR49,0,1,0
2020-03-31 01:00:00,0.2799999999999999,260.3435,1.192,49.9755,BR49,1,1,0
2020-03-31 02:00:00,0.287,261.094,1.206,49.967,BR49,2,1,0
2020-03-31 03:00:00,0.333,261.9285,1.3625,50.009,BR49,3,1,0
2020-03-31 04:00:00,0.258,261.2225,1.096,49.958,BR49,4,1,0
2020-03-31 05:00:00,0.265,263.7595,1.12,49.904,BR49,5,1,0
2020-03-31 06:00:00,0.268,266.5835,1.119,50.017,BR49,6,1,0
2020-03-31 07:00:00,0.255,260.1545,1.0865,49.9855,BR49,7,1,0
2020-03-31 08:00:00,0.175,250.972,0.7895,49.978,BR49,8,1,0
2020-03-31 09:00:00,0.352,245.255,1.6954999999999998,49.975,BR49,9,1,0
2020-03-31 10:00:00,0.124,253.293,0.6759999999999999,49.983,BR49,10,1,0
2020-03-31 11:00:00,0.127,256.9255,0.6915,50.026,BR49,11,1,0
2020-03-31 12:00:00,0.107,254.8985,0.604,50.028000000000006,BR49,12,1,0
2020-03-31 13:00:00,0.12,256.0965,0.646,50.0235,BR49,13,1,0
2020-03-31 14:00:00,0.123,257.857,0.6639999999999999,50.0055,BR49,14,1,0
2020-03-31 15:00:00,0.127,259.8475,0.705,49.9775,BR49,15,1,0
2020-03-31 16:00:00,0.149,260.343,0.7835,50.0005,BR49,16,1,0
2020-03-31 17:00:00,0.525,259.5225,2.515,50.0165,BR49,17,1,0
2020-03-31 18:00:00,0.657,255.5885,3.113,49.994,BR49,18,1,0
2020-03-31 19:00:00,0.172,146.9415,0.7565,30.007,BR49,19,1,0
2020-03-31 20:00:00,0.215,160.452,1.23,32.475,BR49,20,1,0
2020-03-31 21:00:00,0.239,252.467,1.207,49.971,BR49,21,1,0
2020-03-31 22:00:00,0.215,255.13,1.008,50.0115,BR49,22,1,0
2020-03-31 23:00:00,0.283,257.159,1.254,49.9835,BR49,23,1,0
2020-04-01 00:00:00,0.303,258.637,1.267,49.924,BR49,0,2,0
2020-04-01 01:00:00,0.31,260.293,1.283,50.029,BR49,1,2,0
2020-04-01 02:00:00,0.34,260.7635,1.388,49.9945,BR49,2,2,0
2020-04-01 03:00:00,0.321,260.584,1.3295,49.964,BR49,3,2,0
2020-04-01 04:00:00,0.2799999999999999,259.9735,1.174,49.999,BR49,4,2,0
2020-04-01 05:00:00,0.2769999999999999,260.5385,1.159,49.9695,BR49,5,2,0
2020-04-01 06:00:00,0.266,259.20050000000003,1.1195,49.915,BR49,6,2,0
2020-04-01 07:00:00,0.169,253.765,0.799,49.9985,BR49,7,2,0
2020-04-01 08:00:00,0.129,251.7365,0.629,49.991,BR49,8,2,0
2020-04-01 09:00:00,0.115,247.6595,0.6359999999999999,50.044,BR49,9,2,0
2020-04-01 10:00:00,0.181,251.0595,0.8595,50.0415,BR49,10,2,0
2020-04-01 11:00:00,0.299,254.18400000000003,1.416,50.014,BR49,11,2,0
2020-04-01 12:00:00,0.131,253.133,0.7015,49.947500000000005,BR49,12,2,0
2020-04-01 13:00:00,0.136,257.325,0.7705,49.993,BR49,13,2,0
2020-04-01 14:00:00,0.129,262.077,0.7064999999999999,49.993,BR49,14,2,0
2020-04-01 15:00:00,0.121,264.221,0.6995,49.939,BR49,15,2,0
2020-04-01 16:00:00,0.212,263.8895,0.966,49.9055,BR49,16,2,0
2020-04-01 17:00:00,0.112,262.24,0.5755,49.982,BR49,17,2,0
2020-04-01 18:00:00,0.152,253.938,0.746,49.9345,BR49,18,2,0
2020-04-01 19:00:00,0.219,242.892,0.9775,49.939,BR49,19,2,0
2020-04-01 20:00:00,0.249,245.3035,1.1265,49.9915,BR49,20,2,0
2020-04-01 21:00:00,0.25,252.797,1.0795,49.9435,BR49,21,2,0
2020-04-01 22:00:00,0.243,253.6945,1.076,49.9075,BR49,22,2,0
2020-04-01 23:00:00,0.3,254.0525,1.25,49.9845,BR49,23,2,0
2020-04-02 00:00:00,0.2789999999999999,255.731,1.157,49.961,BR49,0,3,0
2020-04-02 01:00:00,0.277,257.6025,1.132,50.047,BR49,1,3,0
2020-04-02 02:00:00,0.293,258.1465,1.1955,50.0215,BR49,2,3,0
2020-04-02 03:00:00,0.344,257.9555,1.382,50.014,BR49,3,3,0
2020-04-02 04:00:00,0.314,257.7225,1.284,50.028,BR49,4,3,0
2020-04-02 05:00:00,0.304,262.458,1.2145,50.021,BR49,5,3,0
2020-04-02 06:00:00,0.297,263.33000000000004,1.1835,50.0095,BR49,6,3,0
2020-04-02 07:00:00,0.278,256.616,1.1475,50.060500000000005,BR49,7,3,0
2020-04-02 08:00:00,0.204,250.968,0.9165,50.0345,BR49,8,3,0
2020-04-02 09:00:00,0.411,244.4415,2.003,50.008500000000005,BR49,9,3,0
2020-04-02 10:00:00,0.121,251.701,0.6695,50.046,BR49,10,3,0
2020-04-02 11:00:00,0.14,256.701,0.7445,50.021,BR49,11,3,0
2020-04-02 12:00:00,0.148,257.164,0.74,50.014,BR49,12,3,0
2020-04-02 13:00:00,0.137,260.182,0.7175,50.029,BR49,13,3,0
2020-04-02 14:00:00,0.133,262.767,0.7045,50.019,BR49,14,3,0
2020-04-02 15:00:00,0.096,264.1555,0.6155,50.002,BR49,15,3,0
2020-04-02 16:00:00,0.162,264.5295,0.7304999999999999,50.011,BR49,16,3,0
2020-04-02 17:00:00,0.314,257.8895,1.4555,49.9925,BR49,17,3,0
2020-04-02 18:00:00,0.125,254.731,0.6725000000000001,50.040000000000006,BR49,18,3,0
2020-04-02 19:00:00,0.219,246.583,1.0105,50.031,BR49,19,3,0
2020-04-02 20:00:00,0.258,248.45300000000003,1.114,50.0505,BR49,20,3,0
2020-04-02 21:00:00,0.252,250.7755,1.0935,50.056,BR49,21,3,0
2020-04-02 22:00:00,0.225,252.8875,1.0055,49.979,BR49,22,3,0
2020-04-02 23:00:00,0.289,256.0045,1.2165,50.006,BR49,23,3,0
2020-04-03 00:00:00,0.276,257.03000000000003,1.1364999999999998,50.008,BR49,0,4,0
2020-04-03 01:00:00,0.27,257.9775,1.1265,50.029,BR49,1,4,0
2020-04-03 02:00:00,0.27,258.797,1.126,49.9965,BR49,2,4,0
2020-04-03 03:00:00,0.321,259.101,1.3215,50.001,BR49,3,4,0
2020-04-03 04:00:00,0.247,258.8865,1.042,50.001,BR49,4,4,0
2020-04-03 05:00:00,0.253,261.291,1.069,50.0265,BR49,5,4,0
2020-04-03 06:00:00,0.256,259.9895,1.072,49.964,BR49,6,4,0
2020-04-03 07:00:00,0.248,258.1025,1.0425,50.0355,BR49,7,4,0
2020-04-03 08:00:00,0.185,254.6175,0.8119999999999999,49.979,BR49,8,4,0
2020-04-03 09:00:00,0.132,248.1325,0.67,50.0005,BR49,9,4,0
2020-04-03 10:00:00,0.376,250.464,1.7995,50.0215,BR49,10,4,0
2020-04-03 11:00:00,0.346,256.75,1.6614999999999998,50.0385,BR49,11,4,0
2020-04-03 12:00:00,0.174,258.2585,0.9395,49.975,BR49,12,4,0
2020-04-03 13:00:00,0.124,260.6085,0.708,50.012,BR49,13,4,0
2020-04-03 14:00:00,0.126,264.577,0.6944999999999999,50.0035,BR49,14,4,0
2020-04-03 15:00:00,0.084,198.9245,0.624,37.5,BR49,15,4,0
2020-04-03 16:00:00,0.19,264.781,0.9485,50.031,BR49,16,4,0
2020-04-03 17:00:00,0.322,263.7275,1.444,50.0075,BR49,17,4,0
2020-04-03 18:00:00,0.305,256.5525,1.503,50.0265,BR49,18,4,0
2020-04-03 19:00:00,0.195,249.228,0.923,49.9705,BR49,19,4,0
2020-04-03 20:00:00,0.196,252.959,0.9065,50.0585,BR49,20,4,0
2020-04-03 21:00:00,0.1979999999999999,254.8495,0.9025,50.0205,BR49,21,4,0
2020-04-03 22:00:00,0.2019999999999999,256.6185,0.9035,50.0015,BR49,22,4,0
2020-04-03 23:00:00,0.267,258.7915,1.1244999999999998,50.0095,BR49,23,4,0
2020-04-04 00:00:00,0.27,259.973,1.1365,50.003,BR49,0,5,1
2020-04-04 01:00:00,0.276,261.0455,1.157,49.997,BR49,1,5,1
2020-04-04 02:00:00,0.322,261.7795,1.3165,49.9795,BR49,2,5,1
2020-04-04 03:00:00,0.295,262.1535,1.228,49.9735,BR49,3,5,1
2020-04-04 04:00:00,0.269,261.471,1.126,49.952,BR49,4,5,1
2020-04-04 05:00:00,0.253,262.0135,1.0785,49.9435,BR49,5,5,1
2020-04-04 06:00:00,0.239,262.4475,1.0355,49.972,BR49,6,5,1
2020-04-04 07:00:00,0.243,258.57550000000003,1.0345,50.0365,BR49,7,5,1
2020-04-04 08:00:00,0.206,255.885,0.932,50.0255,BR49,8,5,1
2020-04-04 09:00:00,0.228,238.208,1.2755,47.5065,BR49,9,5,1
2020-04-04 10:00:00,0.148,253.336,0.772,50.021,BR49,10,5,1
2020-04-04 11:00:00,0.155,257.99,0.7929999999999999,49.994,BR49,11,5,1
2020-04-04 12:00:00,0.313,260.7065,1.432,50.033,BR49,12,5,1
2020-04-04 13:00:00,0.118,263.326,0.6675,50.029,BR49,13,5,1
2020-04-04 14:00:00,0.12,266.3025,0.671,50.0155,BR49,14,5,1
2020-04-04 15:00:00,0.101,266.052,0.65,49.9525,BR49,15,5,1
2020-04-04 16:00:00,0.131,250.04,0.6945,47.4695,BR49,16,5,1
2020-04-04 17:00:00,0.105,245.274,0.6495,47.511,BR49,17,5,1
2020-04-04 18:00:00,0.15,253.41950000000003,0.7575000000000001,50.0305,BR49,18,5,1
2020-04-04 19:00:00,0.217,249.021,1.0385,50.027,BR49,19,5,1
2020-04-04 20:00:00,0.14,138.145,0.7685000000000001,27.521500000000003,BR49,20,5,1
2020-04-04 21:00:00,0.411,251.9805,2.14,50.019,BR49,21,5,1
2020-04-04 22:00:00,0.251,255.458,1.2315,49.926,BR49,22,5,1
2020-04-04 23:00:00,0.351,258.493,1.5035,50.0045,BR49,23,5,1
2020-04-05 00:00:00,0.288,260.2495,1.2155,49.9845,BR49,0,6,1
2020-04-05 01:00:00,0.285,261.62,1.2065,50.0175,BR49,1,6,1
2020-04-05 02:00:00,0.316,262.094,1.325,50.0175,BR49,2,6,1
2020-04-05 03:00:00,0.299,262.25,1.2565000000000002,49.9615,BR49,3,6,1
2020-04-05 04:00:00,0.254,262.258,1.081,49.993,BR49,4,6,1
2020-04-05 05:00:00,0.246,261.144,1.0635,49.9565,BR49,5,6,1
2020-04-05 06:00:00,0.253,262.108,1.0815,50.0255,BR49,6,6,1
2020-04-05 07:00:00,0.26,261.2495,1.0885,50.0255,BR49,7,6,1
2020-04-05 08:00:00,0.362,258.1855,1.612,50.0625,BR49,8,6,1
2020-04-05 09:00:00,0.27,250.208,1.2935,50.006,BR49,9,6,1
2020-04-05 10:00:00,0.136,255.1025,0.8019999999999999,49.9575,BR49,10,6,1
2020-04-05 11:00:00,0.142,220.772,0.8310000000000001,42.464,BR49,11,6,1
2020-04-05 12:00:00,0.152,244.418,1.066,47.459500000000006,BR49,12,6,1
2020-04-05 13:00:00,0.099,262.349,0.671,50.0435,BR49,13,6,1
2020-04-05 14:00:00,0.121,266.4845,0.708,50.0005,BR49,14,6,1
2020-04-05 15:00:00,0.098,265.997,0.643,49.975,BR49,15,6,1
2020-04-05 16:00:00,0.168,260.814,0.849,49.9895,BR49,16,6,1
2020-04-05 17:00:00,0.109,228.7295,0.663,44.9985,BR49,17,6,1
2020-04-05 18:00:00,0.304,247.4175,1.58,50.04,BR49,18,6,1
2020-04-05 19:00:00,0.487,243.355,2.457,49.9895,BR49,19,6,1
2020-04-05 20:00:00,0.292,243.871,1.3175,49.946,BR49,20,6,1
2020-04-05 21:00:00,0.176,251.724,0.8195,50.1395,BR49,21,6,1
2020-04-05 22:00:00,0.208,251.2595,0.921,50.025,BR49,22,6,1
2020-04-05 23:00:00,0.207,254.7085,0.8875,50.0235,BR49,23,6,1
2020-04-06 00:00:00,0.22,256.5525,0.9555,50.018,BR49,0,0,0
2020-04-06 01:00:00,0.212,257.535,0.934,49.981,BR49,1,0,0
2020-04-06 02:00:00,0.211,258.8375,0.93,50.0025,BR49,2,0,0
2020-04-06 03:00:00,0.271,259.285,1.149,50.013,BR49,3,0,0
2020-04-06 04:00:00,0.205,259.348,0.9115,50.022000000000006,BR49,4,0,0
2020-04-06 05:00:00,0.186,258.202,0.827,50.0095,BR49,5,0,0
2020-04-06 06:00:00,0.196,258.334,0.8675,49.9875,BR49,6,0,0
2020-04-06 07:00:00,0.197,256.7155,0.956,50.0575,BR49,7,0,0
2020-04-06 08:00:00,0.16,254.719,0.7765,49.9935,BR49,8,0,0
2020-04-06 09:00:00,0.174,248.26,0.8480000000000001,49.993,BR49,9,0,0
2020-04-06 10:00:00,0.196,240.818,1.0355,47.5455,BR49,10,0,0
2020-04-06 11:00:00,0.089,234.4225,0.6385,45.0285,BR49,11,0,0
2020-04-06 12:00:00,0.12,235.214,0.778,44.995,BR49,12,0,0
2020-04-06 13:00:00,0.132,237.01,0.897,45.0435,BR49,13,0,0
2020-04-06 14:00:00,0.134,251.0835,0.6725,47.4955,BR49,14,0,0
2020-04-06 15:00:00,0.139,235.961,0.7354999999999999,45.0515,BR49,15,0,0
2020-04-06 16:00:00,0.138,259.2235,0.62,50.024,BR49,16,0,0
2020-04-06 17:00:00,0.118,256.511,0.6075,50.009,BR49,17,0,0
2020-04-06 18:00:00,0.201,253.3895,0.9275,49.9755,BR49,18,0,0
2020-04-06 19:00:00,0.2329999999999999,249.115,1.048,50.0095,BR49,19,0,0
2020-04-06 20:00:00,0.22,247.699,0.967,49.9745,BR49,20,0,0
2020-04-06 21:00:00,0.372,249.508,1.6895,49.999,BR49,21,0,0
2020-04-06 22:00:00,0.2329999999999999,252.801,1.027,49.985,BR49,22,0,0
2020-04-06 23:00:00,0.275,256.6535,1.1695,50.021,BR49,23,0,0
2020-04-07 00:00:00,0.244,257.1495,1.0295,49.929,BR49,0,1,0
2020-04-07 01:00:00,0.243,258.222,1.027,50.0225,BR49,1,1,0
2020-04-07 02:00:00,0.23,259.129,0.973,50.0505,BR49,2,1,0
2020-04-07 03:00:00,0.225,259.7875,0.944,50.066,BR49,3,1,0
2020-04-07 04:00:00,0.231,259.4325,0.9705,49.9955,BR49,4,1,0
2020-04-07 05:00:00,0.229,258.5415,0.9715,49.972,BR49,5,1,0
2020-04-07 06:00:00,0.222,258.749,0.9435,50.010000000000005,BR49,6,1,0
2020-04-07 07:00:00,0.199,258.146,0.8865000000000001,50.0365,BR49,7,1,0
2020-04-07 08:00:00,0.215,257.4085,0.919,49.9725,BR49,8,1,0
2020-04-07 09:00:00,0.254,252.429,1.0795,49.985,BR49,9,1,0
2020-04-07 10:00:00,0.131,256.468,0.708,50.063,BR49,10,1,0
2020-04-07 11:00:00,0.157,262.5005,0.8205,50.009,BR49,11,1,0
2020-04-07 12:00:00,0.164,262.5265,0.8425,49.9995,BR49,12,1,0
2020-04-07 13:00:00,0.113,264.2575,0.6565,50.0095,BR49,13,1,0
2020-04-07 14:00:00,0.158,265.96,0.779,49.998000000000005,BR49,14,1,0
2020-04-07 15:00:00,0.167,265.996,0.7234999999999999,49.992,BR49,15,1,0
2020-04-07 16:00:00,0.14,264.8815,0.6125,50.0445,BR49,16,1,0
2020-04-07 17:00:00,0.126,260.96,0.5895,50.0445,BR49,17,1,0
2020-04-07 18:00:00,0.4029999999999999,252.3915,1.8955,50.0165,BR49,18,1,0
2020-04-07 19:00:00,0.239,246.481,1.0699999999999998,50.0385,BR49,19,1,0
2020-04-07 20:00:00,0.311,246.4595,1.353,50.032,BR49,20,1,0
2020-04-07 21:00:00,0.249,250.2235,1.074,50.0145,BR49,21,1,0
2020-04-07 22:00:00,0.214,253.6915,0.953,50.041,BR49,22,1,0
2020-04-07 23:00:00,0.245,256.9055,1.043,49.9865,BR49,23,1,0
2020-04-08 00:00:00,0.255,259.331,1.0765,49.9755,BR49,0,2,0
2020-04-08 01:00:00,0.227,258.3835,0.959,49.948,BR49,1,2,0
2020-04-08 02:00:00,0.229,260.428,0.969,50.019,BR49,2,2,0
2020-04-08 03:00:00,0.227,260.808,0.9535,50.010000000000005,BR49,3,2,0
2020-04-08 04:00:00,0.236,260.2635,0.992,49.938,BR49,4,2,0
2020-04-08 05:00:00,0.2339999999999999,259.4445,0.98,50.024,BR49,5,2,0
2020-04-08 06:00:00,0.2319999999999999,258.42,0.9825000000000002,50.0055,BR49,6,2,0
2020-04-08 07:00:00,0.224,259.7045,0.9455,50.043,BR49,7,2,0
2020-04-08 08:00:00,0.161,258.45300000000003,0.7525,50.023,BR49,8,2,0
2020-04-08 09:00:00,0.112,254.2395,0.6405000000000001,50.0195,BR49,9,2,0
2020-04-08 10:00:00,0.143,256.001,0.7535000000000001,50.0175,BR49,10,2,0
2020-04-08 11:00:00,0.542,259.986,2.341,50.0145,BR49,11,2,0
2020-04-08 12:00:00,0.302,259.59000000000003,1.2375,49.993,BR49,12,2,0
2020-04-08 13:00:00,0.264,261.1295,1.1095000000000002,50.009,BR49,13,2,0
2020-04-08 14:00:00,0.299,263.721,1.2695,50.007,BR49,14,2,0
2020-04-08 15:00:00,0.195,261.4585,0.8640000000000001,49.914,BR49,15,2,0
2020-04-08 16:00:00,0.183,261.5985,0.7889999999999999,50.027,BR49,16,2,0
2020-04-08 17:00:00,0.195,256.25300000000004,0.844,49.9995,BR49,17,2,0
2020-04-08 18:00:00,0.454,252.125,2.132,50.0245,BR49,18,2,0
2020-04-08 19:00:00,0.25,243.4535,1.1235,50.043,BR49,19,2,0
2020-04-08 20:00:00,0.307,246.5195,1.392,50.0015,BR49,20,2,0
2020-04-08 21:00:00,0.2299999999999999,249.112,1.039,49.992,BR49,21,2,0
2020-04-08 22:00:00,0.265,250.70300000000003,1.1305,49.9885,BR49,22,2,0
2020-04-08 23:00:00,0.284,253.3095,1.2029999999999998,50.023,BR49,23,2,0
2020-04-09 00:00:00,0.217,255.5935,0.9455,50.028000000000006,BR49,0,3,0
2020-04-09 01:00:00,0.207,257.20500000000004,0.9004999999999999,49.976,BR49,1,3,0
2020-04-09 02:00:00,0.211,258.3485,0.907,49.9735,BR49,2,3,0
2020-04-09 03:00:00,0.212,259.5225,0.916,50.0105,BR49,3,3,0
2020-04-09 04:00:00,0.208,259.5855,0.8935000000000001,50.0315,BR49,4,3,0
2020-04-09 05:00:00,0.1999999999999999,258.1095,0.874,50.0185,BR49,5,3,0
2020-04-09 06:00:00,0.207,259.4925,0.899,50.047,BR49,6,3,0
2020-04-09 07:00:00,0.184,259.377,0.902,50.0245,BR49,7,3,0
2020-04-09 08:00:00,0.133,257.9205,0.721,50.0255,BR49,8,3,0
2020-04-09 09:00:00,0.108,250.198,0.615,50.0065,BR49,9,3,0
2020-04-09 10:00:00,0.127,254.6445,0.6955,50.021,BR49,10,3,0
2020-04-09 11:00:00,0.186,245.454,0.9345,47.5015,BR49,11,3,0
2020-04-09 12:00:00,0.181,262.111,0.908,49.987,BR49,12,3,0
2020-04-09 13:00:00,0.154,262.3675,0.8390000000000001,50.0165,BR49,13,3,0
2020-04-09 14:00:00,0.133,264.439,0.7865,50.0245,BR49,14,3,0
2020-04-09 15:00:00,0.186,265.154,0.8885,49.9545,BR49,15,3,0
2020-04-09 16:00:00,0.182,261.90700000000004,0.867,50.008500000000005,BR49,16,3,0
2020-04-09 17:00:00,0.1979999999999999,256.3275,0.868,49.948,BR49,17,3,0
2020-04-09 18:00:00,0.4559999999999999,252.3155,2.1265,50.0625,BR49,18,3,0
2020-04-09 19:00:00,0.519,247.13,2.3435,50.032,BR49,19,3,0
2020-04-09 20:00:00,0.251,249.87150000000003,1.1015,50.013,BR49,20,3,0
2020-04-09 21:00:00,0.224,252.2455,0.973,49.9845,BR49,21,3,0
2020-04-09 22:00:00,0.258,254.691,1.093,49.95399999999999,BR49,22,3,0
2020-04-09 23:00:00,0.2759999999999999,255.111,1.1765,49.9955,BR49,23,3,0
2020-04-10 00:00:00,0.253,255.9635,1.0550000000000002,49.988,BR49,0,4,0
2020-04-10 01:00:00,0.311,257.6495,1.291,50.0475,BR49,1,4,0
2020-04-10 02:00:00,0.245,258.8465,1.0335,49.9835,BR49,2,4,0
2020-04-10 03:00:00,0.237,259.2525,0.9865,49.9985,BR49,3,4,0
2020-04-10 04:00:00,0.238,258.922,0.9875,49.997,BR49,4,4,0
2020-04-10 05:00:00,0.237,258.097,0.997,49.9595,BR49,5,4,0
2020-04-10 06:00:00,0.222,260.825,0.9415,50.0225,BR49,6,4,0
2020-04-10 07:00:00,0.205,259.501,0.873,50.023,BR49,7,4,0
2020-04-10 08:00:00,0.175,257.5555,0.7655000000000001,50.027,BR49,8,4,0
2020-04-10 09:00:00,0.129,251.2315,0.669,50.009,BR49,9,4,0
2020-04-10 10:00:00,0.166,255.9925,0.8390000000000001,50.028,BR49,10,4,0
2020-04-10 11:00:00,0.204,260.0885,1.005,50.0225,BR49,11,4,0
2020-04-10 12:00:00,0.162,259.197,0.8560000000000001,50.005,BR49,12,4,0
2020-04-10 13:00:00,0.191,262.28000000000003,0.9555,50.0375,BR49,13,4,0
2020-04-10 14:00:00,0.183,265.1765,0.934,50.0285,BR49,14,4,0
2020-04-10 15:00:00,0.154,198.5085,0.874,37.4265,BR49,15,4,0
2020-04-10 16:00:00,0.156,264.49850000000004,0.733,50.015,BR49,16,4,0
2020-04-10 17:00:00,0.172,259.707,0.8154999999999999,50.025,BR49,17,4,0
2020-04-10 18:00:00,0.272,252.4575,1.3645,50.0245,BR49,18,4,0
2020-04-10 19:00:00,0.225,247.4945,1.011,49.9245,BR49,19,4,0
2020-04-10 20:00:00,0.2329999999999999,250.481,1.01,50.0195,BR49,20,4,0
2020-04-10 21:00:00,0.236,251.086,1.02,49.993,BR49,21,4,0
2020-04-10 22:00:00,0.228,251.755,1.0055,49.91,BR49,22,4,0
2020-04-10 23:00:00,0.235,255.0945,1.019,50.0095,BR49,23,4,0
2020-04-11 00:00:00,0.235,255.7965,1.0175,49.967,BR49,0,5,1
2020-04-11 01:00:00,0.288,256.69,1.201,50.0225,BR49,1,5,1
2020-04-11 02:00:00,0.2799999999999999,257.7285,1.2029999999999998,50.009,BR49,2,5,1
2020-04-11 03:00:00,0.2339999999999999,258.663,1.003,50.003,BR49,3,5,1
2020-04-11 04:00:00,0.2289999999999999,258.415,0.985,49.9805,BR49,4,5,1
2020-04-11 05:00:00,0.236,260.671,1.011,49.953,BR49,5,5,1
2020-04-11 06:00:00,0.246,262.70050000000003,1.039,49.9885,BR49,6,5,1
2020-04-11 07:00:00,0.24,258.85450000000003,1.0915,50.065,BR49,7,5,1
2020-04-11 08:00:00,0.19,254.497,0.885,50.0365,BR49,8,5,1
2020-04-11 09:00:00,0.14,251.12150000000003,0.777,50.03,BR49,9,5,1
2020-04-11 10:00:00,0.447,254.263,2.123,50.0275,BR49,10,5,1
2020-04-11 11:00:00,0.179,258.3745,0.9075,49.995,BR49,11,5,1
2020-04-11 12:00:00,0.115,220.985,0.6945,42.483,BR49,12,5,1
2020-04-11 13:00:00,0.158,248.1745,0.9085,47.453500000000005,BR49,13,5,1
2020-04-11 14:00:00,0.175,264.1485,0.8554999999999999,49.938,BR49,14,5,1
2020-04-11 15:00:00,0.317,265.02750000000003,1.2855,49.9945,BR49,15,5,1
2020-04-11 16:00:00,0.12,158.387,0.549,29.9995,BR49,16,5,1
2020-04-11 17:00:00,0.0,0.0,0.0,0.0,BR49,17,5,1
2020-04-11 18:00:00,0.3409999999999999,223.2565,1.908,44.9995,BR49,18,5,1
2020-04-11 19:00:00,0.418,242.1605,2.0585,50.015,BR49,19,5,1
2020-04-11 20:00:00,0.34,242.964,1.657,50.029,BR49,20,5,1
2020-04-11 21:00:00,0.288,246.138,1.3595000000000002,50.0365,BR49,21,5,1
2020-04-11 22:00:00,0.321,246.6235,1.442,49.977,BR49,22,5,1
2020-04-11 23:00:00,0.279,249.706,1.217,49.9705,BR49,23,5,1
2020-04-12 00:00:00,0.286,250.33,1.2494999999999998,49.9335,BR49,0,6,1
2020-04-12 01:00:00,0.28,252.478,1.2125,50.0015,BR49,1,6,1
2020-04-12 02:00:00,0.326,254.523,1.3765,50.0435,BR49,2,6,1
2020-04-12 03:00:00,0.313,255.667,1.344,50.0175,BR49,3,6,1
2020-04-12 04:00:00,0.276,255.475,1.183,50.024,BR49,4,6,1
2020-04-12 05:00:00,0.268,256.098,1.1535,49.945,BR49,5,6,1
2020-04-12 06:00:00,0.229,257.2105,0.99,50.0415,BR49,6,6,1
2020-04-12 07:00:00,0.139,256.9735,0.6655,50.045,BR49,7,6,1
2020-04-12 08:00:00,0.186,229.59,0.8865000000000001,45.026,BR49,8,6,1
2020-04-12 09:00:00,0.42,249.48200000000003,2.0105,50.002,BR49,9,6,1
2020-04-12 10:00:00,0.1709999999999999,254.656,0.943,50.056,BR49,10,6,1
2020-04-12 11:00:00,0.144,259.622,0.692,50.0165,BR49,11,6,1
2020-04-12 12:00:00,0.355,259.4435,1.5255,49.9925,BR49,12,6,1
2020-04-12 13:00:00,0.315,260.498,1.292,50.0085,BR49,13,6,1
2020-04-12 14:00:00,0.252,261.9585,1.0635,49.995,BR49,14,6,1
2020-04-12 15:00:00,0.344,262.6105,1.3735,50.0,BR49,15,6,1
2020-04-12 16:00:00,0.278,259.1895,1.1515,50.031,BR49,16,6,1
2020-04-12 17:00:00,0.248,257.343,1.0745,50.032,BR49,17,6,1
2020-04-12 18:00:00,0.208,252.379,0.9485,50.0235,BR49,18,6,1
2020-04-12 19:00:00,0.238,242.3855,1.0755,49.9735,BR49,19,6,1
2020-04-12 20:00:00,0.262,243.7335,1.166,49.992,BR49,20,6,1
2020-04-12 21:00:00,0.245,245.6285,1.101,49.958,BR49,21,6,1
2020-04-12 22:00:00,0.281,247.2705,1.2555,50.0,BR49,22,6,1
2020-04-12 23:00:00,0.273,249.6845,1.2174999999999998,49.983,BR49,23,6,1
2020-04-13 00:00:00,0.302,251.85700000000003,1.3435,49.984,BR49,0,0,0
2020-04-13 01:00:00,0.321,253.67,1.392,50.004000000000005,BR49,1,0,0
2020-04-13 02:00:00,0.376,255.079,1.595,50.0005,BR49,2,0,0
2020-04-13 03:00:00,0.3359999999999999,255.4015,1.458,49.8885,BR49,3,0,0
2020-04-13 04:00:00,0.31,255.427,1.338,49.9715,BR49,4,0,0
2020-04-13 05:00:00,0.319,255.088,1.373,49.933,BR49,5,0,0
2020-04-13 06:00:00,0.244,259.5625,1.045,50.0405,BR49,6,0,0
2020-04-13 07:00:00,0.273,259.20050000000003,1.152,50.0445,BR49,7,0,0
2020-04-13 08:00:00,0.45,254.931,2.051,49.986,BR49,8,0,0
2020-04-13 09:00:00,0.213,249.6005,0.9985,49.957,BR49,9,0,0
2020-04-13 10:00:00,0.239,253.298,1.0955,50.0865,BR49,10,0,0
2020-04-13 11:00:00,0.2289999999999999,257.418,1.0605,50.0325,BR49,11,0,0
2020-04-13 12:00:00,0.216,256.661,0.9975,49.979,BR49,12,0,0
2020-04-13 13:00:00,0.219,259.206,0.996,49.9765,BR49,13,0,0
2020-04-13 14:00:00,0.32,261.075,1.355,49.9395,BR49,14,0,0
2020-04-13 15:00:00,0.334,262.4275,1.339,49.954,BR49,15,0,0
2020-04-13 16:00:00,0.246,260.12350000000004,0.99,50.009,BR49,16,0,0
2020-04-13 17:00:00,0.236,256.614,0.9855,50.0415,BR49,17,0,0
2020-04-13 18:00:00,0.4,250.447,1.911,50.022000000000006,BR49,18,0,0
2020-04-13 19:00:00,0.227,244.3185,1.076,49.9625,BR49,19,0,0
2020-04-13 20:00:00,0.262,244.229,1.1815,49.992,BR49,20,0,0
2020-04-13 21:00:00,0.333,245.329,1.454,49.995,BR49,21,0,0
2020-04-13 22:00:00,0.3379999999999999,246.9985,1.4555,49.8835,BR49,22,0,0
2020-04-13 23:00:00,0.317,250.042,1.397,50.021,BR49,23,0,0
2020-04-14 00:00:00,0.316,251.714,1.3755,49.99,BR49,0,1,0
2020-04-14 01:00:00,0.386,253.277,1.6324999999999998,49.9935,BR49,1,1,0
2020-04-14 02:00:00,0.333,255.236,1.4345,49.971,BR49,2,1,0
2020-04-14 03:00:00,0.325,256.6355,1.388,50.012,BR49,3,1,0
2020-04-14 04:00:00,0.311,255.426,1.3375,49.978,BR49,4,1,0
2020-04-14 05:00:00,0.275,255.753,1.2355,49.9405,BR49,5,1,0
2020-04-14 06:00:00,0.247,259.346,1.1085,50.0075,BR49,6,1,0
2020-04-14 07:00:00,0.243,261.9345,1.075,50.0295,BR49,7,1,0
2020-04-14 08:00:00,0.268,260.9465,1.1305,50.022000000000006,BR49,8,1,0
2020-04-14 09:00:00,0.276,253.139,1.201,49.992,BR49,9,1,0
2020-04-14 10:00:00,0.372,253.9805,1.527,50.019,BR49,10,1,0
2020-04-14 11:00:00,0.29,257.10900000000004,1.1780000000000002,50.044,BR49,11,1,0
2020-04-14 12:00:00,0.302,256.4895,1.2325,50.0115,BR49,12,1,0
2020-04-14 13:00:00,0.351,257.718,1.4295,50.0015,BR49,13,1,0
2020-04-14 14:00:00,0.268,259.834,1.202,49.967,BR49,14,1,0
2020-04-14 15:00:00,0.381,260.166,1.5285,49.9505,BR49,15,1,0
2020-04-14 16:00:00,0.331,258.034,1.372,50.0475,BR49,16,1,0
2020-04-14 17:00:00,0.348,256.0735,1.505,50.051,BR49,17,1,0
2020-04-14 18:00:00,0.43,223.369,2.1795,45.028,BR49,18,1,0
2020-04-14 19:00:00,0.282,243.3965,1.2645,49.9935,BR49,19,1,0
2020-04-14 20:00:00,0.306,245.04450000000003,1.4355,50.0075,BR49,20,1,0
2020-04-14 21:00:00,0.287,246.007,1.315,49.988,BR49,21,1,0
2020-04-14 22:00:00,0.289,246.97,1.288,50.0175,BR49,22,1,0
2020-04-14 23:00:00,0.311,249.6465,1.3405,50.04600000000001,BR49,23,1,0
2020-04-15 00:00:00,0.311,251.271,1.396,49.998000000000005,BR49,0,2,0
2020-04-15 01:00:00,0.371,252.73200000000003,1.607,50.0095,BR49,1,2,0
2020-04-15 02:00:00,0.323,253.722,1.4435,50.008,BR49,2,2,0
2020-04-15 03:00:00,0.283,255.295,1.253,50.0195,BR49,3,2,0
2020-04-15 04:00:00,0.259,255.1895,1.146,50.0025,BR49,4,2,0
2020-04-15 05:00:00,0.248,255.5695,1.102,50.0145,BR49,5,2,0
2020-04-15 06:00:00,0.264,258.1,1.152,50.0445,BR49,6,2,0
2020-04-15 07:00:00,0.23,258.0135,0.996,50.031,BR49,7,2,0
2020-04-15 08:00:00,0.272,257.029,1.1975,49.995,BR49,8,2,0
2020-04-15 09:00:00,0.187,251.5905,0.922,50.009,BR49,9,2,0
2020-04-15 10:00:00,0.368,227.7305,1.8575,45.0495,BR49,10,2,0
2020-04-15 11:00:00,0.312,256.1975,1.461,50.026,BR49,11,2,0
2020-04-15 12:00:00,0.12,255.0325,0.718,50.0305,BR49,12,2,0
2020-04-15 13:00:00,0.2019999999999999,257.76300000000003,0.9525,50.0445,BR49,13,2,0
2020-04-15 14:00:00,0.329,258.5735,1.385,50.0245,BR49,14,2,0
2020-04-15 15:00:00,0.409,261.14,1.669,49.998000000000005,BR49,15,2,0
2020-04-15 16:00:00,0.41,260.5555,1.6829999999999998,50.0195,BR49,16,2,0
2020-04-15 17:00:00,0.391,254.514,1.645,50.0415,BR49,17,2,0
2020-04-15 18:00:00,0.2029999999999999,248.493,0.9605,50.063,BR49,18,2,0
2020-04-15 19:00:00,0.324,243.2475,1.6195,50.005,BR49,19,2,0
2020-04-15 20:00:00,0.369,248.0465,1.551,49.9825,BR49,20,2,0
2020-04-15 21:00:00,0.305,248.127,1.2975,49.9765,BR49,21,2,0
2020-04-15 22:00:00,0.518,246.8675,2.3105,49.898,BR49,22,2,0
2020-04-15 23:00:00,0.282,249.7245,1.2285,49.971,BR49,23,2,0
2020-04-16 00:00:00,0.3,251.4545,1.3315,49.9645,BR49,0,3,0
2020-04-16 01:00:00,0.328,253.896,1.4229999999999998,50.027,BR49,1,3,0
2020-04-16 02:00:00,0.363,255.9505,1.558,49.993,BR49,2,3,0
2020-04-16 03:00:00,0.314,257.8035,1.362,49.9925,BR49,3,3,0
2020-04-16 04:00:00,0.309,258.361,1.3405,50.026,BR49,4,3,0
2020-04-16 05:00:00,0.304,257.67600000000004,1.3305,50.0025,BR49,5,3,0
2020-04-16 06:00:00,0.312,259.074,1.3455,50.0435,BR49,6,3,0
2020-04-16 07:00:00,0.311,259.793,1.337,50.0125,BR49,7,3,0
2020-04-16 08:00:00,0.268,259.166,1.1665,50.0085,BR49,8,3,0
2020-04-16 09:00:00,0.206,250.778,0.941,50.036,BR49,9,3,0
2020-04-16 10:00:00,0.322,253.543,1.3325,50.061,BR49,10,3,0
2020-04-16 11:00:00,0.52,256.3185,2.257,49.987,BR49,11,3,0
2020-04-16 12:00:00,0.943,253.883,4.281000000000001,49.9585,BR49,12,3,0
2020-04-16 13:00:00,0.926,254.717,4.253,49.9485,BR49,13,3,0
2020-04-16 14:00:00,0.442,257.1775,1.8265,49.933,BR49,14,3,0
2020-04-16 15:00:00,0.416,259.5125,1.73,50.0085,BR49,15,3,0
2020-04-16 16:00:00,0.364,257.915,1.516,50.026,BR49,16,3,0
2020-04-16 17:00:00,0.315,253.3,1.359,50.061,BR49,17,3,0
2020-04-16 18:00:00,0.253,247.8355,1.1565,50.027,BR49,18,3,0
2020-04-16 19:00:00,0.376,242.5955,1.662,49.99,BR49,19,3,0
2020-04-16 20:00:00,0.396,245.136,1.741,49.993,BR49,20,3,0
2020-04-16 21:00:00,0.391,244.6835,1.7420000000000002,49.962,BR49,21,3,0
2020-04-16 22:00:00,0.3359999999999999,245.458,1.4935,49.981,BR49,22,3,0
2020-04-16 23:00:00,0.354,236.3915,1.7655,47.507,BR49,23,3,0
2020-04-17 00:00:00,0.403,251.613,1.831,49.993,BR49,0,4,0
2020-04-17 01:00:00,0.314,252.386,1.4175,49.9785,BR49,1,4,0
2020-04-17 02:00:00,0.302,254.2265,1.369,49.9785,BR49,2,4,0
2020-04-17 03:00:00,0.31,255.627,1.382,49.967,BR49,3,4,0
2020-04-17 04:00:00,0.302,256.0875,1.358,49.9885,BR49,4,4,0
2020-04-17 05:00:00,0.304,255.4355,1.3625,49.956,BR49,5,4,0
2020-04-17 06:00:00,0.307,258.1305,1.364,49.988,BR49,6,4,0
2020-04-17 07:00:00,0.294,259.5685,1.2635,49.994,BR49,7,4,0
2020-04-17 08:00:00,0.305,257.328,1.5465,49.953,BR49,8,4,0
2020-04-17 09:00:00,0.376,252.9215,1.5905,50.0265,BR49,9,4,0
2020-04-17 10:00:00,0.1139999999999999,51.2255,0.679,10.011,BR49,10,4,0
2020-04-17 11:00:00,0.377,258.807,1.834,49.9995,BR49,11,4,0
2020-04-17 12:00:00,0.337,258.128,1.456,49.984,BR49,12,4,0
2020-04-17 13:00:00,0.64,232.113,2.897,44.9645,BR49,13,4,0
2020-04-17 14:00:00,0.0,0.0,0.0,0.0,BR49,14,4,0
2020-04-17 15:00:00,0.0,0.0,0.0,0.0,BR49,15,4,0
2020-04-17 16:00:00,0.48,206.659,2.3005,40.0105,BR49,16,4,0
2020-04-17 17:00:00,0.617,254.641,2.9315,50.0125,BR49,17,4,0
2020-04-17 18:00:00,0.378,248.598,2.047,50.0525,BR49,18,4,0
2020-04-17 19:00:00,0.352,245.2785,1.6875,50.0035,BR49,19,4,0
2020-04-17 20:00:00,0.329,247.3775,1.455,50.0225,BR49,20,4,0
2020-04-17 21:00:00,0.062,50.122,0.288,9.993,BR49,21,4,0
2020-04-17 22:00:00,0.0,0.0,0.0,0.0,BR49,22,4,0
2020-04-17 23:00:00,0.344,163.2075,2.054,35.036,BR49,23,4,0
2020-04-18 00:00:00,0.304,176.2405,1.9535,37.519,BR49,0,5,1
2020-04-18 01:00:00,0.42,208.177,2.3215,42.5185,BR49,1,5,1
2020-04-18 02:00:00,0.495,249.839,2.565,50.0005,BR49,2,5,1
2020-04-18 03:00:00,0.497,251.6005,2.465,50.0265,BR49,3,5,1
2020-04-18 04:00:00,0.407,257.3315,2.15,50.0225,BR49,4,5,1
2020-04-18 05:00:00,0.36,257.629,1.688,50.011,BR49,5,5,1
2020-04-18 06:00:00,0.322,260.0235,1.415,49.974,BR49,6,5,1
2020-04-18 07:00:00,0.296,247.241,1.2494999999999998,47.503,BR49,7,5,1
2020-04-18 08:00:00,0.215,257.806,0.981,50.0145,BR49,8,5,1
2020-04-18 09:00:00,0.1689999999999999,252.3895,0.7955,49.9655,BR49,9,5,1
2020-04-18 10:00:00,0.249,254.729,1.1295,50.0365,BR49,10,5,1
2020-04-18 11:00:00,0.2029999999999999,257.573,0.9185,50.031,BR49,11,5,1
2020-04-18 12:00:00,0.521,253.839,2.3885,49.941,BR49,12,5,1
2020-04-18 13:00:00,0.376,260.3695,1.539,49.9545,BR49,13,5,1
2020-04-18 14:00:00,0.316,264.11749999999995,1.3205,50.019,BR49,14,5,1
2020-04-18 15:00:00,0.302,265.939,1.2155,50.015,BR49,15,5,1
2020-04-18 16:00:00,0.343,264.445,1.399,50.0095,BR49,16,5,1
2020-04-18 17:00:00,0.372,231.8015,1.7465,45.0575,BR49,17,5,1
2020-04-18 18:00:00,0.254,252.2585,1.1425,50.066500000000005,BR49,18,5,1
2020-04-18 19:00:00,0.483,243.391,2.3120000000000003,50.008,BR49,19,5,1
2020-04-18 20:00:00,0.381,233.3375,1.875,47.499,BR49,20,5,1
2020-04-18 21:00:00,0.313,249.393,1.359,49.967,BR49,21,5,1
2020-04-18 22:00:00,0.2309999999999999,208.62600000000003,1.1015,42.510000000000005,BR49,22,5,1
2020-04-18 23:00:00,0.335,248.529,1.573,50.026,BR49,23,5,1
2020-04-19 00:00:00,0.347,251.615,1.5115,50.0295,BR49,0,6,1
2020-04-19 01:00:00,0.357,254.7495,1.6815000000000002,50.03,BR49,1,6,1
2020-04-19 02:00:00,0.32,254.3565,1.404,50.0205,BR49,2,6,1
2020-04-19 03:00:00,0.308,256.2265,1.353,50.0265,BR49,3,6,1
2020-04-19 04:00:00,0.306,257.797,1.3295,50.028000000000006,BR49,4,6,1
2020-04-19 05:00:00,0.307,258.788,1.3299999999999998,50.06,BR49,5,6,1
2020-04-19 06:00:00,0.291,250.752,1.289,47.5735,BR49,6,6,1
2020-04-19 07:00:00,0.215,141.54649999999998,1.2315,27.5075,BR49,7,6,1
2020-04-19 08:00:00,0.347,220.90500000000003,1.866,42.4815,BR49,8,6,1
2020-04-19 09:00:00,0.2339999999999999,255.518,1.265,49.979,BR49,9,6,1
2020-04-19 10:00:00,0.265,257.4395,1.268,50.0655,BR49,10,6,1
2020-04-19 11:00:00,0.4609999999999999,260.409,2.0620000000000003,49.997,BR49,11,6,1
2020-04-19 12:00:00,0.283,260.236,1.306,50.0455,BR49,12,6,1
2020-04-19 13:00:00,0.352,259.7375,1.505,50.071000000000005,BR49,13,6,1
2020-04-19 14:00:00,0.288,259.495,1.2805,49.9895,BR49,14,6,1
2020-04-19 15:00:00,0.579,259.5025,2.6155,49.9575,BR49,15,6,1
2020-04-19 16:00:00,0.3299999999999999,255.96,1.3585,50.0225,BR49,16,6,1
2020-04-19 17:00:00,0.314,253.04,1.318,49.9875,BR49,17,6,1
2020-04-19 18:00:00,0.293,251.0575,1.283,50.007,BR49,18,6,1
2020-04-19 19:00:00,0.348,243.956,1.5295,49.9915,BR49,19,6,1
2020-04-19 20:00:00,0.326,245.1315,1.4485,50.023,BR49,20,6,1
2020-04-19 21:00:00,0.312,245.06350000000003,1.3765,50.0205,BR49,21,6,1
2020-04-19 22:00:00,0.33,244.34250000000003,1.4765,49.998000000000005,BR49,22,6,1
2020-04-19 23:00:00,0.345,247.2095,1.5275,50.0275,BR49,23,6,1
2020-04-20 00:00:00,0.323,249.247,1.417,50.021,BR49,0,0,0
2020-04-20 01:00:00,0.314,252.418,1.3675,50.0495,BR49,1,0,0
2020-04-20 02:00:00,0.311,254.06,1.357,50.022000000000006,BR49,2,0,0
2020-04-20 03:00:00,0.313,255.075,1.357,50.034,BR49,3,0,0
2020-04-20 04:00:00,0.31,255.802,1.337,50.029,BR49,4,0,0
2020-04-20 05:00:00,0.312,256.34450000000004,1.35,50.0365,BR49,5,0,0
2020-04-20 06:00:00,0.322,259.324,1.374,50.0525,BR49,6,0,0
2020-04-20 07:00:00,0.318,258.947,1.3565,50.0175,BR49,7,0,0
2020-04-20 08:00:00,0.272,256.514,1.161,49.9785,BR49,8,0,0
2020-04-20 09:00:00,0.47,249.7225,2.2015,50.0135,BR49,9,0,0
2020-04-20 10:00:00,0.479,257.0415,2.1495,50.0215,BR49,10,0,0
2020-04-20 11:00:00,0.26,263.2885,1.0745,50.1245,BR49,11,0,0
2020-04-20 12:00:00,0.194,260.387,0.8535,50.0115,BR49,12,0,0
2020-04-20 13:00:00,0.192,262.386,0.8515,50.0025,BR49,13,0,0
2020-04-20 14:00:00,0.237,263.6935,1.032,49.924,BR49,14,0,0
2020-04-20 15:00:00,0.298,264.837,1.251,49.979,BR49,15,0,0
2020-04-20 16:00:00,0.199,263.0425,0.948,50.0005,BR49,16,0,0
2020-04-20 17:00:00,0.13,259.90250000000003,0.6625,50.032,BR49,17,0,0
2020-04-20 18:00:00,0.176,255.9175,0.868,50.0125,BR49,18,0,0
2020-04-20 19:00:00,0.362,250.2245,1.5775,50.0265,BR49,19,0,0
2020-04-20 20:00:00,0.325,183.904,1.5265,37.5055,BR49,20,0,0
2020-04-20 21:00:00,0.35,253.935,1.5835,50.039,BR49,21,0,0
2020-04-20 22:00:00,0.274,254.7825,1.1715,50.0055,BR49,22,0,0
2020-04-20 23:00:00,0.24,257.533,1.0285,50.015,BR49,23,0,0
2020-04-21 00:00:00,0.267,258.194,1.164,49.9345,BR49,0,1,0
2020-04-21 01:00:00,0.2779999999999999,259.5065,1.1925,49.983,BR49,1,1,0
2020-04-21 02:00:00,0.315,261.1675,1.332,49.962,BR49,2,1,0
2020-04-21 03:00:00,0.256,262.3235,1.0995,50.0145,BR49,3,1,0
2020-04-21 04:00:00,0.244,262.5315,1.0445,50.0145,BR49,4,1,0
2020-04-21 05:00:00,0.211,262.466,0.9065,50.017,BR49,5,1,0
2020-04-21 06:00:00,0.16,264.7085,0.6995,50.0575,BR49,6,1,0
2020-04-21 07:00:00,0.16,263.6275,0.6875,50.0415,BR49,7,1,0
2020-04-21 08:00:00,0.164,261.5135,0.7344999999999999,50.039,BR49,8,1,0
2020-04-21 09:00:00,0.111,179.9795,0.51,35.0245,BR49,9,1,0
2020-04-21 10:00:00,0.216,209.8265,1.3119999999999998,42.5915,BR49,10,1,0
2020-04-21 11:00:00,0.027,24.986,0.1379999999999999,5.001,BR49,11,1,0
2020-04-21 12:00:00,0.066,25.7555,0.3455,4.999499999999999,BR49,12,1,0
2020-04-21 13:00:00,0.4479999999999999,126.43699999999998,2.1835,24.959,BR49,13,1,0
2020-04-21 14:00:00,0.294,257.88,1.765,50.0115,BR49,14,1,0
2020-04-21 15:00:00,0.239,257.615,1.363,49.9515,BR49,15,1,0
2020-04-21 16:00:00,0.2019999999999999,257.5845,0.996,49.9605,BR49,16,1,0
2020-04-21 17:00:00,0.115,255.7935,0.629,50.011,BR49,17,1,0
2020-04-21 18:00:00,0.258,252.1275,1.216,50.0185,BR49,18,1,0
2020-04-21 19:00:00,0.299,247.511,1.3105,49.867,BR49,19,1,0
2020-04-21 20:00:00,0.333,248.0305,1.465,49.952,BR49,20,1,0
2020-04-21 21:00:00,0.27,249.701,1.176,49.959500000000006,BR49,21,1,0
2020-04-21 22:00:00,0.311,249.04,1.362,49.953,BR49,22,1,0
2020-04-21 23:00:00,0.267,252.37,1.15,50.0235,BR49,23,1,0
2020-04-22 00:00:00,0.261,253.788,1.127,49.978,BR49,0,2,0
2020-04-22 01:00:00,0.235,257.069,1.0055,50.031,BR49,1,2,0
2020-04-22 02:00:00,0.231,258.562,0.992,49.995,BR49,2,2,0
2020-04-22 03:00:00,0.229,259.6415,0.9715,49.948,BR49,3,2,0
2020-04-22 04:00:00,0.242,260.007,1.0125,49.999,BR49,4,2,0
2020-04-22 05:00:00,0.28,258.754,1.167,49.985,BR49,5,2,0
2020-04-22 06:00:00,0.176,260.20500000000004,0.767,49.997,BR49,6,2,0
2020-04-22 07:00:00,0.17,261.56350000000003,0.7415,50.0245,BR49,7,2,0
2020-04-22 08:00:00,0.1969999999999999,262.3305,0.8300000000000001,50.0205,BR49,8,2,0
2020-04-22 09:00:00,0.18,252.5175,0.779,49.992,BR49,9,2,0
2020-04-22 10:00:00,0.177,229.707,1.077,45.0025,BR49,10,2,0
2020-04-22 11:00:00,0.409,257.1735,2.101,49.995,BR49,11,2,0
2020-04-22 12:00:00,0.123,255.605,0.7230000000000001,49.9995,BR49,12,2,0
2020-04-22 13:00:00,0.2279999999999999,256.404,1.0675,49.94199999999999,BR49,13,2,0
2020-04-22 14:00:00,0.29,258.323,1.2735,49.8725,BR49,14,2,0
2020-04-22 15:00:00,0.099,260.95500000000004,0.655,49.941,BR49,15,2,0
2020-04-22 16:00:00,0.19,258.86,0.9745,49.992,BR49,16,2,0
2020-04-22 17:00:00,0.184,192.6565,1.031,37.5145,BR49,17,2,0
2020-04-22 18:00:00,0.2339999999999999,251.0585,1.1845,50.0155,BR49,18,2,0
2020-04-22 19:00:00,0.404,245.916,1.7935,49.953500000000005,BR49,19,2,0
2020-04-22 20:00:00,0.574,236.32800000000003,2.7055,47.4545,BR49,20,2,0
2020-04-22 21:00:00,0.4659999999999999,249.9985,2.0375,49.966,BR49,21,2,0
2020-04-22 22:00:00,0.255,251.4075,1.099,49.935500000000005,BR49,22,2,0
2020-04-22 23:00:00,0.285,252.615,1.222,49.9715,BR49,23,2,0
2020-04-23 00:00:00,0.312,254.72600000000003,1.3145,50.002,BR49,0,3,0
2020-04-23 01:00:00,0.319,257.303,1.334,50.0405,BR49,1,3,0
2020-04-23 02:00:00,0.328,257.6745,1.383,50.034000000000006,BR49,2,3,0
2020-04-23 03:00:00,0.328,258.1485,1.3855,49.9955,BR49,3,3,0
2020-04-23 04:00:00,0.327,257.9385,1.386,49.9315,BR49,4,3,0
2020-04-23 05:00:00,0.366,259.08000000000004,1.5185,50.001,BR49,5,3,0
2020-04-23 06:00:00,0.373,262.9315,1.5405,50.0395,BR49,6,3,0
2020-04-23 07:00:00,0.3419999999999999,263.396,1.419,50.0185,BR49,7,3,0
2020-04-23 08:00:00,0.225,262.875,1.002,49.9935,BR49,8,3,0
2020-04-23 09:00:00,0.206,254.804,0.9385,49.9935,BR49,9,3,0
2020-04-23 10:00:00,0.141,230.8625,0.8545,45.04,BR49,10,3,0
2020-04-23 11:00:00,0.326,256.3205,1.584,50.0415,BR49,11,3,0
2020-04-23 12:00:00,0.18,252.1255,0.8955,49.992,BR49,12,3,0
2020-04-23 13:00:00,0.181,256.759,0.9665,50.0305,BR49,13,3,0
2020-04-23 14:00:00,0.214,259.6695,1.006,50.012,BR49,14,3,0
2020-04-23 15:00:00,0.258,221.2825,1.1635,42.5035,BR49,15,3,0
2020-04-23 16:00:00,0.373,256.966,1.648,50.0095,BR49,16,3,0
2020-04-23 17:00:00,0.427,265.9925,1.736,50.089,BR49,17,3,0
2020-04-23 18:00:00,0.207,244.702,1.191,47.5445,BR49,18,3,0
2020-04-23 19:00:00,0.313,247.842,1.5425,49.899,BR49,19,3,0
2020-04-23 20:00:00,0.308,246.4245,1.4465,50.007,BR49,20,3,0
2020-04-23 21:00:00,0.285,245.6745,1.2799999999999998,49.9985,BR49,21,3,0
2020-04-23 22:00:00,0.426,245.8045,1.9975,50.0105,BR49,22,3,0
2020-04-23 23:00:00,0.262,247.893,1.174,50.029,BR49,23,3,0
2020-04-24 00:00:00,0.292,248.4395,1.279,50.0315,BR49,0,4,0
2020-04-24 01:00:00,0.283,251.892,1.2265,49.995,BR49,1,4,0
2020-04-24 02:00:00,0.298,255.0355,1.277,50.0095,BR49,2,4,0
2020-04-24 03:00:00,0.346,256.045,1.4525,49.973,BR49,3,4,0
2020-04-24 04:00:00,0.301,255.7135,1.292,49.959,BR49,4,4,0
2020-04-24 05:00:00,0.282,255.603,1.2045,49.965,BR49,5,4,0
2020-04-24 06:00:00,0.293,258.874,1.24,50.013,BR49,6,4,0
2020-04-24 07:00:00,0.208,259.308,0.8975,50.013,BR49,7,4,0
2020-04-24 08:00:00,0.174,257.4715,0.776,50.0355,BR49,8,4,0
2020-04-24 09:00:00,0.179,251.7385,0.7929999999999999,50.021,BR49,9,4,0
2020-04-24 10:00:00,0.172,257.35900000000004,0.8505,50.0835,BR49,10,4,0
2020-04-24 11:00:00,0.19,259.4465,0.9285,50.0,BR49,11,4,0
2020-04-24 12:00:00,0.204,253.24650000000003,0.8845000000000001,49.935500000000005,BR49,12,4,0
2020-04-24 13:00:00,0.37,255.865,1.733,49.957,BR49,13,4,0
2020-04-24 14:00:00,0.19,259.4475,0.997,49.945,BR49,14,4,0
2020-04-24 15:00:00,0.15,261.0545,0.7895,50.0575,BR49,15,4,0
2020-04-24 16:00:00,0.154,259.274,0.849,50.097,BR49,16,4,0
2020-04-24 17:00:00,0.2339999999999999,255.289,1.0535,50.0545,BR49,17,4,0
2020-04-24 18:00:00,0.212,254.328,0.9895,50.012,BR49,18,4,0
2020-04-24 19:00:00,0.442,243.354,2.13,50.0145,BR49,19,4,0
2020-04-24 20:00:00,0.368,246.4975,1.585,49.97,BR49,20,4,0
2020-04-24 21:00:00,0.317,247.6915,1.398,50.0155,BR49,21,4,0
2020-04-24 22:00:00,0.3399999999999999,248.6975,1.4785,50.022000000000006,BR49,22,4,0
2020-04-24 23:00:00,0.281,250.827,1.2345,50.0355,BR49,23,4,0
2020-04-25 00:00:00,0.285,253.3005,1.2075,49.947500000000005,BR49,0,5,1
2020-04-25 01:00:00,0.291,253.571,1.233,49.981,BR49,1,5,1
2020-04-25 02:00:00,0.304,256.418,1.2785,49.9845,BR49,2,5,1
2020-04-25 03:00:00,0.359,256.4325,1.491,49.9765,BR49,3,5,1
2020-04-25 04:00:00,0.301,257.922,1.2625,50.019,BR49,4,5,1
2020-04-25 05:00:00,0.293,258.8775,1.228,50.0305,BR49,5,5,1
2020-04-25 06:00:00,0.301,263.633,1.244,50.072500000000005,BR49,6,5,1
2020-04-25 07:00:00,0.259,262.2855,1.0895,50.0415,BR49,7,5,1
2020-04-25 08:00:00,0.173,259.92150000000004,0.7929999999999999,50.058,BR49,8,5,1
2020-04-25 09:00:00,0.137,254.253,0.7224999999999999,50.05,BR49,9,5,1
2020-04-25 10:00:00,0.155,258.84250000000003,0.731,50.0885,BR49,10,5,1
2020-04-25 11:00:00,0.21,261.26,0.9335,50.023,BR49,11,5,1
2020-04-25 12:00:00,0.224,256.5315,1.0065,49.9785,BR49,12,5,1
2020-04-25 13:00:00,0.3399999999999999,259.77750000000003,1.3955,50.0455,BR49,13,5,1
2020-04-25 14:00:00,0.255,263.16150000000005,1.149,50.025,BR49,14,5,1
2020-04-25 15:00:00,0.278,264.221,1.156,50.0215,BR49,15,5,1
2020-04-25 16:00:00,0.316,262.26750000000004,1.2785,50.011,BR49,16,5,1
2020-04-25 17:00:00,0.245,256.66,1.0645,50.0355,BR49,17,5,1
2020-04-25 18:00:00,0.547,250.88,2.5275,50.0,BR49,18,5,1
2020-04-25 19:00:00,0.3429999999999999,247.7275,1.4965,49.993,BR49,19,5,1
2020-04-25 20:00:00,0.272,248.9855,1.2,49.9985,BR49,20,5,1
2020-04-25 21:00:00,0.2259999999999999,248.4125,0.9965,49.981,BR49,21,5,1
2020-04-25 22:00:00,0.304,246.724,1.316,49.966,BR49,22,5,1
2020-04-25 23:00:00,0.24,249.881,1.258,49.964,BR49,23,5,1
2020-04-26 00:00:00,0.328,250.3935,1.4355,49.9315,BR49,0,6,1
2020-04-26 01:00:00,0.345,253.4945,1.451,50.017,BR49,1,6,1
2020-04-26 02:00:00,0.282,254.7095,1.1709999999999998,49.999,BR49,2,6,1
2020-04-26 03:00:00,0.267,255.1295,1.112,49.9235,BR49,3,6,1
2020-04-26 04:00:00,0.262,256.4175,1.079,49.9805,BR49,4,6,1
2020-04-26 05:00:00,0.256,257.159,1.049,50.0045,BR49,5,6,1
2020-04-26 06:00:00,0.264,262.22950000000003,1.0685,50.022000000000006,BR49,6,6,1
2020-04-26 07:00:00,0.238,260.518,0.977,50.011,BR49,7,6,1
2020-04-26 08:00:00,0.208,258.6035,0.8800000000000001,50.0055,BR49,8,6,1
2020-04-26 09:00:00,0.217,256.0695,0.943,50.0435,BR49,9,6,1
2020-04-26 10:00:00,0.408,260.797,1.9385,50.072,BR49,10,6,1
2020-04-26 11:00:00,0.191,264.491,1.024,50.0385,BR49,11,6,1
2020-04-26 12:00:00,0.1399999999999999,185.554,0.7270000000000001,35.056,BR49,12,6,1
2020-04-26 13:00:00,0.0,0.0,0.0,0.0,BR49,13,6,1
2020-04-26 14:00:00,0.0,0.0,0.0,0.0,BR49,14,6,1
2020-04-26 15:00:00,0.155,134.2335,0.9985000000000002,25.0215,BR49,15,6,1
2020-04-26 16:00:00,0.511,158.145,2.7385,30.006,BR49,16,6,1
2020-04-26 17:00:00,0.697,258.976,3.5460000000000003,50.0615,BR49,17,6,1
2020-04-26 18:00:00,0.194,180.199,1.2375,35.0245,BR49,18,6,1
2020-04-26 19:00:00,0.258,255.748,1.3975,49.97,BR49,19,6,1
2020-04-26 20:00:00,0.192,257.1365,0.9435,50.008,BR49,20,6,1
2020-04-26 21:00:00,0.208,256.01550000000003,0.9755,50.0135,BR49,21,6,1
2020-04-26 22:00:00,0.196,256.556,0.921,50.024,BR49,22,6,1
2020-04-26 23:00:00,0.1659999999999999,257.87,0.8949999999999999,50.048,BR49,23,6,1
2020-04-27 00:00:00,0.196,259.803,0.9305,50.03,BR49,0,0,0
2020-04-27 01:00:00,0.202,260.419,0.939,50.0115,BR49,1,0,0
2020-04-27 02:00:00,0.255,260.9785,1.1355,50.0085,BR49,2,0,0
2020-04-27 03:00:00,0.189,261.266,0.9025,50.012,BR49,3,0,0
2020-04-27 04:00:00,0.174,262.25100000000003,0.8295,50.0555,BR49,4,0,0
2020-04-27 05:00:00,0.106,262.179,0.5660000000000001,50.0445,BR49,5,0,0
2020-04-27 06:00:00,0.118,263.33849999999995,0.611,50.0335,BR49,6,0,0
2020-04-27 07:00:00,0.134,262.8485,0.6940000000000001,50.0355,BR49,7,0,0
2020-04-27 08:00:00,0.178,261.418,0.8445,50.0425,BR49,8,0,0
2020-04-27 09:00:00,0.352,259.34900000000005,1.7305,50.066,BR49,9,0,0
2020-04-27 10:00:00,0.13,233.233,0.748,45.0415,BR49,10,0,0
2020-04-27 11:00:00,0.1709999999999999,245.82800000000003,0.962,47.505,BR49,11,0,0
2020-04-27 12:00:00,0.164,233.46,0.8734999999999999,44.9635,BR49,12,0,0
2020-04-27 13:00:00,0.019,38.7425,0.237,7.4955,BR49,13,0,0
2020-04-27 14:00:00,0.0699999999999999,64.546,0.4075,12.5005,BR49,14,0,0
2020-04-27 15:00:00,0.082,90.6575,0.5745,17.5025,BR49,15,0,0
2020-04-27 16:00:00,0.142,194.5165,1.067,37.548,BR49,16,0,0
2020-04-27 17:00:00,0.2,259.009,1.085,50.0325,BR49,17,0,0
2020-04-27 18:00:00,0.179,257.569,0.8785000000000001,50.013,BR49,18,0,0
2020-04-27 19:00:00,0.386,252.127,1.632,49.97,BR49,19,0,0
2020-04-27 20:00:00,0.402,252.345,1.797,50.0055,BR49,20,0,0
2020-04-27 21:00:00,0.337,252.838,1.512,49.9565,BR49,21,0,0
2020-04-27 22:00:00,0.288,254.64050000000003,1.288,50.022000000000006,BR49,22,0,0
2020-04-27 23:00:00,0.394,255.9745,1.791,50.0535,BR49,23,0,0
2020-04-28 00:00:00,0.252,256.7795,1.075,49.952,BR49,0,1,0
2020-04-28 01:00:00,0.2319999999999999,257.3795,0.9795,49.9425,BR49,1,1,0
2020-04-28 02:00:00,0.2309999999999999,258.445,0.977,50.012,BR49,2,1,0
2020-04-28 03:00:00,0.227,258.7765,0.9485,50.0105,BR49,3,1,0
2020-04-28 04:00:00,0.226,259.755,0.9475,49.9945,BR49,4,1,0
2020-04-28 05:00:00,0.07,78.117,0.3085,14.998,BR49,5,1,0
2020-04-28 06:00:00,0.0,0.0,0.0,0.0,BR49,6,1,0
2020-04-28 07:00:00,0.01,12.9125,0.0875,2.503,BR49,7,1,0
2020-04-28 08:00:00,0.222,179.0165,1.294,35.023,BR49,8,1,0
2020-04-28 09:00:00,0.059,63.133,0.4195,12.497,BR49,9,1,0
2020-04-28 10:00:00,0.34,253.1475,1.9965,50.0535,BR49,10,1,0
2020-04-28 11:00:00,0.261,244.089,1.6785,47.521,BR49,11,1,0
2020-04-28 12:00:00,0.2329999999999999,255.8085,1.48,50.0035,BR49,12,1,0
2020-04-28 13:00:00,0.193,253.054,1.0815,50.010000000000005,BR49,13,1,0
2020-04-28 14:00:00,0.133,257.8265,0.7445,50.016000000000005,BR49,14,1,0
2020-04-28 15:00:00,0.147,220.3575,0.8859999999999999,42.491,BR49,15,1,0
2020-04-28 16:00:00,0.208,230.084,1.075,45.036,BR49,16,1,0
2020-04-28 17:00:00,0.192,228.0935,1.014,44.996,BR49,17,1,0
2020-04-28 18:00:00,0.2279999999999999,253.2795,1.0085,50.0275,BR49,18,1,0
2020-04-28 19:00:00,0.318,247.2675,1.396,49.995,BR49,19,1,0
2020-04-28 20:00:00,0.309,248.175,1.3845,49.993,BR49,20,1,0
2020-04-28 21:00:00,0.248,247.914,1.1645,50.0265,BR49,21,1,0
2020-04-28 22:00:00,0.352,248.438,1.6344999999999998,50.0035,BR49,22,1,0
2020-04-28 23:00:00,0.317,250.486,1.465,50.0425,BR49,23,1,0
2020-04-29 00:00:00,0.2259999999999999,253.532,0.9995,50.0215,BR49,0,2,0
2020-04-29 01:00:00,0.326,255.4535,1.364,50.02,BR49,1,2,0
2020-04-29 02:00:00,0.287,256.94050000000004,1.2175,50.0325,BR49,2,2,0
2020-04-29 03:00:00,0.2769999999999999,256.5785,1.165,50.013,BR49,3,2,0
2020-04-29 04:00:00,0.2769999999999999,257.8,1.169,50.0275,BR49,4,2,0
2020-04-29 05:00:00,0.2779999999999999,258.864,1.1775,50.024,BR49,5,2,0
2020-04-29 06:00:00,0.287,262.602,1.1955,50.0385,BR49,6,2,0
2020-04-29 07:00:00,0.26,263.396,1.091,50.0185,BR49,7,2,0
2020-04-29 08:00:00,0.235,261.32550000000003,0.9835,49.999,BR49,8,2,0
2020-04-29 09:00:00,0.2269999999999999,256.666,0.976,50.0105,BR49,9,2,0
2020-04-29 10:00:00,0.119,260.16700000000003,0.6785,50.0745,BR49,10,2,0
2020-04-29 11:00:00,0.109,259.881,0.6495,49.9875,BR49,11,2,0
2020-04-29 12:00:00,0.149,256.3685,0.7755,49.9665,BR49,12,2,0
2020-04-29 13:00:00,0.508,257.83399999999995,2.304,49.9845,BR49,13,2,0
2020-04-29 14:00:00,0.263,257.991,1.1575000000000002,49.982,BR49,14,2,0
2020-04-29 15:00:00,0.148,259.5725,0.7795,50.0045,BR49,15,2,0
2020-04-29 16:00:00,0.176,258.298,0.7775000000000001,50.051,BR49,16,2,0
2020-04-29 17:00:00,0.177,255.836,0.8875,50.0035,BR49,17,2,0
2020-04-29 18:00:00,0.548,254.608,2.363,50.0335,BR49,18,2,0
2020-04-29 19:00:00,0.538,249.648,2.245,49.9815,BR49,19,2,0
2020-04-29 20:00:00,0.591,246.714,2.4915,49.966,BR49,20,2,0
2020-04-29 21:00:00,0.712,245.0755,2.995,50.022000000000006,BR49,21,2,0
2020-04-29 22:00:00,0.7010000000000001,244.9255,2.967,50.0225,BR49,22,2,0
2020-04-29 23:00:00,0.582,246.747,2.5495,49.9975,BR49,23,2,0
2020-04-30 00:00:00,0.366,250.2335,1.604,50.007,BR49,0,3,0
2020-04-30 01:00:00,0.419,252.243,1.799,50.008,BR49,1,3,0
2020-04-30 02:00:00,0.38,254.2065,1.581,49.996500000000005,BR49,2,3,0
2020-04-30 03:00:00,0.3379999999999999,254.0695,1.397,49.976,BR49,3,3,0
2020-04-30 04:00:00,0.346,255.4835,1.423,50.0215,BR49,4,3,0
2020-04-30 05:00:00,0.354,256.2985,1.4535,50.0595,BR49,5,3,0
2020-04-30 06:00:00,0.429,260.2225,1.7195,50.0315,BR49,6,3,0
2020-04-30 07:00:00,0.372,261.839,1.4985,50.0215,BR49,7,3,0
2020-04-30 08:00:00,0.308,258.8305,1.253,50.0265,BR49,8,3,0
2020-04-30 09:00:00,0.301,251.325,1.256,49.9975,BR49,9,3,0
2020-04-30 10:00:00,0.326,254.952,1.4010000000000002,50.0285,BR49,10,3,0
2020-04-30 11:00:00,0.543,255.641,2.404,50.049,BR49,11,3,0
2020-04-30 12:00:00,0.246,240.458,1.151,47.501,BR49,12,3,0
2020-04-30 13:00:00,0.265,258.2345,1.1445,50.0395,BR49,13,3,0
2020-04-30 14:00:00,0.256,257.7515,1.0625,50.026,BR49,14,3,0
2020-04-30 15:00:00,0.21,260.604,0.9025,49.975,BR49,15,3,0
2020-04-30 16:00:00,0.304,259.9365,1.2395,50.0225,BR49,16,3,0
2020-04-30 17:00:00,0.2269999999999999,256.3365,0.98,50.033,BR49,17,3,0
2020-04-30 18:00:00,0.221,256.844,0.996,50.0345,BR49,18,3,0
2020-04-30 19:00:00,0.282,248.4895,1.214,49.9965,BR49,19,3,0
2020-04-30 20:00:00,0.287,248.8585,1.217,50.014,BR49,20,3,0
2020-04-30 21:00:00,0.256,250.1585,1.114,49.9845,BR49,21,3,0
2020-04-30 22:00:00,0.298,249.0795,1.2925,49.978,BR49,22,3,0
2020-04-30 23:00:00,0.547,249.882,2.74,50.0065,BR49,23,3,0
2020-05-01 00:00:00,0.195,176.92000000000002,0.998,35.0175,BR49,0,4,0
2020-05-01 01:00:00,0.362,254.8095,1.7735,49.961,BR49,1,4,0
2020-05-01 02:00:00,0.305,258.076,1.3145,49.9605,BR49,2,4,0
2020-05-01 03:00:00,0.35,259.173,1.475,49.9715,BR49,3,4,0
2020-05-01 04:00:00,0.303,260.9,1.2885,49.9765,BR49,4,4,0
2020-05-01 05:00:00,0.2789999999999999,261.4775,1.1885,49.9815,BR49,5,4,0
2020-05-01 06:00:00,0.267,264.397,1.1525,50.025,BR49,6,4,0
2020-05-01 07:00:00,0.235,263.6535,1.014,49.9945,BR49,7,4,0
2020-05-01 08:00:00,0.214,262.85,0.931,50.0935,BR49,8,4,0
2020-05-01 09:00:00,0.2029999999999999,258.084,0.9155,50.0495,BR49,9,4,0
2020-05-01 10:00:00,0.167,260.7845,0.8205,50.0745,BR49,10,4,0
2020-05-01 11:00:00,0.162,221.5075,0.941,42.5115,BR49,11,4,0
2020-05-01 12:00:00,0.189,255.789,0.907,49.959,BR49,12,4,0
2020-05-01 13:00:00,0.278,259.43850000000003,1.1425,50.023,BR49,13,4,0
2020-05-01 14:00:00,0.2339999999999999,234.82,1.1735,45.061,BR49,14,4,0
2020-05-01 15:00:00,0.337,219.648,1.526,42.526,BR49,15,4,0
2020-05-01 16:00:00,0.372,257.16,1.512,50.024,BR49,16,4,0
2020-05-01 17:00:00,0.344,256.525,1.424,50.055,BR49,17,4,0
2020-05-01 18:00:00,0.229,254.622,1.0185,50.028,BR49,18,4,0
2020-05-01 19:00:00,0.337,247.4425,1.556,50.069,BR49,19,4,0
2020-05-01 20:00:00,0.575,246.073,2.732,50.010000000000005,BR49,20,4,0
2020-05-01 21:00:00,0.263,247.6365,1.171,50.019,BR49,21,4,0
2020-05-01 22:00:00,0.303,245.2985,1.327,49.979,BR49,22,4,0
2020-05-01 23:00:00,0.288,249.1395,1.2435,49.959,BR49,23,4,0
2020-05-02 00:00:00,0.289,250.6755,1.23,50.0325,BR49,0,5,1
2020-05-02 01:00:00,0.3,253.365,1.2685,49.992,BR49,1,5,1
2020-05-02 02:00:00,0.327,255.139,1.3625,50.007,BR49,2,5,1
2020-05-02 03:00:00,0.358,256.2,1.492,49.999,BR49,3,5,1
2020-05-02 04:00:00,0.305,257.831,1.258,50.0135,BR49,4,5,1
2020-05-02 05:00:00,0.2769999999999999,258.0425,1.131,49.997,BR49,5,5,1
2020-05-02 06:00:00,0.282,263.348,1.1285,50.0235,BR49,6,5,1
2020-05-02 07:00:00,0.235,262.8955,0.969,50.0075,BR49,7,5,1
2020-05-02 08:00:00,0.255,261.041,1.0565,50.078500000000005,BR49,8,5,1
2020-05-02 09:00:00,0.205,256.19,0.8695,50.033,BR49,9,5,1
2020-05-02 10:00:00,0.109,180.529,0.5475,35.038,BR49,10,5,1
2020-05-02 11:00:00,0.0,0.0,0.0,0.0,BR49,11,5,1
2020-05-02 12:00:00,0.0,0.0,0.0,0.0,BR49,12,5,1
2020-05-02 13:00:00,0.362,216.35700000000003,1.9105,42.4755,BR49,13,5,1
2020-05-02 14:00:00,0.674,256.6435,3.35,49.996500000000005,BR49,14,5,1
2020-05-02 15:00:00,0.455,259.2675,2.1375,49.9985,BR49,15,5,1
2020-05-02 16:00:00,0.446,255.264,1.9170000000000005,49.9935,BR49,16,5,1
2020-05-02 17:00:00,0.298,251.3515,1.2455,50.03,BR49,17,5,1
2020-05-02 18:00:00,0.206,250.3925,0.96,50.0105,BR49,18,5,1
2020-05-02 19:00:00,0.3419999999999999,244.833,1.4535,49.981,BR49,19,5,1
2020-05-02 20:00:00,0.365,244.971,1.707,49.9975,BR49,20,5,1
2020-05-02 21:00:00,0.283,246.6085,1.2275,50.007,BR49,21,5,1
2020-05-02 22:00:00,0.258,245.795,1.131,50.0295,BR49,22,5,1
2020-05-02 23:00:00,0.309,248.8045,1.304,50.045,BR49,23,5,1
2020-05-03 00:00:00,0.346,248.0055,1.457,49.994,BR49,0,6,1
2020-05-03 01:00:00,0.345,250.96750000000003,1.444,49.903,BR49,1,6,1
2020-05-03 02:00:00,0.362,251.6665,1.5,50.004000000000005,BR49,2,6,1
2020-05-03 03:00:00,0.391,252.274,1.626,49.997,BR49,3,6,1
2020-05-03 04:00:00,0.33,253.657,1.375,49.976,BR49,4,6,1
2020-05-03 05:00:00,0.333,254.85,1.378,49.9705,BR49,5,6,1
2020-05-03 06:00:00,0.308,258.8365,1.254,50.066500000000005,BR49,6,6,1
2020-05-03 07:00:00,0.257,259.0295,1.0699999999999998,50.035,BR49,7,6,1
2020-05-03 08:00:00,0.304,257.209,1.255,50.049,BR49,8,6,1
2020-05-03 09:00:00,0.214,251.6095,0.9285,49.983,BR49,9,6,1
2020-05-03 10:00:00,0.265,255.6545,1.1135,50.0245,BR49,10,6,1
2020-05-03 11:00:00,0.263,259.7255,1.093,49.9955,BR49,11,6,1
2020-05-03 12:00:00,0.5599999999999999,253.1965,2.555,49.9175,BR49,12,6,1
2020-05-03 13:00:00,0.388,253.339,1.6015,49.966,BR49,13,6,1
2020-05-03 14:00:00,0.452,257.1205,1.878,49.9645,BR49,14,6,1
2020-05-03 15:00:00,0.435,259.9905,1.7600000000000002,50.0195,BR49,15,6,1
2020-05-03 16:00:00,0.288,258.327,1.1545,50.017,BR49,16,6,1
2020-05-03 17:00:00,0.2339999999999999,254.8935,1.0195,50.023,BR49,17,6,1
2020-05-03 18:00:00,0.19,252.1355,0.873,50.0675,BR49,18,6,1
2020-05-03 19:00:00,0.239,248.466,1.0405,50.0595,BR49,19,6,1
2020-05-03 20:00:00,0.334,247.286,1.42,49.9955,BR49,20,6,1
2020-05-03 21:00:00,0.264,246.854,1.1505,49.9955,BR49,21,6,1
2020-05-03 22:00:00,0.248,237.6735,1.086,47.5095,BR49,22,6,1
2020-05-03 23:00:00,0.0,0.0,0.0,0.0,BR49,23,6,1
2020-05-04 00:00:00,0.005,12.759,0.1225,2.5015,BR49,0,0,0
2020-05-04 01:00:00,0.432,225.492,2.2795,44.93,BR49,1,0,0
2020-05-04 02:00:00,0.526,251.9075,2.559,49.942,BR49,2,0,0
2020-05-04 03:00:00,0.499,254.5365,2.434,49.9725,BR49,3,0,0
2020-05-04 04:00:00,0.443,256.702,2.115,49.988,BR49,4,0,0
2020-05-04 05:00:00,0.458,258.298,2.0065,50.0175,BR49,5,0,0
2020-05-04 06:00:00,0.353,261.5775,1.4815,49.9975,BR49,6,0,0
2020-05-04 07:00:00,0.295,263.671,1.202,50.055,BR49,7,0,0
2020-05-04 08:00:00,0.246,259.2835,1.0515,49.9735,BR49,8,0,0
2020-05-04 09:00:00,0.2029999999999999,253.3335,0.9625,49.9705,BR49,9,0,0
2020-05-04 10:00:00,0.505,254.4705,2.4075,50.0255,BR49,10,0,0
2020-05-04 11:00:00,0.262,255.9415,1.2285,49.9885,BR49,11,0,0
2020-05-04 12:00:00,0.277,250.986,1.209,49.915,BR49,12,0,0
2020-05-04 13:00:00,0.236,250.8645,1.084,49.961,BR49,13,0,0
2020-05-04 14:00:00,0.35,250.0935,1.485,50.016000000000005,BR49,14,0,0
2020-05-04 15:00:00,0.164,99.828,0.9145,20.019,BR49,15,0,0
2020-05-04 16:00:00,0.383,251.396,1.947,50.0275,BR49,16,0,0
2020-05-04 17:00:00,0.272,252.462,1.225,50.018,BR49,17,0,0
2020-05-04 18:00:00,0.347,255.012,1.5455,50.023,BR49,18,0,0
2020-05-04 19:00:00,0.2319999999999999,246.7225,1.0459999999999998,50.019,BR49,19,0,0
2020-05-04 20:00:00,0.259,244.9665,1.162,49.9165,BR49,20,0,0
2020-05-04 21:00:00,0.282,246.3215,1.2505000000000002,49.908,BR49,21,0,0
2020-05-04 22:00:00,0.37,247.003,1.6035,49.949,BR49,22,0,0
2020-05-04 23:00:00,0.38,245.8925,1.626,49.977,BR49,23,0,0
2020-05-05 00:00:00,0.406,247.86550000000005,1.706,49.9525,BR49,0,1,0
2020-05-05 01:00:00,0.339,252.4045,1.4135,49.9935,BR49,1,1,0
2020-05-05 02:00:00,0.338,253.259,1.4045,49.9825,BR49,2,1,0
2020-05-05 03:00:00,0.389,253.564,1.6004999999999998,49.937,BR49,3,1,0
2020-05-05 04:00:00,0.371,255.115,1.5355,49.968,BR49,4,1,0
2020-05-05 05:00:00,0.346,257.11,1.42,50.004,BR49,5,1,0
2020-05-05 06:00:00,0.362,260.6585,1.4685,50.023,BR49,6,1,0
2020-05-05 07:00:00,0.315,261.5875,1.2955,50.0215,BR49,7,1,0
2020-05-05 08:00:00,0.313,258.3995,1.3045,50.0385,BR49,8,1,0
2020-05-05 09:00:00,0.221,251.7595,0.9795,50.0335,BR49,9,1,0
2020-05-05 10:00:00,0.283,243.5715,1.342,47.5275,BR49,10,1,0
2020-05-05 11:00:00,0.616,257.3385,2.5795,50.0255,BR49,11,1,0
2020-05-05 12:00:00,0.349,251.638,1.4435,50.0025,BR49,12,1,0
2020-05-05 13:00:00,0.344,253.902,1.4425,49.988,BR49,13,1,0
2020-05-05 14:00:00,0.37,256.45050000000003,1.624,49.901,BR49,14,1,0
2020-05-05 15:00:00,0.409,261.912,1.644,49.958,BR49,15,1,0
2020-05-05 16:00:00,0.502,260.357,2.129,50.0205,BR49,16,1,0
2020-05-05 17:00:00,0.256,258.354,1.155,50.013,BR49,17,1,0
2020-05-05 18:00:00,0.277,257.5565,1.2595,50.055,BR49,18,1,0
2020-05-05 19:00:00,0.318,252.433,1.375,50.017,BR49,19,1,0
2020-05-05 20:00:00,0.328,250.6375,1.384,49.9815,BR49,20,1,0
2020-05-05 21:00:00,0.308,249.5895,1.3235,50.0055,BR49,21,1,0
2020-05-05 22:00:00,0.297,247.9695,1.3125,50.026,BR49,22,1,0
2020-05-05 23:00:00,0.336,249.42800000000005,1.442,50.0175,BR49,23,1,0
2020-05-06 00:00:00,0.282,250.18400000000003,1.209,50.0315,BR49,0,2,0
2020-05-06 01:00:00,0.326,255.295,1.354,50.0615,BR49,1,2,0
2020-05-06 02:00:00,0.4059999999999999,256.336,1.6615000000000002,50.055,BR49,2,2,0
2020-05-06 03:00:00,0.37,257.027,1.526,50.0395,BR49,3,2,0
2020-05-06 04:00:00,0.349,258.6795,1.4315000000000002,50.0405,BR49,4,2,0
2020-05-06 05:00:00,0.349,260.07550000000003,1.4225,50.027,BR49,5,2,0
2020-05-06 06:00:00,0.358,264.133,1.4395,50.0405,BR49,6,2,0
2020-05-06 07:00:00,0.305,265.375,1.2545,49.9925,BR49,7,2,0
2020-05-06 08:00:00,0.282,262.4455,1.176,49.981,BR49,8,2,0
2020-05-06 09:00:00,0.197,253.396,0.918,50.0055,BR49,9,2,0
2020-05-06 10:00:00,0.303,255.337,1.507,50.0275,BR49,10,2,0
2020-05-06 11:00:00,0.181,256.135,0.8695,49.991,BR49,11,2,0
2020-05-06 12:00:00,0.251,253.786,1.208,49.9555,BR49,12,2,0
2020-05-06 13:00:00,0.271,255.51550000000003,1.2555,50.008,BR49,13,2,0
2020-05-06 14:00:00,0.478,257.912,1.901,49.998000000000005,BR49,14,2,0
2020-05-06 15:00:00,0.412,258.8675,1.637,49.983,BR49,15,2,0
2020-05-06 16:00:00,0.273,257.873,1.1135,50.078500000000005,BR49,16,2,0
2020-05-06 17:00:00,0.209,258.2165,0.876,50.0755,BR49,17,2,0
2020-05-06 18:00:00,0.362,257.7735,1.642,50.0585,BR49,18,2,0
2020-05-06 19:00:00,0.457,248.842,2.018,50.0005,BR49,19,2,0
2020-05-06 20:00:00,0.387,247.8955,1.661,50.0065,BR49,20,2,0
2020-05-06 21:00:00,0.335,246.91350000000003,1.4365,50.008,BR49,21,2,0
2020-05-06 22:00:00,0.313,245.321,1.3875,50.02,BR49,22,2,0
2020-05-06 23:00:00,0.298,247.353,1.2955,50.0145,BR49,23,2,0
2020-05-07 00:00:00,0.3419999999999999,249.8775,1.4345,50.0285,BR49,0,3,0
2020-05-07 01:00:00,0.3999999999999999,253.6355,1.636,49.994,BR49,1,3,0
2020-05-07 02:00:00,0.291,190.4845,1.262,38.47,BR49,2,3,0
2020-05-07 03:00:00,0.0,0.0,0.0,0.0,BR49,3,3,0
2020-05-07 04:00:00,0.0,0.0,0.0,0.0,BR49,4,3,0
2020-05-07 05:00:00,0.141,107.7365,0.889,20.0165,BR49,5,3,0
2020-05-07 06:00:00,0.471,265.35450000000003,2.307,50.003,BR49,6,3,0
2020-05-07 07:00:00,0.383,264.09250000000003,2.0455,50.012,BR49,7,3,0
2020-05-07 08:00:00,0.356,261.613,1.9245,50.036,BR49,8,3,0
2020-05-07 09:00:00,0.223,181.884,1.3119999999999998,35.0135,BR49,9,3,0
2020-05-07 10:00:00,0.296,261.666,1.8245,49.968,BR49,10,3,0
2020-05-07 11:00:00,0.245,260.598,1.6010000000000002,50.03,BR49,11,3,0
2020-05-07 12:00:00,0.228,219.4105,1.3199999999999998,42.517,BR49,12,3,0
2020-05-07 13:00:00,0.476,241.062,2.447,47.4725,BR49,13,3,0
2020-05-07 14:00:00,0.248,255.3065,1.27,49.979,BR49,14,3,0
2020-05-07 15:00:00,0.238,255.524,1.224,49.9395,BR49,15,3,0
2020-05-07 16:00:00,0.25,256.477,1.174,49.9845,BR49,16,3,0
2020-05-07 17:00:00,0.227,256.243,1.064,50.0805,BR49,17,3,0
2020-05-07 18:00:00,0.319,256.4635,1.4045,50.073,BR49,18,3,0
2020-05-07 19:00:00,0.329,251.2395,1.416,49.9915,BR49,19,3,0
2020-05-07 20:00:00,0.327,248.2195,1.392,50.017,BR49,20,3,0
2020-05-07 21:00:00,0.358,245.9205,1.568,50.0185,BR49,21,3,0
2020-05-07 22:00:00,0.4,244.4475,1.8455,49.943,BR49,22,3,0
2020-05-07 23:00:00,0.27,247.3105,1.193,50.019,BR49,23,3,0
2020-05-08 00:00:00,0.318,247.5645,1.411,50.0035,BR49,0,4,0
2020-05-08 01:00:00,0.33,250.8415,1.441,49.9985,BR49,1,4,0
2020-05-08 02:00:00,0.32,252.9475,1.3975,50.0115,BR49,2,4,0
2020-05-08 03:00:00,0.361,252.108,1.54,49.9965,BR49,3,4,0
2020-05-08 04:00:00,0.337,254.806,1.4425,49.979,BR49,4,4,0
2020-05-08 05:00:00,0.274,255.4395,1.1835,49.939,BR49,5,4,0
2020-05-08 06:00:00,0.2779999999999999,258.7995,1.186,49.996,BR49,6,4,0
2020-05-08 07:00:00,0.239,207.371,1.2035,39.9875,BR49,7,4,0
2020-05-08 08:00:00,0.27,257.188,1.2955,49.998000000000005,BR49,8,4,0
2020-05-08 09:00:00,0.118,177.207,0.5665,35.003,BR49,9,4,0
2020-05-08 10:00:00,0.198,216.605,1.1515,42.509,BR49,10,4,0
2020-05-08 11:00:00,0.254,255.8875,1.1715,49.9725,BR49,11,4,0
2020-05-08 12:00:00,0.414,251.652,1.983,49.969,BR49,12,4,0
2020-05-08 13:00:00,0.209,253.218,0.9525,50.007,BR49,13,4,0
2020-05-08 14:00:00,0.249,253.74050000000005,1.0835,49.968,BR49,14,4,0
2020-05-08 15:00:00,0.2799999999999999,254.9695,1.2445,49.9845,BR49,15,4,0
2020-05-08 16:00:00,0.265,257.0535,1.164,50.0045,BR49,16,4,0
2020-05-08 17:00:00,0.243,254.84250000000003,1.1125,50.028,BR49,17,4,0
2020-05-08 18:00:00,0.268,253.759,1.1965,50.0305,BR49,18,4,0
2020-05-08 19:00:00,0.481,247.631,2.111,49.9685,BR49,19,4,0
2020-05-08 20:00:00,0.255,249.2495,1.1055,49.9765,BR49,20,4,0
2020-05-08 21:00:00,0.291,244.44,1.2775,50.011,BR49,21,4,0
2020-05-08 22:00:00,0.344,243.291,1.4945,49.9325,BR49,22,4,0
2020-05-08 23:00:00,0.28,245.527,1.236,50.001,BR49,23,4,0
2020-05-09 00:00:00,0.295,248.9435,1.2755,50.0095,BR49,0,5,1
2020-05-09 01:00:00,0.2789999999999999,251.463,1.2265,50.0075,BR49,1,5,1
2020-05-09 02:00:00,0.322,252.7395,1.3755000000000002,49.953,BR49,2,5,1
2020-05-09 03:00:00,0.363,253.83,1.5685,49.964,BR49,3,5,1
2020-05-09 04:00:00,0.323,255.159,1.394,49.973,BR49,4,5,1
2020-05-09 05:00:00,0.323,257.7125,1.38,49.9855,BR49,5,5,1
2020-05-09 06:00:00,0.337,262.962,1.421,50.0085,BR49,6,5,1
2020-05-09 07:00:00,0.328,262.4495,1.382,49.9875,BR49,7,5,1
2020-05-09 08:00:00,0.248,259.62,1.0655,50.0405,BR49,8,5,1
2020-05-09 09:00:00,0.2799999999999999,248.7955,1.262,49.997,BR49,9,5,1
2020-05-09 10:00:00,0.247,252.4205,1.2165,49.9815,BR49,10,5,1
2020-05-09 11:00:00,0.2309999999999999,254.074,1.052,49.99,BR49,11,5,1
2020-05-09 12:00:00,0.1979999999999999,247.883,0.9935,49.9615,BR49,12,5,1
2020-05-09 13:00:00,0.324,246.792,1.4300000000000002,49.974,BR49,13,5,1
2020-05-09 14:00:00,0.409,248.5755,1.7239999999999998,49.9275,BR49,14,5,1
2020-05-09 15:00:00,0.343,249.204,1.44,49.895,BR49,15,5,1
2020-05-09 16:00:00,0.333,248.49650000000003,1.3965,50.004000000000005,BR49,16,5,1
2020-05-09 17:00:00,0.3379999999999999,252.0655,1.433,50.027,BR49,17,5,1
2020-05-09 18:00:00,0.241,256.9425,1.075,50.0345,BR49,18,5,1
2020-05-09 19:00:00,0.473,248.2625,2.2055,49.9465,BR49,19,5,1
2020-05-09 20:00:00,0.152,245.32800000000003,0.763,50.014,BR49,20,5,1
2020-05-09 21:00:00,0.145,243.9415,0.7565,49.912,BR49,21,5,1
2020-05-09 22:00:00,0.247,244.833,1.1635,49.93,BR49,22,5,1
2020-05-09 23:00:00,0.283,244.839,1.2455,49.98,BR49,23,5,1
2020-05-10 00:00:00,0.335,247.033,1.4275,49.9745,BR49,0,6,1
2020-05-10 01:00:00,0.353,247.6195,1.511,49.937,BR49,1,6,1
2020-05-10 02:00:00,0.323,250.779,1.3685,49.972,BR49,2,6,1
2020-05-10 03:00:00,0.325,250.914,1.378,49.924,BR49,3,6,1
2020-05-10 04:00:00,0.32,252.5195,1.3455,49.992,BR49,4,6,1
2020-05-10 05:00:00,0.329,255.3735,1.374,50.038,BR49,5,6,1
2020-05-10 06:00:00,0.3409999999999999,260.822,1.3965,50.044,BR49,6,6,1
2020-05-10 07:00:00,0.336,259.319,1.3865,50.0225,BR49,7,6,1
2020-05-10 08:00:00,0.242,254.1505,1.052,50.026,BR49,8,6,1
2020-05-10 09:00:00,0.251,249.516,1.095,50.019,BR49,9,6,1
2020-05-10 10:00:00,0.285,254.8245,1.2905000000000002,50.078500000000005,BR49,10,6,1
2020-05-10 11:00:00,0.262,256.5445,1.118,50.0565,BR49,11,6,1
2020-05-10 12:00:00,0.231,254.445,0.984,50.0625,BR49,12,6,1
2020-05-10 13:00:00,0.403,253.94,1.7635,50.033,BR49,13,6,1
2020-05-10 14:00:00,0.01,12.8305,0.0535,2.5015,BR49,14,6,1
2020-05-10 15:00:00,0.0,0.0,0.0,0.0,BR49,15,6,1
2020-05-10 16:00:00,0.137,105.521,0.866,19.992,BR49,16,6,1
2020-05-10 17:00:00,0.287,240.19,1.739,45.018,BR49,17,6,1
2020-05-10 18:00:00,0.286,263.3795,1.5765,50.104,BR49,18,6,1
2020-05-10 19:00:00,0.31,260.4245,1.511,50.07,BR49,19,6,1
2020-05-10 20:00:00,0.295,259.82550000000003,1.2705,50.1245,BR49,20,6,1
2020-05-10 21:00:00,0.271,259.1415,1.1745,50.0585,BR49,21,6,1
2020-05-10 22:00:00,0.243,256.9995,1.1285,50.0155,BR49,22,6,1
2020-05-10 23:00:00,0.354,256.4775,1.659,50.0305,BR49,23,6,1
2020-05-11 00:00:00,0.207,259.4125,0.8755000000000001,50.028,BR49,0,0,0
2020-05-11 01:00:00,0.259,260.23850000000004,1.0595,50.038,BR49,1,0,0
2020-05-11 02:00:00,0.315,261.872,1.269,50.0535,BR49,2,0,0
2020-05-11 03:00:00,0.252,263.897,1.029,50.03,BR49,3,0,0
2020-05-11 04:00:00,0.244,265.1685,0.992,50.082,BR49,4,0,0
2020-05-11 05:00:00,0.242,263.864,0.985,50.016000000000005,BR49,5,0,0
2020-05-11 06:00:00,0.241,264.1355,0.983,50.05,BR49,6,0,0
2020-05-11 07:00:00,0.176,263.2865,0.777,50.037,BR49,7,0,0
2020-05-11 08:00:00,0.224,261.9455,0.961,50.031,BR49,8,0,0
2020-05-11 09:00:00,0.245,258.6565,1.0485,50.0365,BR49,9,0,0
2020-05-11 10:00:00,0.21,258.17,0.9585,50.0225,BR49,10,0,0
2020-05-11 11:00:00,0.355,256.9885,1.6965,49.9765,BR49,11,0,0
2020-05-11 12:00:00,0.131,256.492,0.687,49.964,BR49,12,0,0
2020-05-11 13:00:00,0.249,256.1545,1.1345,49.979,BR49,13,0,0
2020-05-11 14:00:00,0.274,259.409,1.1935,49.9825,BR49,14,0,0
2020-05-11 15:00:00,0.194,116.5095,0.825,22.493,BR49,15,0,0
2020-05-11 16:00:00,0.363,258.065,1.6925,50.0415,BR49,16,0,0
2020-05-11 17:00:00,0.177,192.2725,1.0275,37.522000000000006,BR49,17,0,0
2020-05-11 18:00:00,0.271,258.1035,1.3119999999999998,50.052,BR49,18,0,0
2020-05-11 19:00:00,0.2279999999999999,251.022,1.0445,50.0195,BR49,19,0,0
2020-05-11 20:00:00,0.23,248.6845,1.0185,50.008500000000005,BR49,20,0,0
2020-05-11 21:00:00,0.257,245.5425,1.145,49.964,BR49,21,0,0
2020-05-11 22:00:00,0.225,243.382,1.0335,49.977,BR49,22,0,0
2020-05-11 23:00:00,0.309,245.8115,1.34,49.9675,BR49,23,0,0
2020-05-12 00:00:00,0.329,247.417,1.3945,49.972,BR49,0,1,0
2020-05-12 01:00:00,0.348,249.4285,1.4805,50.008,BR49,1,1,0
2020-05-12 02:00:00,0.351,253.117,1.467,50.012,BR49,2,1,0
2020-05-12 03:00:00,0.22,256.082,0.963,50.02,BR49,3,1,0
2020-05-12 04:00:00,0.211,258.31100000000004,0.916,50.0285,BR49,4,1,0
2020-05-12 05:00:00,0.212,259.515,0.9165,50.0295,BR49,5,1,0
2020-05-12 06:00:00,0.211,261.809,0.908,50.0265,BR49,6,1,0
2020-05-12 07:00:00,0.22,261.4775,0.935,50.015,BR49,7,1,0
2020-05-12 08:00:00,0.2,258.0115,0.8779999999999999,50.0015,BR49,8,1,0
2020-05-12 09:00:00,0.157,253.0795,0.759,49.9885,BR49,9,1,0
2020-05-12 10:00:00,0.733,253.3095,3.367,50.058,BR49,10,1,0
2020-05-12 11:00:00,0.737,256.2045,3.5285,50.0335,BR49,11,1,0
2020-05-12 12:00:00,0.14,254.238,0.708,49.9775,BR49,12,1,0
2020-05-12 13:00:00,0.163,254.3295,0.7815000000000001,49.937,BR49,13,1,0
2020-05-12 14:00:00,0.2029999999999999,255.9885,0.915,50.003,BR49,14,1,0
2020-05-12 15:00:00,0.235,258.3095,0.9815,49.991,BR49,15,1,0
2020-05-12 16:00:00,0.289,256.34900000000005,1.1755,50.0465,BR49,16,1,0
2020-05-12 17:00:00,0.326,252.819,1.343,50.074,BR49,17,1,0
2020-05-12 18:00:00,0.209,251.7495,0.9635,50.013,BR49,18,1,0
2020-05-12 19:00:00,0.277,248.61550000000005,1.194,49.935,BR49,19,1,0
2020-05-12 20:00:00,0.365,246.181,1.5855,49.943,BR49,20,1,0
2020-05-12 21:00:00,0.33,248.541,1.426,49.998000000000005,BR49,21,1,0
2020-05-12 22:00:00,0.4039999999999999,185.6205,2.072,37.465,BR49,22,1,0
2020-05-12 23:00:00,0.37,252.06,1.7420000000000002,50.025,BR49,23,1,0
2020-05-13 00:00:00,0.3409999999999999,249.618,1.456,50.013,BR49,0,2,0
2020-05-13 01:00:00,0.345,251.8345,1.462,50.010000000000005,BR49,1,2,0
2020-05-13 02:00:00,0.383,252.96,1.59,50.024,BR49,2,2,0
2020-05-13 03:00:00,0.391,257.641,1.6190000000000002,49.997,BR49,3,2,0
2020-05-13 04:00:00,0.344,258.8865,1.425,50.0315,BR49,4,2,0
2020-05-13 05:00:00,0.3409999999999999,259.774,1.406,50.0185,BR49,5,2,0
2020-05-13 06:00:00,0.351,264.3245,1.4215,50.055,BR49,6,2,0
2020-05-13 07:00:00,0.394,260.3265,1.6405,50.0015,BR49,7,2,0
2020-05-13 08:00:00,0.296,257.9355,1.284,50.038,BR49,8,2,0
2020-05-13 09:00:00,0.313,251.9505,1.3345,50.0355,BR49,9,2,0
2020-05-13 10:00:00,0.22,178.1695,1.1605,35.016000000000005,BR49,10,2,0
2020-05-13 11:00:00,0.289,217.1605,1.5835,42.5,BR49,11,2,0
2020-05-13 12:00:00,0.355,250.877,1.5705,49.979,BR49,12,2,0
2020-05-13 13:00:00,0.416,251.3685,1.7265,50.002,BR49,13,2,0
2020-05-13 14:00:00,0.287,252.171,1.265,50.0175,BR49,14,2,0
2020-05-13 15:00:00,0.238,254.355,1.0375,50.013,BR49,15,2,0
2020-05-13 16:00:00,0.235,254.4105,1.002,50.0185,BR49,16,2,0
2020-05-13 17:00:00,0.482,254.701,2.146,50.042,BR49,17,2,0
2020-05-13 18:00:00,0.188,255.168,0.8724999999999999,50.0435,BR49,18,2,0
2020-05-13 19:00:00,0.511,249.7835,2.1975,50.0105,BR49,19,2,0
2020-05-13 20:00:00,0.354,244.393,1.754,50.013,BR49,20,2,0
2020-05-13 21:00:00,0.351,242.67400000000004,1.534,50.009,BR49,21,2,0
2020-05-13 22:00:00,0.329,243.2185,1.4715,49.9735,BR49,22,2,0
2020-05-13 23:00:00,0.296,244.348,1.321,49.9835,BR49,23,2,0
2020-05-14 00:00:00,0.0,,,,BR49,0,3,0
2020-05-14 01:00:00,0.0,,,,BR49,1,3,0
2020-05-14 02:00:00,0.0,,,,BR49,2,3,0
2020-05-14 03:00:00,0.0,,,,BR49,3,3,0
2020-05-14 04:00:00,0.0,,,,BR49,4,3,0
2020-05-14 05:00:00,0.0,,,,BR49,5,3,0
2020-05-14 06:00:00,0.0,,,,BR49,6,3,0
2020-05-14 07:00:00,0.0,,,,BR49,7,3,0
2020-05-14 08:00:00,0.0,,,,BR49,8,3,0
2020-05-14 09:00:00,0.0,,,,BR49,9,3,0
2020-05-14 10:00:00,0.0,,,,BR49,10,3,0
2020-05-14 11:00:00,0.0,,,,BR49,11,3,0
2020-05-14 12:00:00,0.0,,,,BR49,12,3,0
2020-05-14 13:00:00,0.0,,,,BR49,13,3,0
2020-05-14 14:00:00,0.0,,,,BR49,14,3,0
2020-05-14 15:00:00,0.0,,,,BR49,15,3,0
2020-05-14 16:00:00,0.0,,,,BR49,16,3,0
2020-05-14 17:00:00,0.0,,,,BR49,17,3,0
2020-05-14 18:00:00,0.0,,,,BR49,18,3,0
2020-05-14 19:00:00,0.0,,,,BR49,19,3,0
2020-05-14 20:00:00,0.0,,,,BR49,20,3,0
2020-05-14 21:00:00,0.0,,,,BR49,21,3,0
2020-05-14 22:00:00,0.0,,,,BR49,22,3,0
2020-05-14 23:00:00,0.0,,,,BR49,23,3,0
2020-05-15 00:00:00,0.0,,,,BR49,0,4,0
2020-05-15 01:00:00,0.0,,,,BR49,1,4,0
2020-05-15 02:00:00,0.0,,,,BR49,2,4,0
2020-05-15 03:00:00,0.0,,,,BR49,3,4,0
2020-05-15 04:00:00,0.0,,,,BR49,4,4,0
2020-05-15 05:00:00,0.0,,,,BR49,5,4,0
2020-05-15 06:00:00,0.0,,,,BR49,6,4,0
2020-05-15 07:00:00,0.0,,,,BR49,7,4,0
2020-05-15 08:00:00,0.0,,,,BR49,8,4,0
2020-05-15 09:00:00,0.0,,,,BR49,9,4,0
2020-05-15 10:00:00,0.0,,,,BR49,10,4,0
2020-05-15 11:00:00,0.0,,,,BR49,11,4,0
2020-05-15 12:00:00,0.0,,,,BR49,12,4,0
2020-05-15 13:00:00,0.0,,,,BR49,13,4,0
2020-05-15 14:00:00,0.0,,,,BR49,14,4,0
2020-05-15 15:00:00,0.0,,,,BR49,15,4,0
2020-05-15 16:00:00,0.0,,,,BR49,16,4,0
2020-05-15 17:00:00,0.0,,,,BR49,17,4,0
2020-05-15 18:00:00,0.0,,,,BR49,18,4,0
2020-05-15 19:00:00,0.0,,,,BR49,19,4,0
2020-05-15 20:00:00,0.0,,,,BR49,20,4,0
2020-05-15 21:00:00,0.0,,,,BR49,21,4,0
2020-05-15 22:00:00,0.0,,,,BR49,22,4,0
2020-05-15 23:00:00,0.0,,,,BR49,23,4,0
2020-05-16 00:00:00,0.377,246.898,1.645,49.9705,BR49,0,5,1
2020-05-16 01:00:00,0.312,246.9125,1.3735,50.016000000000005,BR49,1,5,1
2020-05-16 02:00:00,0.313,249.5125,1.3655,50.016000000000005,BR49,2,5,1
2020-05-16 03:00:00,0.318,251.1095,1.3805,50.0205,BR49,3,5,1
2020-05-16 04:00:00,0.321,252.961,1.384,50.0285,BR49,4,5,1
2020-05-16 05:00:00,0.324,254.756,1.396,50.0355,BR49,5,5,1
2020-05-16 06:00:00,0.328,261.2705,1.373,50.043,BR49,6,5,1
2020-05-16 07:00:00,0.268,260.1535,1.142,50.0355,BR49,7,5,1
2020-05-16 08:00:00,0.301,255.116,1.3135,50.0035,BR49,8,5,1
2020-05-16 09:00:00,0.328,220.368,1.463,44.9895,BR49,9,5,1
2020-05-16 10:00:00,0.369,246.0055,1.559,50.051,BR49,10,5,1
2020-05-16 11:00:00,0.603,246.74,2.94,50.013,BR49,11,5,1
2020-05-16 12:00:00,0.367,249.0155,1.5470000000000002,50.001,BR49,12,5,1
2020-05-16 13:00:00,0.351,252.0245,1.4475,50.031,BR49,13,5,1
2020-05-16 14:00:00,0.345,251.5575,1.4625,49.954,BR49,14,5,1
2020-05-16 15:00:00,0.249,225.9705,1.1825,44.9725,BR49,15,5,1
2020-05-16 16:00:00,0.39,247.99050000000005,1.6969999999999998,50.0115,BR49,16,5,1
2020-05-16 17:00:00,0.421,252.505,1.748,50.046,BR49,17,5,1
2020-05-16 18:00:00,0.266,246.754,1.2145,50.004000000000005,BR49,18,5,1
2020-05-16 19:00:00,0.286,245.1415,1.296,50.031,BR49,19,5,1
2020-05-16 20:00:00,0.383,229.2785,1.908,47.5155,BR49,20,5,1
2020-05-16 21:00:00,0.729,239.563,3.5265,50.003,BR49,21,5,1
2020-05-16 22:00:00,0.365,238.938,1.6425,49.9735,BR49,22,5,1
2020-05-16 23:00:00,0.324,242.8475,1.436,49.995,BR49,23,5,1
2020-05-17 00:00:00,0.37,245.39050000000003,1.62,49.941500000000005,BR49,0,6,1
2020-05-17 01:00:00,0.326,247.018,1.4335,49.9985,BR49,1,6,1
2020-05-17 02:00:00,0.329,248.4735,1.4405,50.0345,BR49,2,6,1
2020-05-17 03:00:00,0.319,249.447,1.3925,50.019,BR49,3,6,1
2020-05-17 04:00:00,0.33,251.284,1.425,50.0015,BR49,4,6,1
2020-05-17 05:00:00,0.395,252.113,1.6789999999999998,50.022000000000006,BR49,5,6,1
2020-05-17 06:00:00,0.35,256.23400000000004,1.492,50.018,BR49,6,6,1
2020-05-17 07:00:00,0.285,256.374,1.232,50.031,BR49,7,6,1
2020-05-17 08:00:00,0.2779999999999999,256.169,1.1725,49.998000000000005,BR49,8,6,1
2020-05-17 09:00:00,0.232,249.425,1.0805,50.0395,BR49,9,6,1
2020-05-17 10:00:00,0.245,197.038,1.4365,40.0245,BR49,10,6,1
2020-05-17 11:00:00,0.283,249.421,1.4145,50.028000000000006,BR49,11,6,1
2020-05-17 12:00:00,0.218,251.875,1.051,49.9795,BR49,12,6,1
2020-05-17 13:00:00,0.309,255.199,1.362,49.999,BR49,13,6,1
2020-05-17 14:00:00,0.425,253.121,1.9675,50.037,BR49,14,6,1
2020-05-17 15:00:00,0.284,254.596,1.234,50.037,BR49,15,6,1
2020-05-17 16:00:00,0.287,254.432,1.2685,50.042,BR49,16,6,1
2020-05-17 17:00:00,0.228,251.4235,1.0779999999999998,50.1105,BR49,17,6,1
2020-05-17 18:00:00,0.256,248.015,1.201,50.023,BR49,18,6,1
2020-05-17 19:00:00,0.455,240.832,1.9835,50.026,BR49,19,6,1
2020-05-17 20:00:00,0.341,238.432,1.5745,49.998000000000005,BR49,20,6,1
2020-05-17 21:00:00,0.118,238.346,0.697,50.012,BR49,21,6,1
2020-05-17 22:00:00,0.118,240.1455,0.705,50.0195,BR49,22,6,1
2020-05-17 23:00:00,0.394,240.6425,1.737,49.9585,BR49,23,6,1
2020-05-18 00:00:00,0.358,246.118,1.5575,50.016000000000005,BR49,0,0,0
2020-05-18 01:00:00,0.322,244.7735,1.4335,50.006,BR49,1,0,0
2020-05-18 02:00:00,0.356,247.792,1.5345,50.0065,BR49,2,0,0
2020-05-18 03:00:00,0.366,249.455,1.596,50.0145,BR49,3,0,0
2020-05-18 04:00:00,0.32,252.1825,1.384,50.046,BR49,4,0,0
2020-05-18 05:00:00,0.313,251.1655,1.357,50.0565,BR49,5,0,0
2020-05-18 06:00:00,0.318,252.5595,1.373,50.008,BR49,6,0,0
2020-05-18 07:00:00,0.334,255.2475,1.433,50.0375,BR49,7,0,0
2020-05-18 08:00:00,0.284,239.8145,1.4015,47.5295,BR49,8,0,0
2020-05-18 09:00:00,0.298,248.359,1.3535,49.99,BR49,9,0,0
2020-05-18 10:00:00,0.555,245.342,2.6875,50.029,BR49,10,0,0
2020-05-18 11:00:00,0.267,248.1095,1.246,49.989,BR49,11,0,0
2020-05-18 12:00:00,0.3,247.44,1.3445,49.993,BR49,12,0,0
2020-05-18 13:00:00,0.3409999999999999,246.67,1.4805,49.967,BR49,13,0,0
2020-05-18 14:00:00,0.284,243.8775,1.317,49.9405,BR49,14,0,0
2020-05-18 15:00:00,0.359,242.6775,1.589,49.9885,BR49,15,0,0
2020-05-18 16:00:00,0.358,244.1135,1.573,50.021,BR49,16,0,0
2020-05-18 17:00:00,0.319,249.623,1.401,49.999,BR49,17,0,0
2020-05-18 18:00:00,0.364,251.7105,1.6685,50.0175,BR49,18,0,0
2020-05-18 19:00:00,0.513,246.282,2.2635,50.008,BR49,19,0,0
2020-05-18 20:00:00,0.411,243.486,1.7495,50.0025,BR49,20,0,0
2020-05-18 21:00:00,0.462,242.36,2.025,49.9925,BR49,21,0,0
2020-05-18 22:00:00,0.391,239.239,1.763,49.929,BR49,22,0,0
2020-05-18 23:00:00,0.347,244.9405,1.5485000000000002,49.985,BR49,23,0,0
2020-05-19 00:00:00,0.417,245.7645,1.791,50.002,BR49,0,1,0
2020-05-19 01:00:00,0.394,245.392,1.691,50.033,BR49,1,1,0
2020-05-19 02:00:00,0.353,247.32,1.5035,50.018,BR49,2,1,0
2020-05-19 03:00:00,0.352,248.703,1.4835,50.011,BR49,3,1,0
2020-05-19 04:00:00,0.352,251.6235,1.474,50.0265,BR49,4,1,0
2020-05-19 05:00:00,0.356,254.049,1.477,50.02,BR49,5,1,0
2020-05-19 06:00:00,0.362,257.15250000000003,1.4895,50.0495,BR49,6,1,0
2020-05-19 07:00:00,0.305,255.3075,1.284,50.048,BR49,7,1,0
2020-05-19 08:00:00,0.327,256.029,1.3535,50.0555,BR49,8,1,0
2020-05-19 09:00:00,0.267,252.488,1.199,49.998000000000005,BR49,9,1,0
2020-05-19 10:00:00,0.235,240.359,1.1735,47.572,BR49,10,1,0
2020-05-19 11:00:00,0.5720000000000001,251.918,2.807,50.0035,BR49,11,1,0
2020-05-19 12:00:00,0.359,249.60700000000003,1.5975,50.026,BR49,12,1,0
2020-05-19 13:00:00,0.315,246.805,1.415,50.023,BR49,13,1,0
2020-05-19 14:00:00,0.371,246.465,1.645,49.9685,BR49,14,1,0
2020-05-19 15:00:00,0.293,245.963,1.309,49.9945,BR49,15,1,0
2020-05-19 16:00:00,0.314,247.01550000000003,1.3725,49.954,BR49,16,1,0
2020-05-19 17:00:00,0.301,223.79450000000003,1.309,45.039,BR49,17,1,0
2020-05-19 18:00:00,0.282,163.8095,1.5045,32.513,BR49,18,1,0
2020-05-19 19:00:00,0.398,245.599,1.9625,50.014,BR49,19,1,0
2020-05-19 20:00:00,0.376,241.9355,1.773,50.017,BR49,20,1,0
2020-05-19 21:00:00,0.389,238.331,1.826,49.973,BR49,21,1,0
2020-05-19 22:00:00,0.624,235.2015,2.972,49.9885,BR49,22,1,0
2020-05-19 23:00:00,0.495,240.2065,2.282,50.021,BR49,23,1,0
2020-05-20 00:00:00,0.376,249.5905,1.6115000000000002,50.023,BR49,0,2,0
2020-05-20 01:00:00,0.365,249.856,1.573,50.0405,BR49,1,2,0
2020-05-20 02:00:00,0.3939999999999999,247.0985,1.6925,50.0315,BR49,2,2,0
2020-05-20 03:00:00,0.405,249.112,1.7565000000000002,49.993,BR49,3,2,0
2020-05-20 04:00:00,0.363,251.326,1.5605,50.023,BR49,4,2,0
2020-05-20 05:00:00,0.359,252.80300000000005,1.5415,49.995,BR49,5,2,0
2020-05-20 06:00:00,0.362,255.7545,1.5355,50.0125,BR49,6,2,0
2020-05-20 07:00:00,0.301,255.5435,1.286,50.010000000000005,BR49,7,2,0
2020-05-20 08:00:00,0.244,256.485,1.0575,50.010000000000005,BR49,8,2,0
2020-05-20 09:00:00,0.209,254.659,0.9385,50.023,BR49,9,2,0
2020-05-20 10:00:00,0.046,50.944,0.249,10.013,BR49,10,2,0
2020-05-20 11:00:00,0.474,250.649,2.3265,50.0015,BR49,11,2,0
2020-05-20 12:00:00,0.504,245.6915,2.612,50.006,BR49,12,2,0
2020-05-20 13:00:00,0.378,196.0735,2.039,39.986,BR49,13,2,0
2020-05-20 14:00:00,0.321,245.0,1.6045000000000005,49.942,BR49,14,2,0
2020-05-20 15:00:00,0.3409999999999999,245.708,1.495,49.922,BR49,15,2,0
2020-05-20 16:00:00,0.283,244.28850000000003,1.2654999999999998,49.995,BR49,16,2,0
2020-05-20 17:00:00,0.281,246.895,1.289,50.015,BR49,17,2,0
2020-05-20 18:00:00,0.248,250.8285,1.1205,50.038,BR49,18,2,0
2020-05-20 19:00:00,0.327,248.167,1.471,49.983,BR49,19,2,0
2020-05-20 20:00:00,0.359,248.812,1.5875,49.995,BR49,20,2,0
2020-05-20 21:00:00,0.472,246.0265,2.021,49.9905,BR49,21,2,0
2020-05-20 22:00:00,0.56,239.526,2.708,50.0,BR49,22,2,0
2020-05-20 23:00:00,0.373,242.737,1.6925,50.028000000000006,BR49,23,2,0
2020-05-21 00:00:00,0.326,243.2155,1.467,50.0485,BR49,0,3,0
2020-05-21 01:00:00,0.3999999999999999,246.9705,1.7265,50.059000000000005,BR49,1,3,0
2020-05-21 02:00:00,0.37,248.31350000000003,1.6045000000000005,50.058,BR49,2,3,0
2020-05-21 03:00:00,0.373,250.281,1.6065,50.066500000000005,BR49,3,3,0
2020-05-21 04:00:00,0.369,250.6895,1.5885000000000002,50.0625,BR49,4,3,0
2020-05-21 05:00:00,0.415,253.058,1.743,50.0505,BR49,5,3,0
2020-05-21 06:00:00,0.404,255.76,1.714,50.09,BR49,6,3,0
2020-05-21 07:00:00,0.3389999999999999,254.9625,1.4315,50.053,BR49,7,3,0
2020-05-21 08:00:00,0.301,252.801,1.3325,50.0415,BR49,8,3,0
2020-05-21 09:00:00,0.355,249.89900000000003,1.5325,50.041,BR49,9,3,0
2020-05-21 10:00:00,0.583,251.431,2.415,50.0595,BR49,10,3,0
2020-05-21 11:00:00,0.863,248.9375,3.619,50.0345,BR49,11,3,0
2020-05-21 12:00:00,1.058,194.5625,4.74,40.010000000000005,BR49,12,3,0
2020-05-21 13:00:00,0.704,72.3185,3.155,15.019,BR49,13,3,0
2020-05-21 14:00:00,0.592,133.276,2.68,27.473000000000003,BR49,14,3,0
2020-05-21 15:00:00,1.789,242.749,7.6335,50.005,BR49,15,3,0
2020-05-21 16:00:00,1.754,243.8755,7.456999999999999,49.9725,BR49,16,3,0
2020-05-21 17:00:00,1.736,246.4655,7.258,50.031,BR49,17,3,0
2020-05-21 18:00:00,0.969,253.1865,4.13,50.043,BR49,18,3,0
2020-05-21 19:00:00,1.217,246.198,5.1225000000000005,50.0005,BR49,19,3,0
2020-05-21 20:00:00,0.6719999999999999,242.4695,2.9255,49.982,BR49,20,3,0
2020-05-21 21:00:00,1.12,236.564,4.868,49.9965,BR49,21,3,0
2020-05-21 22:00:00,0.676,238.0105,3.0215,50.0025,BR49,22,3,0
2020-05-21 23:00:00,1.06,240.241,4.513,50.040000000000006,BR49,23,3,0
2020-05-22 00:00:00,1.353,243.0375,5.6945,50.011,BR49,0,4,0
2020-05-22 01:00:00,1.3690000000000002,240.265,5.8065,50.0335,BR49,1,4,0
2020-05-22 02:00:00,1.421,240.89050000000003,6.0195,50.0085,BR49,2,4,0
2020-05-22 03:00:00,1.413,245.408,5.936999999999999,50.0245,BR49,3,4,0
2020-05-22 04:00:00,1.344,247.8925,5.627000000000001,50.021,BR49,4,4,0
2020-05-22 05:00:00,1.34,249.168,5.6025,50.007,BR49,5,4,0
2020-05-22 06:00:00,0.383,254.6545,1.632,50.0415,BR49,6,4,0
2020-05-22 07:00:00,0.251,254.0805,1.0895,50.0395,BR49,7,4,0
2020-05-22 08:00:00,0.242,253.862,1.0535,50.0425,BR49,8,4,0
2020-05-22 09:00:00,0.286,252.974,1.2435,50.0235,BR49,9,4,0
2020-05-22 10:00:00,0.353,247.91950000000003,1.548,50.012,BR49,10,4,0
2020-05-22 11:00:00,0.553,243.768,2.677,49.9775,BR49,11,4,0
2020-05-22 12:00:00,0.303,243.547,1.345,49.988,BR49,12,4,0
2020-05-22 13:00:00,0.329,241.518,1.4369999999999998,49.981,BR49,13,4,0
2020-05-22 14:00:00,0.821,242.3265,3.5105000000000004,49.9315,BR49,14,4,0
2020-05-22 15:00:00,1.539,243.446,6.420999999999999,49.9505,BR49,15,4,0
2020-05-22 16:00:00,0.767,242.783,3.321,49.986,BR49,16,4,0
2020-05-22 17:00:00,0.159,248.442,0.8400000000000001,50.0265,BR49,17,4,0
2020-05-22 18:00:00,0.209,250.753,1.0074999999999998,50.0345,BR49,18,4,0
2020-05-22 19:00:00,0.734,241.6745,3.1585,49.93,BR49,19,4,0
2020-05-22 20:00:00,1.515,237.383,6.4590000000000005,49.953,BR49,20,4,0
2020-05-22 21:00:00,0.879,233.9025,3.8595,49.8805,BR49,21,4,0
2020-05-22 22:00:00,0.6759999999999999,232.8885,3.042,49.9515,BR49,22,4,0
2020-05-22 23:00:00,1.485,233.336,6.455500000000001,50.028,BR49,23,4,0
2020-05-23 00:00:00,1.471,235.0885,6.346,50.0125,BR49,0,5,1
2020-05-23 01:00:00,1.433,238.12,6.1055,50.0005,BR49,1,5,1
2020-05-23 02:00:00,1.429,241.968,6.008,49.97,BR49,2,5,1
2020-05-23 03:00:00,1.444,243.6685,6.0520000000000005,49.988,BR49,3,5,1
2020-05-23 04:00:00,1.43,243.217,6.011,49.9815,BR49,4,5,1
2020-05-23 05:00:00,1.404,246.5535,5.859,49.9795,BR49,5,5,1
2020-05-23 06:00:00,0.973,251.847,4.029,49.9985,BR49,6,5,1
2020-05-23 07:00:00,0.564,255.7265,2.5705,50.016,BR49,7,5,1
2020-05-23 08:00:00,0.292,254.8085,1.2285,49.999,BR49,8,5,1
2020-05-23 09:00:00,0.235,251.408,1.0355,50.005,BR49,9,5,1
2020-05-23 10:00:00,0.258,249.345,1.158,50.033,BR49,10,5,1
2020-05-23 11:00:00,0.418,247.3955,1.886,50.024,BR49,11,5,1
2020-05-23 12:00:00,0.328,242.2705,1.4675,49.9995,BR49,12,5,1
2020-05-23 13:00:00,1.101,239.89050000000003,4.855,49.98,BR49,13,5,1
2020-05-23 14:00:00,0.892,237.537,3.92,49.9655,BR49,14,5,1
2020-05-23 15:00:00,1.611,237.862,6.8345,49.947500000000005,BR49,15,5,1
2020-05-23 16:00:00,1.224,240.0885,5.165,50.0025,BR49,16,5,1
2020-05-23 17:00:00,1.291,243.394,5.415,49.9885,BR49,17,5,1
2020-05-23 18:00:00,0.352,246.99050000000005,1.543,50.028,BR49,18,5,1
2020-05-23 19:00:00,1.264,235.60700000000003,5.485,50.018,BR49,19,5,1
2020-05-23 20:00:00,0.5640000000000001,233.651,2.5805,49.9765,BR49,20,5,1
2020-05-23 21:00:00,1.592,230.1125,7.0,49.8805,BR49,21,5,1
2020-05-23 22:00:00,2.252,229.6285,10.101,49.981,BR49,22,5,1
2020-05-23 23:00:00,2.311,230.5575,10.1035,50.0155,BR49,23,5,1
2020-05-24 00:00:00,2.484,233.4975,10.7095,49.9945,BR49,0,6,1
2020-05-24 01:00:00,2.124,238.6945,8.99,50.017,BR49,1,6,1
2020-05-24 02:00:00,2.042,239.4655,8.609,50.009,BR49,2,6,1
2020-05-24 03:00:00,2.377,238.937,9.991,50.0,BR49,3,6,1
2020-05-24 04:00:00,1.955,240.0215,8.212,49.955,BR49,4,6,1
2020-05-24 05:00:00,1.439,246.427,5.9775,49.999,BR49,5,6,1
2020-05-24 06:00:00,1.47,250.8015,6.041,49.999,BR49,6,6,1
2020-05-24 07:00:00,0.713,252.8325,2.896,50.0275,BR49,7,6,1
2020-05-24 08:00:00,0.332,249.551,1.38,50.038,BR49,8,6,1
2020-05-24 09:00:00,0.318,247.826,1.3625,50.0235,BR49,9,6,1
2020-05-24 10:00:00,0.298,249.3125,1.264,49.998000000000005,BR49,10,6,1
2020-05-24 11:00:00,0.375,247.311,1.558,50.0,BR49,11,6,1
2020-05-24 12:00:00,1.424,240.5485,6.0545,50.013,BR49,12,6,1
2020-05-24 13:00:00,1.759,239.265,7.575,50.022,BR49,13,6,1
2020-05-24 14:00:00,0.75,242.33,3.185,49.9845,BR49,14,6,1
2020-05-24 15:00:00,0.393,243.7495,1.6809999999999998,49.99,BR49,15,6,1
2020-05-24 16:00:00,0.547,245.5675,2.2935,49.9955,BR49,16,6,1
2020-05-24 17:00:00,1.711,241.93400000000003,7.139,50.0175,BR49,17,6,1
2020-05-24 18:00:00,1.632,246.3245,6.7395,50.039,BR49,18,6,1
2020-05-24 19:00:00,1.614,238.556,6.859,50.012,BR49,19,6,1
2020-05-24 20:00:00,0.803,238.286,3.4955,49.966,BR49,20,6,1
2020-05-24 21:00:00,2.343,231.8885,10.2385,49.975,BR49,21,6,1
2020-05-24 22:00:00,1.932,229.7135,8.465,49.952,BR49,22,6,1
2020-05-24 23:00:00,2.328,231.5795,10.1365,49.987,BR49,23,6,1
2020-05-25 00:00:00,2.318,232.356,10.055,49.995,BR49,0,0,0
2020-05-25 01:00:00,2.208,236.3305,9.434,50.0295,BR49,1,0,0
2020-05-25 02:00:00,2.161,240.6535,9.0885,50.0355,BR49,2,0,0
2020-05-25 03:00:00,2.098,241.794,8.7895,50.0075,BR49,3,0,0
2020-05-25 04:00:00,1.408,244.66950000000003,5.8945,49.9555,BR49,4,0,0
2020-05-25 05:00:00,1.3730000000000002,247.53000000000003,5.732,49.9585,BR49,5,0,0
2020-05-25 06:00:00,1.395,250.6295,5.787,50.0195,BR49,6,0,0
2020-05-25 07:00:00,0.7799999999999999,250.9025,3.2415,50.0155,BR49,7,0,0
2020-05-25 08:00:00,0.302,250.201,1.2555,50.0225,BR49,8,0,0
2020-05-25 09:00:00,0.502,247.987,2.133,49.967,BR49,9,0,0
2020-05-25 10:00:00,0.376,250.4945,1.5825,49.9925,BR49,10,0,0
2020-05-25 11:00:00,0.29,251.0595,1.234,49.952,BR49,11,0,0
2020-05-25 12:00:00,0.335,233.526,1.485,47.485,BR49,12,0,0
2020-05-25 13:00:00,0.339,205.6475,1.769,42.508,BR49,13,0,0
2020-05-25 14:00:00,0.325,241.854,1.499,49.946,BR49,14,0,0
2020-05-25 15:00:00,0.284,232.5065,1.2935,47.4955,BR49,15,0,0
2020-05-25 16:00:00,0.201,123.2895,1.1915,24.994,BR49,16,0,0
2020-05-25 17:00:00,0.0,0.0,0.0,0.0,BR49,17,0,0
2020-05-25 18:00:00,0.504,236.704,2.6415,47.527,BR49,18,0,0
2020-05-25 19:00:00,0.856,239.95,4.237,49.972,BR49,19,0,0
2020-05-25 20:00:00,0.944,237.2335,4.5575,50.019,BR49,20,0,0
2020-05-25 21:00:00,1.693,229.4885,7.538500000000001,49.958,BR49,21,0,0
2020-05-25 22:00:00,2.513,221.5365,11.266,49.9315,BR49,22,0,0
2020-05-25 23:00:00,2.332,224.62,10.4335,49.9945,BR49,23,0,0
2020-05-26 00:00:00,2.24,227.0235,9.9345,49.9565,BR49,0,1,0
2020-05-26 01:00:00,2.231,232.53850000000003,9.665,50.0365,BR49,1,1,0
2020-05-26 02:00:00,2.184,237.993,9.2605,50.0495,BR49,2,1,0
2020-05-26 03:00:00,2.123,240.117,8.9225,50.0165,BR49,3,1,0
2020-05-26 04:00:00,1.3690000000000002,244.8305,5.725,50.016000000000005,BR49,4,1,0
2020-05-26 05:00:00,1.389,247.6555,5.7735,49.981,BR49,5,1,0
2020-05-26 06:00:00,1.413,248.7135,5.8575,50.016000000000005,BR49,6,1,0
2020-05-26 07:00:00,0.732,250.637,3.018,50.021,BR49,7,1,0
2020-05-26 08:00:00,0.292,248.584,1.225,50.049,BR49,8,1,0
2020-05-26 09:00:00,0.278,245.3875,1.218,50.001,BR49,9,1,0
2020-05-26 10:00:00,0.643,247.5765,2.7015,50.006,BR49,10,1,0
2020-05-26 11:00:00,0.541,248.527,2.3695,50.0155,BR49,11,1,0
2020-05-26 12:00:00,0.254,244.0815,1.1525,49.936,BR49,12,1,0
2020-05-26 13:00:00,0.511,239.085,2.244,49.919,BR49,13,1,0
2020-05-26 14:00:00,0.37,237.737,1.6670000000000005,49.9365,BR49,14,1,0
2020-05-26 15:00:00,0.325,236.7125,1.476,49.989,BR49,15,1,0
2020-05-26 16:00:00,1.832,222.1335,8.3515,47.4855,BR49,16,1,0
2020-05-26 17:00:00,1.148,243.898,4.9755,50.0695,BR49,17,1,0
2020-05-26 18:00:00,0.3419999999999999,250.7545,1.4645,50.112,BR49,18,1,0
2020-05-26 19:00:00,1.427,240.723,6.085,50.0695,BR49,19,1,0
2020-05-26 20:00:00,1.746,234.618,7.526999999999999,49.9775,BR49,20,1,0
2020-05-26 21:00:00,1.761,231.1205,7.694,49.997,BR49,21,1,0
2020-05-26 22:00:00,2.496,222.681,11.3415,50.0355,BR49,22,1,0
2020-05-26 23:00:00,2.476,226.4695,10.9445,50.0125,BR49,23,1,0
2020-05-27 00:00:00,2.392,227.775,10.477,50.018,BR49,0,2,0
2020-05-27 01:00:00,2.359,231.7185,10.022,50.034000000000006,BR49,1,2,0
2020-05-27 02:00:00,2.28,234.4795,9.548,50.0025,BR49,2,2,0
2020-05-27 03:00:00,2.223,238.447,9.341,50.001,BR49,3,2,0
2020-05-27 04:00:00,2.232,241.5485,9.248,50.0235,BR49,4,2,0
2020-05-27 05:00:00,2.112,245.7795,8.647499999999999,50.028,BR49,5,2,0
2020-05-27 06:00:00,1.464,251.9515,6.005,50.072,BR49,6,2,0
2020-05-27 07:00:00,0.86,251.3185,3.5055,50.093,BR49,7,2,0
2020-05-27 08:00:00,0.528,250.629,2.16,50.069,BR49,8,2,0
2020-05-27 09:00:00,0.367,248.7995,1.5345,50.023,BR49,9,2,0
2020-05-27 10:00:00,0.448,225.7575,1.8895,45.037,BR49,10,2,0
2020-05-27 11:00:00,0.626,246.4585,2.7315,50.004000000000005,BR49,11,2,0
2020-05-27 12:00:00,0.749,240.6645,3.561,49.9995,BR49,12,2,0
2020-05-27 13:00:00,0.441,234.173,1.9745,50.045,BR49,13,2,0
2020-05-27 14:00:00,0.825,197.38,3.7895,42.4975,BR49,14,2,0
2020-05-27 15:00:00,0.611,230.9395,3.0460000000000003,49.9955,BR49,15,2,0
2020-05-27 16:00:00,0.998,224.5315,4.4855,47.538,BR49,16,2,0
2020-05-27 17:00:00,1.24,244.0555,5.2605,50.066,BR49,17,2,0
2020-05-27 18:00:00,0.452,249.738,2.031,50.142,BR49,18,2,0
2020-05-27 19:00:00,1.786,240.991,7.539,49.9685,BR49,19,2,0
2020-05-27 20:00:00,1.917,237.2735,8.2015,50.017,BR49,20,2,0
2020-05-27 21:00:00,1.428,193.836,6.011,40.0215,BR49,21,2,0
2020-05-27 22:00:00,0.148,36.3475,0.7275,7.504,BR49,22,2,0
2020-05-27 23:00:00,2.576,233.017,11.2785,50.0415,BR49,23,2,0
2020-05-28 00:00:00,2.358,235.2025,10.26,50.021,BR49,0,3,0
2020-05-28 01:00:00,2.248,240.2475,9.52,50.0565,BR49,1,3,0
2020-05-28 02:00:00,2.134,243.901,8.882000000000001,50.0385,BR49,2,3,0
2020-05-28 03:00:00,1.987,246.8565,8.251000000000001,50.049,BR49,3,3,0
2020-05-28 04:00:00,2.002,249.1795,8.4205,50.0365,BR49,4,3,0
2020-05-28 05:00:00,1.841,251.2615,7.753,50.0125,BR49,5,3,0
2020-05-28 06:00:00,1.523,254.99050000000005,6.29,50.053,BR49,6,3,0
2020-05-28 07:00:00,0.6579999999999999,115.1395,2.765,22.548,BR49,7,3,0
2020-05-28 08:00:00,0.474,253.4925,2.384,50.05,BR49,8,3,0
2020-05-28 09:00:00,0.448,253.8295,2.0295,50.002,BR49,9,3,0
2020-05-28 10:00:00,0.397,242.5495,1.83,47.532,BR49,10,3,0
2020-05-28 11:00:00,0.432,256.03000000000003,1.997,49.97,BR49,11,3,0
2020-05-28 12:00:00,0.674,251.1275,3.014,49.9855,BR49,12,3,0
2020-05-28 13:00:00,0.497,237.2645,2.2965,47.513,BR49,13,3,0
2020-05-28 14:00:00,0.903,243.522,4.0755,49.992,BR49,14,3,0
2020-05-28 15:00:00,1.92,238.443,8.1125,50.0585,BR49,15,3,0
2020-05-28 16:00:00,1.342,203.1795,5.7925,42.5375,BR49,16,3,0
2020-05-28 17:00:00,1.305,244.0325,5.489,49.957,BR49,17,3,0
2020-05-28 18:00:00,0.621,250.2865,2.591,50.135000000000005,BR49,18,3,0
2020-05-28 19:00:00,0.962,244.7815,4.0875,50.101,BR49,19,3,0
2020-05-28 20:00:00,1.725,240.931,7.3055,50.0505,BR49,20,3,0
2020-05-28 21:00:00,1.516,240.6755,6.44,50.0155,BR49,21,3,0
2020-05-28 22:00:00,2.388,236.6035,10.209,50.043,BR49,22,3,0
2020-05-28 23:00:00,2.127,239.1965,9.032,50.031,BR49,23,3,0
2020-05-29 00:00:00,1.541,244.1245,6.499,49.9785,BR49,0,4,0
2020-05-29 01:00:00,1.531,246.66950000000003,6.401000000000001,50.0125,BR49,1,4,0
2020-05-29 02:00:00,0.0,0.0,0.0,0.0,BR49,2,4,0
2020-05-29 03:00:00,0.591,113.0685,2.6670000000000003,22.5195,BR49,3,4,0
2020-05-29 04:00:00,1.531,247.3235,6.587000000000001,50.0225,BR49,4,4,0
2020-05-29 05:00:00,1.512,244.778,6.524500000000001,49.996500000000005,BR49,5,4,0
2020-05-29 06:00:00,1.515,245.526,6.4995,49.9695,BR49,6,4,0
2020-05-29 07:00:00,0.943,159.8385,4.1635,32.521,BR49,7,4,0
2020-05-29 08:00:00,0.0,0.0,0.0,0.0,BR49,8,4,0
2020-05-29 09:00:00,0.0,0.0,0.0,0.0,BR49,9,4,0
2020-05-29 10:00:00,0.0,0.0,0.0,0.0,BR49,10,4,0
2020-05-29 11:00:00,0.0,0.0,0.0,0.0,BR49,11,4,0
2020-05-29 12:00:00,0.0,0.0,0.0,0.0,BR49,12,4,0
2020-05-29 13:00:00,0.0,0.0,0.0,0.0,BR49,13,4,0
2020-05-29 14:00:00,0.0,0.0,0.0,0.0,BR49,14,4,0
2020-05-29 15:00:00,0.749,209.5685,4.182,44.952,BR49,15,4,0
2020-05-29 16:00:00,1.0,194.6465,4.97,42.5125,BR49,16,4,0
2020-05-29 17:00:00,1.839,234.9855,8.106,50.0705,BR49,17,4,0
2020-05-29 18:00:00,0.673,240.4445,3.3915,50.0655,BR49,18,4,0
2020-05-29 19:00:00,0.74,236.525,3.66,49.9685,BR49,19,4,0
2020-05-29 20:00:00,1.525,231.712,6.9185,49.9525,BR49,20,4,0
2020-05-29 21:00:00,1.16,231.215,5.387,49.9615,BR49,21,4,0
2020-05-29 22:00:00,1.052,229.8285,5.1885,49.9705,BR49,22,4,0
2020-05-29 23:00:00,1.663,234.3605,7.372,49.9925,BR49,23,4,0
2020-05-30 00:00:00,1.332,213.8485,6.106,45.010000000000005,BR49,0,5,1
2020-05-30 01:00:00,1.516,241.742,6.56,50.0205,BR49,1,5,1
2020-05-30 02:00:00,1.4429999999999998,243.3565,6.207,49.987,BR49,2,5,1
2020-05-30 03:00:00,1.4409999999999998,246.605,6.1125,49.9955,BR49,3,5,1
2020-05-30 04:00:00,1.361,247.44,5.756,50.0055,BR49,4,5,1
2020-05-30 05:00:00,1.423,248.652,5.965,49.986,BR49,5,5,1
2020-05-30 06:00:00,1.37,251.6955,5.864,49.9615,BR49,6,5,1
2020-05-30 07:00:00,0.902,250.9765,3.7455,50.0025,BR49,7,5,1
2020-05-30 08:00:00,0.364,251.3795,1.556,49.966,BR49,8,5,1
2020-05-30 09:00:00,0.266,253.374,1.1535,49.9785,BR49,9,5,1
2020-05-30 10:00:00,0.271,253.4835,1.1665,49.9815,BR49,10,5,1
2020-05-30 11:00:00,0.263,254.635,1.121,49.9825,BR49,11,5,1
2020-05-30 12:00:00,0.347,189.2455,1.592,37.521,BR49,12,5,1
2020-05-30 13:00:00,0.497,253.64050000000003,2.327,50.0025,BR49,13,5,1
2020-05-30 14:00:00,0.569,250.6055,2.464,49.9845,BR49,14,5,1
2020-05-30 15:00:00,0.343,253.1785,1.479,49.9745,BR49,15,5,1
2020-05-30 16:00:00,0.384,254.5675,1.6425,50.010000000000005,BR49,16,5,1
2020-05-30 17:00:00,0.499,256.9035,2.092,50.0595,BR49,17,5,1
2020-05-30 18:00:00,0.395,256.8855,1.6949999999999998,50.0365,BR49,18,5,1
2020-05-30 19:00:00,0.443,251.971,1.8595,49.9585,BR49,19,5,1
2020-05-30 20:00:00,0.459,249.0275,1.9265,50.023,BR49,20,5,1
2020-05-30 21:00:00,0.419,247.85,1.775,49.978,BR49,21,5,1
2020-05-30 22:00:00,0.487,245.509,2.065,49.873000000000005,BR49,22,5,1
2020-05-30 23:00:00,0.453,247.6505,1.894,49.9705,BR49,23,5,1
2020-05-31 00:00:00,0.339,250.03850000000003,1.5405,49.9915,BR49,0,6,1
2020-05-31 01:00:00,0.363,253.35100000000003,1.6030000000000002,50.007,BR49,1,6,1
2020-05-31 02:00:00,0.362,253.877,1.632,50.033,BR49,2,6,1
2020-05-31 03:00:00,0.361,257.21,1.609,49.997,BR49,3,6,1
2020-05-31 04:00:00,0.36,258.4655,1.596,50.0215,BR49,4,6,1
2020-05-31 05:00:00,0.619,257.342,2.631,49.9375,BR49,5,6,1
2020-05-31 06:00:00,0.369,260.8805,1.5305,50.027,BR49,6,6,1
2020-05-31 07:00:00,0.368,260.6345,1.524,50.0115,BR49,7,6,1
2020-05-31 08:00:00,0.237,233.931,1.053,45.0155,BR49,8,6,1
2020-05-31 09:00:00,0.176,90.916,0.924,17.5165,BR49,9,6,1
2020-05-31 10:00:00,0.273,183.87,1.44,35.048,BR49,10,6,1
2020-05-31 11:00:00,0.269,194.0195,1.4895,37.4975,BR49,11,6,1
2020-05-31 12:00:00,0.388,259.63,1.9205,49.991,BR49,12,6,1
2020-05-31 13:00:00,0.346,258.543,1.578,50.021,BR49,13,6,1
2020-05-31 14:00:00,0.6839999999999999,203.682,3.3565,39.9425,BR49,14,6,1
2020-05-31 15:00:00,0.392,259.1955,1.685,50.011,BR49,15,6,1
2020-05-31 16:00:00,0.256,232.3,1.183,45.031,BR49,16,6,1
2020-05-31 17:00:00,0.164,166.946,1.004,32.5445,BR49,17,6,1
2020-05-31 18:00:00,0.229,205.744,1.2025,40.027,BR49,18,6,1
2020-05-31 19:00:00,0.578,254.122,2.5420000000000003,50.015,BR49,19,6,1
2020-05-31 20:00:00,0.474,237.4565,2.311,47.48,BR49,20,6,1
2020-05-31 21:00:00,0.557,245.764,2.518,50.009,BR49,21,6,1
2020-05-31 22:00:00,0.457,242.40500000000003,2.018,49.9865,BR49,22,6,1
2020-05-31 23:00:00,0.377,245.002,1.7614999999999998,50.014,BR49,23,6,1
2020-06-01 00:00:00,0.392,248.506,1.693,50.048,BR49,0,0,0
2020-06-01 01:00:00,0.806,249.1225,3.371,50.0355,BR49,1,0,0
2020-06-01 02:00:00,1.276,249.8185,5.353,50.037,BR49,2,0,0
2020-06-01 03:00:00,1.33,253.5895,5.5425,50.051,BR49,3,0,0
2020-06-01 04:00:00,1.346,253.423,5.616,50.0425,BR49,4,0,0
2020-06-01 05:00:00,0.338,256.1645,1.389,50.0745,BR49,5,0,0
2020-06-01 06:00:00,0.371,258.108,1.503,50.0545,BR49,6,0,0
2020-06-01 07:00:00,0.349,260.1745,1.4145,50.0195,BR49,7,0,0
2020-06-01 08:00:00,0.282,258.684,1.162,50.010000000000005,BR49,8,0,0
2020-06-01 09:00:00,0.453,257.3665,1.9625,50.0495,BR49,9,0,0
2020-06-01 10:00:00,0.362,217.8515,1.7965,42.527,BR49,10,0,0
2020-06-01 11:00:00,0.181,253.2585,0.972,49.986,BR49,11,0,0
2020-06-01 12:00:00,0.197,167.17649999999998,0.865,32.4825,BR49,12,0,0
2020-06-01 13:00:00,0.113,75.4715,0.6119999999999999,15.004499999999998,BR49,13,0,0
2020-06-01 14:00:00,0.812,251.3635,3.7055,50.0005,BR49,14,0,0
2020-06-01 15:00:00,1.653,248.4625,6.965999999999999,50.0335,BR49,15,0,0
2020-06-01 16:00:00,1.6,248.749,6.672,50.06,BR49,16,0,0
2020-06-01 17:00:00,1.452,249.9535,6.007,50.037,BR49,17,0,0
2020-06-01 18:00:00,0.326,252.536,1.4105,49.982,BR49,18,0,0
2020-06-01 19:00:00,0.352,247.69,1.538,50.063,BR49,19,0,0
2020-06-01 20:00:00,0.448,246.377,2.0325,50.0245,BR49,20,0,0
2020-06-01 21:00:00,0.748,244.8795,4.0535000000000005,50.0015,BR49,21,0,0
2020-06-01 22:00:00,0.576,243.973,2.4645,49.9445,BR49,22,0,0
2020-06-01 23:00:00,0.486,244.896,2.163,49.9735,BR49,23,0,0
2020-06-02 00:00:00,0.394,247.8865,1.762,49.964,BR49,0,1,0
2020-06-02 01:00:00,0.324,252.0515,1.4445,50.0125,BR49,1,1,0
2020-06-02 02:00:00,0.314,254.1955,1.406,50.005,BR49,2,1,0
2020-06-02 03:00:00,0.321,255.619,1.425,50.0405,BR49,3,1,0
2020-06-02 04:00:00,0.305,256.4775,1.3565,50.0275,BR49,4,1,0
2020-06-02 05:00:00,0.301,257.4095,1.346,50.0235,BR49,5,1,0
2020-06-02 06:00:00,0.327,260.6475,1.395,50.0915,BR49,6,1,0
2020-06-02 07:00:00,0.342,258.409,1.407,50.0165,BR49,7,1,0
2020-06-02 08:00:00,0.353,256.8145,1.4355,50.0745,BR49,8,1,0
2020-06-02 09:00:00,0.421,253.6965,1.7485,50.054,BR49,9,1,0
2020-06-02 10:00:00,0.297,251.1065,1.3245,50.044,BR49,10,1,0
2020-06-02 11:00:00,0.31,250.8485,1.3495,49.992,BR49,11,1,0
2020-06-02 12:00:00,0.511,248.734,2.2555,49.97,BR49,12,1,0
2020-06-02 13:00:00,0.422,250.0695,1.7485,50.037,BR49,13,1,0
2020-06-02 14:00:00,0.272,210.7455,1.286,42.4625,BR49,14,1,0
2020-06-02 15:00:00,1.733,245.1245,7.3375,49.9435,BR49,15,1,0
2020-06-02 16:00:00,1.639,247.8515,6.7985,50.0025,BR49,16,1,0
2020-06-02 17:00:00,1.133,251.3125,4.6615,50.0235,BR49,17,1,0
2020-06-02 18:00:00,0.352,254.80900000000003,1.4835,49.9515,BR49,18,1,0
2020-06-02 19:00:00,0.6890000000000001,244.8735,2.895,50.0,BR49,19,1,0
2020-06-02 20:00:00,1.64,236.91350000000003,7.016,49.9675,BR49,20,1,0
2020-06-02 21:00:00,0.909,240.3405,3.8885,49.957,BR49,21,1,0
2020-06-02 22:00:00,0.686,238.05,3.1525,49.9185,BR49,22,1,0
2020-06-02 23:00:00,0.357,241.9405,1.6275,49.95399999999999,BR49,23,1,0
2020-06-03 00:00:00,0.368,243.956,1.6605,49.955,BR49,0,2,0
2020-06-03 01:00:00,0.3389999999999999,246.5875,1.539,50.0095,BR49,1,2,0
2020-06-03 02:00:00,0.318,250.854,1.374,49.9895,BR49,2,2,0
2020-06-03 03:00:00,0.366,252.041,1.549,49.9665,BR49,3,2,0
2020-06-03 04:00:00,0.352,253.407,1.5145,49.996500000000005,BR49,4,2,0
2020-06-03 05:00:00,0.79,252.85,3.2985,50.0205,BR49,5,2,0
2020-06-03 06:00:00,1.491,254.038,6.157500000000001,49.9995,BR49,6,2,0
2020-06-03 07:00:00,1.427,254.698,5.889,50.0265,BR49,7,2,0
2020-06-03 08:00:00,1.517,250.562,6.269,50.0175,BR49,8,2,0
2020-06-03 09:00:00,1.164,248.47,4.8235,49.9985,BR49,9,2,0
2020-06-03 10:00:00,0.438,251.78000000000003,1.8095,50.018,BR49,10,2,0
2020-06-03 11:00:00,0.314,254.075,1.3675000000000002,49.9815,BR49,11,2,0
2020-06-03 12:00:00,0.575,211.544,2.7905,42.5285,BR49,12,2,0
2020-06-03 13:00:00,0.368,248.718,1.584,50.0315,BR49,13,2,0
2020-06-03 14:00:00,0.177,98.096,0.983,20.041,BR49,14,2,0
2020-06-03 15:00:00,0.915,243.6075,4.127000000000001,50.0925,BR49,15,2,0
2020-06-03 16:00:00,0.61,245.5035,2.7845,49.935500000000005,BR49,16,2,0
2020-06-03 17:00:00,1.611,240.695,6.855499999999999,49.964,BR49,17,2,0
2020-06-03 18:00:00,0.537,249.1065,2.282,50.056,BR49,18,2,0
2020-06-03 19:00:00,0.51,243.7,2.1905,49.9775,BR49,19,2,0
2020-06-03 20:00:00,0.429,218.651,1.9215,44.9605,BR49,20,2,0
2020-06-03 21:00:00,0.71,150.13799999999998,3.4255000000000004,32.4815,BR49,21,2,0
2020-06-03 22:00:00,0.755,209.437,3.749,44.9735,BR49,22,2,0
2020-06-03 23:00:00,0.283,115.424,1.548,24.9795,BR49,23,2,0
2020-06-04 00:00:00,0.535,237.3645,2.8305,49.9915,BR49,0,3,0
2020-06-04 01:00:00,1.248,243.3515,5.5375,50.0325,BR49,1,3,0
2020-06-04 02:00:00,1.362,242.987,5.7905,49.984,BR49,2,3,0
2020-06-04 03:00:00,1.428,243.007,6.047,49.993,BR49,3,3,0
2020-06-04 04:00:00,1.372,245.6805,5.798,49.9775,BR49,4,3,0
2020-06-04 05:00:00,1.38,249.5775,5.8,49.9445,BR49,5,3,0
2020-06-04 06:00:00,1.484,253.2355,6.174,49.9785,BR49,6,3,0
2020-06-04 07:00:00,1.477,253.0065,6.136,49.9995,BR49,7,3,0
2020-06-04 08:00:00,1.512,248.683,6.2865,49.9665,BR49,8,3,0
2020-06-04 09:00:00,0.844,233.9895,3.591,47.474,BR49,9,3,0
2020-06-04 10:00:00,0.4049999999999999,249.4765,1.8965,50.045,BR49,10,3,0
2020-06-04 11:00:00,0.645,253.174,3.0325,50.0385,BR49,11,3,0
2020-06-04 12:00:00,0.3349999999999999,251.1235,1.457,50.007,BR49,12,3,0
2020-06-04 13:00:00,0.348,251.6135,1.662,50.0525,BR49,13,3,0
2020-06-04 14:00:00,0.288,171.748,1.4375,34.9915,BR49,14,3,0
2020-06-04 15:00:00,0.449,248.782,1.973,49.982,BR49,15,3,0
2020-06-04 16:00:00,1.096,248.6235,4.624499999999999,49.9655,BR49,16,3,0
2020-06-04 17:00:00,0.43,254.32,1.807,50.0225,BR49,17,3,0
2020-06-04 18:00:00,0.4049999999999999,251.845,1.7075,49.992,BR49,18,3,0
2020-06-04 19:00:00,0.424,248.5455,1.843,50.047,BR49,19,3,0
2020-06-04 20:00:00,0.461,247.0355,1.974,50.007,BR49,20,3,0
2020-06-04 21:00:00,0.997,243.1265,4.237,49.9775,BR49,21,3,0
2020-06-04 22:00:00,1.198,242.414,5.081,50.003,BR49,22,3,0
2020-06-04 23:00:00,1.621,243.864,7.0525,50.0065,BR49,23,3,0
2020-06-05 00:00:00,0.677,249.6275,2.903,50.057,BR49,0,4,0
2020-06-05 01:00:00,1.393,249.83,5.824,50.0425,BR49,1,4,0
2020-06-05 02:00:00,1.383,250.6415,5.789,50.0305,BR49,2,4,0
2020-06-05 03:00:00,1.407,253.3445,5.8455,50.047,BR49,3,4,0
2020-06-05 04:00:00,1.378,253.902,5.765,50.059000000000005,BR49,4,4,0
2020-06-05 05:00:00,1.388,254.1375,5.7905,50.025,BR49,5,4,0
2020-06-05 06:00:00,0.63,255.706,2.6345,50.0235,BR49,6,4,0
2020-06-05 07:00:00,0.301,256.4285,1.2725,50.031,BR49,7,4,0
2020-06-05 08:00:00,0.245,254.344,1.0465,50.003,BR49,8,4,0
2020-06-05 09:00:00,0.235,252.94,1.0015,49.985,BR49,9,4,0
2020-06-05 10:00:00,0.241,229.575,1.0545,45.0455,BR49,10,4,0
2020-06-05 11:00:00,0.51,231.0775,2.6125,45.0295,BR49,11,4,0
2020-06-05 12:00:00,0.219,217.134,1.2255,42.54,BR49,12,4,0
2020-06-05 13:00:00,0.089,154.5435,0.45,30.063,BR49,13,4,0
2020-06-05 14:00:00,0.242,185.0845,1.3285,37.437,BR49,14,4,0
2020-06-05 15:00:00,1.462,248.6845,6.101,49.992,BR49,15,4,0
2020-06-05 16:00:00,1.285,239.1175,5.678,47.5085,BR49,16,4,0
2020-06-05 17:00:00,0.585,255.5085,2.4405,50.05,BR49,17,4,0
2020-06-05 18:00:00,0.342,256.0885,1.4375,50.038,BR49,18,4,0
2020-06-05 19:00:00,0.375,225.4245,1.7825,44.993,BR49,19,4,0
2020-06-05 20:00:00,0.516,246.35,2.527,49.9965,BR49,20,4,0
2020-06-05 21:00:00,0.603,246.46750000000003,2.838,49.9775,BR49,21,4,0
2020-06-05 22:00:00,0.447,246.426,1.9275,50.0545,BR49,22,4,0
2020-06-05 23:00:00,0.374,247.516,1.6305,50.038,BR49,23,4,0
2020-06-06 00:00:00,0.3989999999999999,249.327,1.6815000000000002,50.0325,BR49,0,5,1
2020-06-06 01:00:00,0.396,252.37600000000003,1.6809999999999998,50.066,BR49,1,5,1
2020-06-06 02:00:00,0.36,253.776,1.5325,50.03,BR49,2,5,1
2020-06-06 03:00:00,0.312,255.4935,1.3805,50.02,BR49,3,5,1
2020-06-06 04:00:00,0.314,257.34000000000003,1.3805,49.9965,BR49,4,5,1
2020-06-06 05:00:00,0.356,259.0575,1.551,49.9795,BR49,5,5,1
2020-06-06 06:00:00,1.356,258.3245,5.6605,49.9895,BR49,6,5,1
2020-06-06 07:00:00,0.367,231.812,1.7745000000000002,45.002,BR49,7,5,1
2020-06-06 08:00:00,0.295,254.486,1.2494999999999998,50.062,BR49,8,5,1
2020-06-06 09:00:00,0.258,212.735,1.2375,42.589,BR49,9,5,1
2020-06-06 10:00:00,0.283,255.474,1.3445,50.0985,BR49,10,5,1
2020-06-06 11:00:00,0.358,242.5305,1.773,47.4375,BR49,11,5,1
2020-06-06 12:00:00,0.351,146.0865,2.044,29.972,BR49,12,5,1
2020-06-06 13:00:00,0.419,172.6965,2.3065,34.978500000000004,BR49,13,5,1
2020-06-06 14:00:00,0.43,247.12,1.981,49.935,BR49,14,5,1
2020-06-06 15:00:00,0.483,250.808,2.0175,49.992,BR49,15,5,1
2020-06-06 16:00:00,0.396,249.63,1.6845,49.9925,BR49,16,5,1
2020-06-06 17:00:00,0.328,227.3995,1.541,45.016,BR49,17,5,1
2020-06-06 18:00:00,0.357,252.927,1.5625,50.0265,BR49,18,5,1
2020-06-06 19:00:00,1.106,228.6885,5.059,47.5175,BR49,19,5,1
2020-06-06 20:00:00,0.904,239.6255,4.1915,50.0105,BR49,20,5,1
2020-06-06 21:00:00,0.455,239.877,2.0045,49.999,BR49,21,5,1
2020-06-06 22:00:00,0.545,237.5785,2.4135,49.981,BR49,22,5,1
2020-06-06 23:00:00,0.549,239.6125,2.415,49.9895,BR49,23,5,1
2020-06-07 00:00:00,0.47,242.748,2.0185,50.014,BR49,0,6,1
2020-06-07 01:00:00,0.653,247.024,2.775,50.0155,BR49,1,6,1
2020-06-07 02:00:00,1.404,245.513,5.901,50.024,BR49,2,6,1
2020-06-07 03:00:00,1.4349999999999998,247.154,6.0055,50.033,BR49,3,6,1
2020-06-07 04:00:00,1.391,250.081,5.8075,50.0175,BR49,4,6,1
2020-06-07 05:00:00,0.8220000000000001,253.2185,3.425,50.0515,BR49,5,6,1
2020-06-07 06:00:00,1.506,254.3645,6.2195,50.083,BR49,6,6,1
2020-06-07 07:00:00,1.498,255.3955,6.189,50.067,BR49,7,6,1
2020-06-07 08:00:00,1.52,253.7055,6.298,50.084,BR49,8,6,1
2020-06-07 09:00:00,1.469,251.183,6.1155,50.0795,BR49,9,6,1
2020-06-07 10:00:00,0.614,254.737,2.554,50.119,BR49,10,6,1
2020-06-07 11:00:00,0.346,254.7935,1.425,50.0295,BR49,11,6,1
2020-06-07 12:00:00,0.649,249.315,2.8440000000000003,50.064,BR49,12,6,1
2020-06-07 13:00:00,0.393,251.224,1.7239999999999998,50.0705,BR49,13,6,1
2020-06-07 14:00:00,0.502,251.896,2.1015,50.0395,BR49,14,6,1
2020-06-07 15:00:00,0.598,256.732,2.41,50.025,BR49,15,6,1
2020-06-07 16:00:00,0.461,226.7015,2.558,45.002,BR49,16,6,1
2020-06-07 17:00:00,0.368,238.3225,1.7815,47.467,BR49,17,6,1
2020-06-07 18:00:00,0.459,249.549,1.954,49.985,BR49,18,6,1
2020-06-07 19:00:00,0.943,242.6195,4.002000000000001,49.9975,BR49,19,6,1
2020-06-07 20:00:00,1.575,236.7745,6.8545,49.992,BR49,20,6,1
2020-06-07 21:00:00,0.533,130.702,3.184,27.4775,BR49,21,6,1
2020-06-07 22:00:00,0.585,235.7615,2.933,49.9875,BR49,22,6,1
2020-06-07 23:00:00,1.197,236.379,5.3365,50.0145,BR49,23,6,1
2020-06-08 00:00:00,0.4559999999999999,243.685,1.928,50.043,BR49,0,0,0
2020-06-08 01:00:00,1.203,245.2795,5.042,50.0165,BR49,1,0,0
2020-06-08 02:00:00,1.465,246.069,6.1735,49.983,BR49,2,0,0
2020-06-08 03:00:00,1.418,246.4125,5.9735,49.9275,BR49,3,0,0
2020-06-08 04:00:00,1.44,249.793,6.0195,49.931,BR49,4,0,0
2020-06-08 05:00:00,1.444,251.6745,6.0175,49.9905,BR49,5,0,0
2020-06-08 06:00:00,1.462,253.483,6.0705,49.9825,BR49,6,0,0
2020-06-08 07:00:00,1.026,252.123,4.261,50.009,BR49,7,0,0
2020-06-08 08:00:00,0.413,250.371,1.735,49.9865,BR49,8,0,0
2020-06-08 09:00:00,0.61,247.4385,2.644,49.9515,BR49,9,0,0
2020-06-08 10:00:00,0.349,248.135,1.6585,50.018,BR49,10,0,0
2020-06-08 11:00:00,0.678,195.8595,3.802,40.0085,BR49,11,0,0
2020-06-08 12:00:00,0.415,244.0315,1.9515,49.956,BR49,12,0,0
2020-06-08 13:00:00,0.97,243.977,4.1635,49.943,BR49,13,0,0
2020-06-08 14:00:00,0.398,244.4835,1.761,49.9295,BR49,14,0,0
2020-06-08 15:00:00,0.377,246.846,1.6605,49.993,BR49,15,0,0
2020-06-08 16:00:00,0.658,242.417,2.9210000000000003,49.975,BR49,16,0,0
2020-06-08 17:00:00,0.71,244.086,3.338,50.037,BR49,17,0,0
2020-06-08 18:00:00,0.421,246.8,1.9235,49.9975,BR49,18,0,0
2020-06-08 19:00:00,0.32,242.13,1.4335,49.9075,BR49,19,0,0
2020-06-08 20:00:00,0.912,237.9375,3.954,49.986,BR49,20,0,0
2020-06-08 21:00:00,0.471,237.424,2.121,49.927,BR49,21,0,0
2020-06-08 22:00:00,0.481,233.6945,2.1915,49.914,BR49,22,0,0
2020-06-08 23:00:00,1.378,234.05900000000003,6.073,49.983,BR49,23,0,0
2020-06-09 00:00:00,1.683,236.842,7.203,50.0095,BR49,0,1,0
2020-06-09 01:00:00,2.194,238.9325,9.217,49.9945,BR49,1,1,0
2020-06-09 02:00:00,2.085,241.3585,8.671,50.017,BR49,2,1,0
2020-06-09 03:00:00,1.534,243.6535,6.4395,50.001,BR49,3,1,0
2020-06-09 04:00:00,1.534,246.316,6.3765,50.032,BR49,4,1,0
2020-06-09 05:00:00,1.272,209.883,5.55,42.504000000000005,BR49,5,1,0
2020-06-09 06:00:00,0.367,252.79700000000005,1.634,49.9935,BR49,6,1,0
2020-06-09 07:00:00,1.059,249.604,4.4115,50.027,BR49,7,1,0
2020-06-09 08:00:00,1.636,245.108,6.838500000000001,50.0395,BR49,8,1,0
2020-06-09 09:00:00,1.134,242.1875,4.8015,49.975,BR49,9,1,0
2020-06-09 10:00:00,0.534,248.0815,2.2275,49.981,BR49,10,1,0
2020-06-09 11:00:00,0.512,246.01,2.3305,49.884,BR49,11,1,0
2020-06-09 12:00:00,1.037,239.315,5.108,49.918,BR49,12,1,0
2020-06-09 13:00:00,1.454,233.11550000000005,6.632,49.928,BR49,13,1,0
2020-06-09 14:00:00,0.537,209.495,2.5625,44.931,BR49,14,1,0
2020-06-09 15:00:00,0.49,238.1325,2.1995,50.003,BR49,15,1,0
2020-06-09 16:00:00,0.408,241.00100000000003,1.7945,50.024,BR49,16,1,0
2020-06-09 17:00:00,0.3979999999999999,249.05900000000003,1.6954999999999998,50.002,BR49,17,1,0
2020-06-09 18:00:00,0.331,242.2455,1.4895,49.992,BR49,18,1,0
2020-06-09 19:00:00,0.469,236.73650000000004,2.184,49.9925,BR49,19,1,0
2020-06-09 20:00:00,0.603,234.214,3.0010000000000003,49.8665,BR49,20,1,0
2020-06-09 21:00:00,0.607,235.586,2.7025,49.918,BR49,21,1,0
2020-06-09 22:00:00,1.028,228.79700000000005,4.641,49.883,BR49,22,1,0
2020-06-09 23:00:00,2.319,228.523,10.1415,49.979,BR49,23,1,0
2020-06-10 00:00:00,2.589,229.145,11.216,49.997,BR49,0,2,0
2020-06-10 01:00:00,2.544,233.0565,10.865,49.9995,BR49,1,2,0
2020-06-10 02:00:00,2.532,234.723,10.7245,49.9565,BR49,2,2,0
2020-06-10 03:00:00,2.064,237.4145,8.7075,49.9685,BR49,3,2,0
2020-06-10 04:00:00,1.274,242.2005,5.3885,49.96,BR49,4,2,0
2020-06-10 05:00:00,1.268,248.6335,5.2755,49.9565,BR49,5,2,0
2020-06-10 06:00:00,0.357,255.706,1.452,49.9785,BR49,6,2,0
2020-06-10 07:00:00,1.079,252.86550000000005,4.8740000000000006,49.998000000000005,BR49,7,2,0
2020-06-10 08:00:00,0.859,247.646,3.6105,49.949,BR49,8,2,0
2020-06-10 09:00:00,0.35,246.211,1.511,49.987,BR49,9,2,0
2020-06-10 10:00:00,0.588,233.984,2.6645,50.003,BR49,10,2,0
2020-06-10 11:00:00,0.511,229.052,2.3435,47.528,BR49,11,2,0
2020-06-10 12:00:00,0.831,213.585,4.0405,45.0005,BR49,12,2,0
2020-06-10 13:00:00,0.705,235.696,3.243,49.9845,BR49,13,2,0
2020-06-10 14:00:00,0.392,232.083,1.7745000000000002,50.029,BR49,14,2,0
2020-06-10 15:00:00,1.263,228.8045,5.5675,50.0645,BR49,15,2,0
2020-06-10 16:00:00,0.451,237.7145,1.9695,50.055,BR49,16,2,0
2020-06-10 17:00:00,0.529,243.4265,2.274,50.0655,BR49,17,2,0
2020-06-10 18:00:00,0.741,244.091,3.2015,50.0585,BR49,18,2,0
2020-06-10 19:00:00,1.231,227.25100000000003,5.465,47.5555,BR49,19,2,0
2020-06-10 20:00:00,1.241,231.707,5.5265,49.969,BR49,20,2,0
2020-06-10 21:00:00,1.137,229.6735,5.063,49.998000000000005,BR49,21,2,0
2020-06-10 22:00:00,2.579,224.171,11.577,49.985,BR49,22,2,0
2020-06-10 23:00:00,2.426,225.99050000000005,10.922,49.9435,BR49,23,2,0
2020-06-11 00:00:00,2.458,230.371,10.744,50.033,BR49,0,3,0
2020-06-11 01:00:00,2.418,233.3825,10.4495,50.014,BR49,1,3,0
2020-06-11 02:00:00,2.393,233.988,10.3095,50.034000000000006,BR49,2,3,0
2020-06-11 03:00:00,2.31,234.3035,9.9415,50.0415,BR49,3,3,0
2020-06-11 04:00:00,2.307,236.2165,9.8545,50.0025,BR49,4,3,0
2020-06-11 05:00:00,1.733,244.5165,7.252,50.035,BR49,5,3,0
2020-06-11 06:00:00,1.255,223.5705,5.4725,45.0385,BR49,6,3,0
2020-06-11 07:00:00,1.669,252.214,6.9175,50.0095,BR49,7,3,0
2020-06-11 08:00:00,1.589,251.2705,6.56,49.9915,BR49,8,3,0
2020-06-11 09:00:00,0.366,250.4775,1.624,50.003,BR49,9,3,0
2020-06-11 10:00:00,0.548,246.457,2.4530000000000003,50.0465,BR49,10,3,0
2020-06-11 11:00:00,0.525,244.7745,2.249,50.0465,BR49,11,3,0
2020-06-11 12:00:00,1.552,239.6975,6.6145,49.9975,BR49,12,3,0
2020-06-11 13:00:00,0.971,239.621,4.162,49.965,BR49,13,3,0
2020-06-11 14:00:00,0.356,153.25150000000002,1.805,32.508,BR49,14,3,0
2020-06-11 15:00:00,0.671,212.131,3.535,44.9995,BR49,15,3,0
2020-06-11 16:00:00,0.585,241.035,2.9535,50.001,BR49,16,3,0
2020-06-11 17:00:00,0.713,245.9325,3.0715,50.042,BR49,17,3,0
2020-06-11 18:00:00,1.379,245.8295,5.7170000000000005,50.0175,BR49,18,3,0
2020-06-11 19:00:00,0.725,240.123,3.093,49.985,BR49,19,3,0
2020-06-11 20:00:00,1.699,232.338,7.484999999999999,50.034,BR49,20,3,0
2020-06-11 21:00:00,2.318,229.1065,9.97,49.988,BR49,21,3,0
2020-06-11 22:00:00,1.847,225.483,8.796,50.028000000000006,BR49,22,3,0
2020-06-11 23:00:00,2.426,226.388,10.6475,50.0415,BR49,23,3,0
2020-06-12 00:00:00,2.483,229.2055,10.7275,50.0185,BR49,0,4,0
2020-06-12 01:00:00,2.5860000000000003,232.897,10.979,50.022000000000006,BR49,1,4,0
2020-06-12 02:00:00,2.6340000000000003,235.7325,10.9805,50.028,BR49,2,4,0
2020-06-12 03:00:00,2.672,240.027,10.957,50.009,BR49,3,4,0
2020-06-12 04:00:00,2.676,241.673,10.86,50.0005,BR49,4,4,0
2020-06-12 05:00:00,2.648,245.587,10.6195,50.013,BR49,5,4,0
2020-06-12 06:00:00,1.624,246.3305,6.916,49.9615,BR49,6,4,0
2020-06-12 07:00:00,1.048,250.26550000000003,4.287,49.9965,BR49,7,4,0
2020-06-12 08:00:00,0.631,249.347,2.5695,49.987,BR49,8,4,0
2020-06-12 09:00:00,0.799,245.8665,3.344,50.002,BR49,9,4,0
2020-06-12 10:00:00,0.484,247.3795,2.0335,50.025,BR49,10,4,0
2020-06-12 11:00:00,0.775,244.3515,3.5364999999999998,49.9545,BR49,11,4,0
2020-06-12 12:00:00,0.451,239.807,2.01,49.9825,BR49,12,4,0
2020-06-12 13:00:00,0.466,162.529,2.2675,35.010000000000005,BR49,13,4,0
2020-06-12 14:00:00,0.38,198.4385,2.0625,42.491,BR49,14,4,0
2020-06-12 15:00:00,0.42,236.968,2.0105,50.0405,BR49,15,4,0
2020-06-12 16:00:00,0.176,241.171,0.9615,49.992,BR49,16,4,0
2020-06-12 17:00:00,0.198,246.9505,0.9685,50.0405,BR49,17,4,0
2020-06-12 18:00:00,0.243,243.4385,1.2005,50.027,BR49,18,4,0
2020-06-12 19:00:00,0.329,181.3765,1.494,37.458,BR49,19,4,0
2020-06-12 20:00:00,0.342,116.7995,2.04,25.0125,BR49,20,4,0
2020-06-12 21:00:00,1.734,215.981,8.7795,47.522000000000006,BR49,21,4,0
2020-06-12 22:00:00,1.695,224.74,7.773999999999999,50.0425,BR49,22,4,0
2020-06-12 23:00:00,1.818,229.1335,8.0975,50.033,BR49,23,4,0
2020-06-13 00:00:00,2.601,228.2115,11.4875,50.0225,BR49,0,5,1
2020-06-13 01:00:00,2.587,231.9805,11.2205,50.005,BR49,1,5,1
2020-06-13 02:00:00,2.564,236.236,10.9385,50.002,BR49,2,5,1
2020-06-13 03:00:00,2.475,236.519,10.552,50.0225,BR49,3,5,1
2020-06-13 04:00:00,2.475,239.68850000000003,10.43,49.998000000000005,BR49,4,5,1
2020-06-13 05:00:00,1.504,244.3495,6.3245000000000005,49.961,BR49,5,5,1
2020-06-13 06:00:00,1.468,250.5005,6.107,49.986,BR49,6,5,1
2020-06-13 07:00:00,1.538,252.433,6.3715,50.083,BR49,7,5,1
2020-06-13 08:00:00,1.431,253.9235,5.918,50.043,BR49,8,5,1
2020-06-13 09:00:00,0.321,254.343,1.353,50.027,BR49,9,5,1
2020-06-13 10:00:00,0.362,251.829,1.5635,50.007,BR49,10,5,1
2020-06-13 11:00:00,0.362,245.8395,1.6145,49.9935,BR49,11,5,1
2020-06-13 12:00:00,0.967,240.0865,4.343,49.995,BR49,12,5,1
2020-06-13 13:00:00,1.363,238.2735,5.8340000000000005,50.1105,BR49,13,5,1
2020-06-13 14:00:00,0.527,240.236,2.3265,50.026,BR49,14,5,1
2020-06-13 15:00:00,1.197,239.975,5.1005,50.0235,BR49,15,5,1
2020-06-13 16:00:00,2.792,239.0475,11.5675,50.04,BR49,16,5,1
2020-06-13 17:00:00,0.988,246.147,4.157500000000001,50.0345,BR49,17,5,1
2020-06-13 18:00:00,0.336,249.545,1.466,50.0345,BR49,18,5,1
2020-06-13 19:00:00,0.414,242.779,1.8265,50.0125,BR49,19,5,1
2020-06-13 20:00:00,0.501,236.818,2.5045,50.0085,BR49,20,5,1
2020-06-13 21:00:00,1.498,232.5555,6.6225,50.012,BR49,21,5,1
2020-06-13 22:00:00,1.375,230.47,6.063000000000001,49.9835,BR49,22,5,1
2020-06-13 23:00:00,2.311,231.5225,10.0645,50.043,BR49,23,5,1
2020-06-14 00:00:00,2.424,234.83,10.397,50.037,BR49,0,6,1
2020-06-14 01:00:00,2.442,235.6805,10.4405,50.059000000000005,BR49,1,6,1
2020-06-14 02:00:00,2.402,237.199,10.2085,50.0425,BR49,2,6,1
2020-06-14 03:00:00,2.381,239.73200000000003,10.029,50.042,BR49,3,6,1
2020-06-14 04:00:00,1.999,241.8475,8.402,50.010000000000005,BR49,4,6,1
2020-06-14 05:00:00,1.374,247.7195,5.7665,49.988,BR49,5,6,1
2020-06-14 06:00:00,1.262,250.80900000000003,5.241,50.0405,BR49,6,6,1
2020-06-14 07:00:00,0.654,244.671,2.745,47.5825,BR49,7,6,1
2020-06-14 08:00:00,0.0,0.0,0.0,0.0,BR49,8,6,1
2020-06-14 09:00:00,0.126,74.663,0.7825,15.028,BR49,9,6,1
2020-06-14 10:00:00,0.191,122.5065,1.2040000000000002,25.0225,BR49,10,6,1
2020-06-14 11:00:00,0.638,246.12600000000003,3.1205,50.0365,BR49,11,6,1
2020-06-14 12:00:00,0.37,209.215,2.0735,42.5245,BR49,12,6,1
2020-06-14 13:00:00,0.321,183.165,1.6265,37.5075,BR49,13,6,1
2020-06-14 14:00:00,0.497,243.0765,2.5175,50.0545,BR49,14,6,1
2020-06-14 15:00:00,0.432,237.5375,2.363,50.0365,BR49,15,6,1
2020-06-14 16:00:00,0.541,237.171,2.715,50.0455,BR49,16,6,1
2020-06-14 17:00:00,1.316,240.8535,5.644,50.032,BR49,17,6,1
2020-06-14 18:00:00,1.091,244.9705,4.5715,50.038,BR49,18,6,1
2020-06-14 19:00:00,0.863,236.875,3.8095,50.036,BR49,19,6,1
2020-06-14 20:00:00,0.6970000000000001,234.37,3.1125,49.995,BR49,20,6,1
2020-06-14 21:00:00,0.611,231.4535,2.7615,49.9725,BR49,21,6,1
2020-06-14 22:00:00,1.354,179.9575,6.333,40.013,BR49,22,6,1
2020-06-14 23:00:00,1.007,191.5245,5.1515,42.5065,BR49,23,6,1
2020-06-15 00:00:00,1.943,227.9275,8.7755,50.034,BR49,0,0,0
2020-06-15 01:00:00,2.501,232.10100000000003,10.8745,50.028000000000006,BR49,1,0,0
2020-06-15 02:00:00,2.376,232.46,10.276,50.03,BR49,2,0,0
2020-06-15 03:00:00,2.417,235.189,10.3545,50.06,BR49,3,0,0
2020-06-15 04:00:00,2.288,237.2585,9.7085,50.023,BR49,4,0,0
2020-06-15 05:00:00,1.851,242.1715,7.736499999999999,50.012,BR49,5,0,0
2020-06-15 06:00:00,1.161,247.021,4.856,49.991,BR49,6,0,0
2020-06-15 07:00:00,1.23,249.959,5.1275,49.991,BR49,7,0,0
2020-06-15 08:00:00,1.276,250.5205,5.318,49.97,BR49,8,0,0
2020-06-15 09:00:00,1.011,242.717,4.2365,50.010000000000005,BR49,9,0,0
2020-06-15 10:00:00,0.419,240.757,1.8185,50.027,BR49,10,0,0
2020-06-15 11:00:00,0.361,239.35,1.7614999999999998,49.9895,BR49,11,0,0
2020-06-15 12:00:00,0.358,242.90950000000004,1.5545,49.966,BR49,12,0,0
2020-06-15 13:00:00,0.509,217.327,2.5765,45.035,BR49,13,0,0
2020-06-15 14:00:00,0.528,239.272,2.533,50.006,BR49,14,0,0
2020-06-15 15:00:00,1.067,237.201,4.607,49.9625,BR49,15,0,0
2020-06-15 16:00:00,1.56,234.0685,6.743,50.0185,BR49,16,0,0
2020-06-15 17:00:00,1.365,238.2345,5.839499999999999,50.048,BR49,17,0,0
2020-06-15 18:00:00,0.537,243.1755,2.4725,50.061,BR49,18,0,0
2020-06-15 19:00:00,0.497,240.3845,2.235,50.011,BR49,19,0,0
2020-06-15 20:00:00,0.464,235.289,2.0655,50.028,BR49,20,0,0
2020-06-15 21:00:00,1.498,232.794,6.505,49.9365,BR49,21,0,0
2020-06-15 22:00:00,1.809,230.2735,7.913500000000001,50.004000000000005,BR49,22,0,0
2020-06-15 23:00:00,2.332,231.193,10.193,50.007,BR49,23,0,0
2020-06-16 00:00:00,2.582,232.9525,11.1005,50.013,BR49,0,1,0
2020-06-16 01:00:00,2.523,234.125,10.694,50.014,BR49,1,1,0
2020-06-16 02:00:00,2.504,236.665,10.5005,50.029,BR49,2,1,0
2020-06-16 03:00:00,2.494,238.0735,10.329,50.0075,BR49,3,1,0
2020-06-16 04:00:00,2.471,240.664,10.0425,49.9845,BR49,4,1,0
2020-06-16 05:00:00,2.46,243.3195,9.844,49.992,BR49,5,1,0
2020-06-16 06:00:00,1.635,248.715,6.738,50.0045,BR49,6,1,0
2020-06-16 07:00:00,1.535,253.7375,6.348000000000001,50.05200000000001,BR49,7,1,0
2020-06-16 08:00:00,1.557,252.493,6.441,50.0355,BR49,8,1,0
2020-06-16 09:00:00,0.586,249.5325,2.43,50.009,BR49,9,1,0
2020-06-16 10:00:00,0.3419999999999999,244.011,1.504,50.003,BR49,10,1,0
2020-06-16 11:00:00,0.361,244.31,1.543,49.972,BR49,11,1,0
2020-06-16 12:00:00,0.403,241.961,1.7420000000000002,50.004000000000005,BR49,12,1,0
2020-06-16 13:00:00,0.812,239.98,3.7775,49.994,BR49,13,1,0
2020-06-16 14:00:00,0.481,236.192,2.14,49.9795,BR49,14,1,0
2020-06-16 15:00:00,2.657,230.4145,11.4095,49.9855,BR49,15,1,0
2020-06-16 16:00:00,2.145,233.0895,9.1825,49.987,BR49,16,1,0
2020-06-16 17:00:00,1.686,238.536,7.154000000000001,50.019,BR49,17,1,0
2020-06-16 18:00:00,1.667,204.758,7.452500000000001,42.5325,BR49,18,1,0
2020-06-16 19:00:00,0.435,241.125,1.942,50.002,BR49,19,1,0
2020-06-16 20:00:00,0.578,231.332,2.601,49.96,BR49,20,1,0
2020-06-16 21:00:00,1.503,230.041,6.6265,50.0245,BR49,21,1,0
2020-06-16 22:00:00,1.841,224.948,8.2685,49.9825,BR49,22,1,0
2020-06-16 23:00:00,1.148,230.1255,5.1725,50.028000000000006,BR49,23,1,0
2020-06-17 00:00:00,1.832,233.4825,7.970000000000001,49.9635,BR49,0,2,0
2020-06-17 01:00:00,2.021,236.1375,8.677,49.941,BR49,1,2,0
2020-06-17 02:00:00,1.993,239.5735,8.458,49.974,BR49,2,2,0
2020-06-17 03:00:00,1.96,240.81,8.2825,49.994,BR49,3,2,0
2020-06-17 04:00:00,1.953,243.3485,8.1805,50.0105,BR49,4,2,0
2020-06-17 05:00:00,1.944,246.86550000000005,8.139,50.0195,BR49,5,2,0
2020-06-17 06:00:00,1.399,252.8705,5.813000000000001,50.028,BR49,6,2,0
2020-06-17 07:00:00,0.358,257.17600000000004,1.4515,49.963,BR49,7,2,0
2020-06-17 08:00:00,0.374,254.339,1.523,49.9575,BR49,8,2,0
2020-06-17 09:00:00,0.393,249.6245,1.616,49.9935,BR49,9,2,0
2020-06-17 10:00:00,0.727,243.4775,3.6355,50.0135,BR49,10,2,0
2020-06-17 11:00:00,0.395,239.201,1.757,50.0115,BR49,11,2,0
2020-06-17 12:00:00,0.432,240.5995,1.9415,50.053,BR49,12,2,0
2020-06-17 13:00:00,0.441,238.6725,1.9335,50.0635,BR49,13,2,0
2020-06-17 14:00:00,1.512,230.446,6.646000000000001,49.9875,BR49,14,2,0
2020-06-17 15:00:00,0.532,233.91350000000003,2.38,49.9685,BR49,15,2,0
2020-06-17 16:00:00,0.661,237.133,2.8985,50.0175,BR49,16,2,0
2020-06-17 17:00:00,0.758,243.2265,3.2915,50.0305,BR49,17,2,0
2020-06-17 18:00:00,2.23,243.20300000000003,9.576,50.007,BR49,18,2,0
2020-06-17 19:00:00,1.039,242.5305,4.4605,50.0425,BR49,19,2,0
2020-06-17 20:00:00,1.14,236.04,4.981,50.021,BR49,20,2,0
2020-06-17 21:00:00,1.063,231.539,4.735,50.003,BR49,21,2,0
2020-06-17 22:00:00,1.203,229.345,5.3875,50.0105,BR49,22,2,0
2020-06-17 23:00:00,2.223,229.575,9.813,50.0195,BR49,23,2,0
2020-06-18 00:00:00,1.651,234.0565,7.1655,50.010000000000005,BR49,0,3,0
2020-06-18 01:00:00,2.424,234.6745,10.465,50.0125,BR49,1,3,0
2020-06-18 02:00:00,2.407,236.4895,10.3065,50.0125,BR49,2,3,0
2020-06-18 03:00:00,2.488,239.595,10.522,50.0275,BR49,3,3,0
2020-06-18 04:00:00,2.187,240.93,9.2245,49.9895,BR49,4,3,0
2020-06-18 05:00:00,1.502,245.1235,6.3485,49.943,BR49,5,3,0
2020-06-18 06:00:00,1.129,252.199,4.7095,50.0255,BR49,6,3,0
2020-06-18 07:00:00,0.967,253.3615,4.038,50.006,BR49,7,3,0
2020-06-18 08:00:00,1.618,212.467,6.948,42.5235,BR49,8,3,0
2020-06-18 09:00:00,1.766,244.8845,7.528,50.0125,BR49,9,3,0
2020-06-18 10:00:00,1.764,240.4555,7.522499999999999,50.0425,BR49,10,3,0
2020-06-18 11:00:00,1.124,239.62,4.803,50.0375,BR49,11,3,0
2020-06-18 12:00:00,0.713,239.8995,3.033,50.0475,BR49,12,3,0
2020-06-18 13:00:00,0.826,241.8455,3.478,50.04,BR49,13,3,0
2020-06-18 14:00:00,1.213,237.327,5.1905,49.9955,BR49,14,3,0
2020-06-18 15:00:00,3.603,230.8175,15.691999999999998,50.0285,BR49,15,3,0
2020-06-18 16:00:00,3.096,231.7625,13.321000000000002,49.994,BR49,16,3,0
2020-06-18 17:00:00,1.262,237.8805,5.419,50.023,BR49,17,3,0
2020-06-18 18:00:00,0.515,243.4855,2.1835,50.009,BR49,18,3,0
2020-06-18 19:00:00,0.721,240.614,3.0805,50.0135,BR49,19,3,0
2020-06-18 20:00:00,1.079,234.98,4.8635,50.0275,BR49,20,3,0
2020-06-18 21:00:00,1.41,229.996,6.2085,50.015,BR49,21,3,0
2020-06-18 22:00:00,1.586,227.194,7.0795,50.0285,BR49,22,3,0
2020-06-18 23:00:00,2.413,226.876,10.74,49.9995,BR49,23,3,0
2020-06-19 00:00:00,2.87,229.489,12.549,50.0115,BR49,0,4,0
2020-06-19 01:00:00,2.893,231.8075,12.539,50.027,BR49,1,4,0
2020-06-19 02:00:00,2.82,234.2445,12.0865,50.004000000000005,BR49,2,4,0
2020-06-19 03:00:00,2.799,237.776,11.85,50.005,BR49,3,4,0
2020-06-19 04:00:00,2.474,240.3625,10.378,50.0045,BR49,4,4,0
2020-06-19 05:00:00,2.02,244.41350000000003,8.416,49.9885,BR49,5,4,0
2020-06-19 06:00:00,1.551,249.719,6.4255,49.973,BR49,6,4,0
2020-06-19 07:00:00,1.608,251.1815,6.6255,49.9695,BR49,7,4,0
2020-06-19 08:00:00,1.609,251.997,6.6245,50.0375,BR49,8,4,0
2020-06-19 09:00:00,1.277,249.7095,5.2700000000000005,50.0335,BR49,9,4,0
2020-06-19 10:00:00,0.866,243.69,3.8885,50.049,BR49,10,4,0
2020-06-19 11:00:00,0.508,241.7675,2.159,50.035,BR49,11,4,0
2020-06-19 12:00:00,0.424,240.332,1.858,50.026,BR49,12,4,0
2020-06-19 13:00:00,1.014,236.7035,4.753,50.03,BR49,13,4,0
2020-06-19 14:00:00,0.656,235.563,2.941,50.029,BR49,14,4,0
2020-06-19 15:00:00,1.153,235.0105,5.003,49.975,BR49,15,4,0
2020-06-19 16:00:00,1.899,197.474,8.868500000000001,42.505,BR49,16,4,0
2020-06-19 17:00:00,3.255,232.8685,14.3995,50.038,BR49,17,4,0
2020-06-19 18:00:00,0.613,244.8115,2.7935000000000003,50.078,BR49,18,4,0
2020-06-19 19:00:00,0.417,241.1855,1.809,50.0345,BR49,19,4,0
2020-06-19 20:00:00,0.555,235.217,2.4455,49.9865,BR49,20,4,0
2020-06-19 21:00:00,2.65,228.7455,11.654,49.9505,BR49,21,4,0
2020-06-19 22:00:00,2.774,228.58650000000003,12.4045,50.0055,BR49,22,4,0
2020-06-19 23:00:00,2.721,228.299,11.995,50.0165,BR49,23,4,0
2020-06-20 00:00:00,2.17,232.549,9.4495,49.9935,BR49,0,5,1
2020-06-20 01:00:00,2.22,236.196,9.5285,49.9805,BR49,1,5,1
2020-06-20 02:00:00,2.2960000000000003,238.4405,9.758,50.008,BR49,2,5,1
2020-06-20 03:00:00,2.15,241.9745,9.034,50.0205,BR49,3,5,1
2020-06-20 04:00:00,1.999,244.391,8.434999999999999,50.041,BR49,4,5,1
2020-06-20 05:00:00,1.585,248.016,6.6215,50.0425,BR49,5,5,1
2020-06-20 06:00:00,1.368,250.04450000000003,5.663,49.998000000000005,BR49,6,5,1
2020-06-20 07:00:00,1.542,250.939,6.3255,50.031,BR49,7,5,1
2020-06-20 08:00:00,1.425,251.744,5.8515,50.1175,BR49,8,5,1
2020-06-20 09:00:00,2.01,245.144,8.935500000000001,50.084,BR49,9,5,1
2020-06-20 10:00:00,1.278,244.249,6.021,50.096500000000006,BR49,10,5,1
2020-06-20 11:00:00,1.236,245.719,5.1655,50.0315,BR49,11,5,1
2020-06-20 12:00:00,0.534,247.457,2.3365,50.04,BR49,12,5,1
2020-06-20 13:00:00,0.527,245.28850000000003,2.3475,49.995,BR49,13,5,1
2020-06-20 14:00:00,0.393,232.498,1.8795,47.467,BR49,14,5,1
2020-06-20 15:00:00,0.567,242.37150000000003,2.5420000000000003,50.010000000000005,BR49,15,5,1
2020-06-20 16:00:00,0.804,241.7425,3.4555,50.031,BR49,16,5,1
2020-06-20 17:00:00,0.5529999999999999,241.61,2.4015,50.053,BR49,17,5,1
2020-06-20 18:00:00,1.072,242.045,4.5245,50.019,BR49,18,5,1
2020-06-20 19:00:00,1.998,239.3925,8.381499999999999,49.945,BR49,19,5,1
2020-06-20 20:00:00,0.682,237.823,3.0035,49.9945,BR49,20,5,1
2020-06-20 21:00:00,1.388,233.362,6.055,49.9725,BR49,21,5,1
2020-06-20 22:00:00,1.581,230.5095,7.1105,49.9565,BR49,22,5,1
2020-06-20 23:00:00,1.551,233.519,6.7005,49.989,BR49,23,5,1
2020-06-21 00:00:00,2.087,236.6465,8.938500000000001,49.991,BR49,0,6,1
2020-06-21 01:00:00,2.1,240.4155,8.881,50.025,BR49,1,6,1
2020-06-21 02:00:00,2.022,243.148,8.507,50.077,BR49,2,6,1
2020-06-21 03:00:00,1.968,245.918,8.169,50.0765,BR49,3,6,1
2020-06-21 04:00:00,1.943,247.822,8.022499999999999,50.0465,BR49,4,6,1
2020-06-21 05:00:00,1.246,176.182,5.228,35.0195,BR49,5,6,1
2020-06-21 06:00:00,0.0,0.0,0.0,0.0,BR49,6,6,1
2020-06-21 07:00:00,0.0,0.0,0.0,0.0,BR49,7,6,1
2020-06-21 08:00:00,0.541,200.346,2.7855,40.072,BR49,8,6,1
2020-06-21 09:00:00,0.562,249.5265,2.7795,50.1525,BR49,9,6,1
2020-06-21 10:00:00,0.442,225.528,2.3775,45.185500000000005,BR49,10,6,1
2020-06-21 11:00:00,0.593,251.349,2.86,50.1015,BR49,11,6,1
2020-06-21 12:00:00,0.651,252.0205,2.9615,50.129000000000005,BR49,12,6,1
2020-06-21 13:00:00,0.943,248.2785,4.0805,50.0485,BR49,13,6,1
2020-06-21 14:00:00,0.864,243.554,3.9425,49.996500000000005,BR49,14,6,1
2020-06-21 15:00:00,1.109,241.9275,4.897,50.0005,BR49,15,6,1
2020-06-21 16:00:00,1.847,240.5545,7.8345,50.0415,BR49,16,6,1
2020-06-21 17:00:00,1.6909999999999998,227.6315,7.323,47.505,BR49,17,6,1
2020-06-21 18:00:00,1.035,242.274,4.894,49.9955,BR49,18,6,1
2020-06-21 19:00:00,0.606,242.215,2.816,49.963,BR49,19,6,1
2020-06-21 20:00:00,0.547,239.707,2.6260000000000003,49.985,BR49,20,6,1
2020-06-21 21:00:00,0.661,240.321,3.038,50.016000000000005,BR49,21,6,1
2020-06-21 22:00:00,0.734,235.3465,3.3600000000000003,50.039,BR49,22,6,1
2020-06-21 23:00:00,1.844,232.4975,8.2165,50.0545,BR49,23,6,1
2020-06-22 00:00:00,1.62,236.615,6.9935,50.0285,BR49,0,0,0
2020-06-22 01:00:00,1.627,240.2215,6.9375,50.023,BR49,1,0,0
2020-06-22 02:00:00,1.585,240.8615,6.7535,49.975,BR49,2,0,0
2020-06-22 03:00:00,2.236,242.472,9.35,50.038,BR49,3,0,0
2020-06-22 04:00:00,2.681,244.86,11.0575,50.0205,BR49,4,0,0
2020-06-22 05:00:00,1.332,248.2935,5.573,49.975,BR49,5,0,0
2020-06-22 06:00:00,1.542,249.6195,6.441,50.014,BR49,6,0,0
2020-06-22 07:00:00,1.567,249.4355,6.558,49.974,BR49,7,0,0
2020-06-22 08:00:00,0.87,249.238,3.705,50.0235,BR49,8,0,0
2020-06-22 09:00:00,0.662,246.0235,2.9465,50.0155,BR49,9,0,0
2020-06-22 10:00:00,1.051,241.8985,5.0415,50.0195,BR49,10,0,0
2020-06-22 11:00:00,0.58,246.0235,2.6635,50.002,BR49,11,0,0
2020-06-22 12:00:00,0.73,240.68,3.386,49.9665,BR49,12,0,0
2020-06-22 13:00:00,1.315,224.2135,6.3625,47.4785,BR49,13,0,0
2020-06-22 14:00:00,1.313,232.344,5.899,49.932,BR49,14,0,0
2020-06-22 15:00:00,1.96,235.995,8.432,49.9685,BR49,15,0,0
2020-06-22 16:00:00,1.589,234.575,6.910500000000001,49.978,BR49,16,0,0
2020-06-22 17:00:00,1.878,235.7995,8.051,50.0045,BR49,17,0,0
2020-06-22 18:00:00,0.661,239.923,2.8765,49.996,BR49,18,0,0
2020-06-22 19:00:00,1.105,238.5185,4.801,49.968,BR49,19,0,0
2020-06-22 20:00:00,2.36,230.274,10.425,49.933,BR49,20,0,0
2020-06-22 21:00:00,1.991,207.064,9.2395,44.947,BR49,21,0,0
2020-06-22 22:00:00,1.858,227.1975,8.27,49.946,BR49,22,0,0
2020-06-22 23:00:00,1.797,230.1425,7.925499999999999,49.992,BR49,23,0,0
2020-06-23 00:00:00,1.581,233.1745,6.923,49.9895,BR49,0,1,0
2020-06-23 01:00:00,1.583,232.712,6.928,49.9975,BR49,1,1,0
2020-06-23 02:00:00,2.684,232.564,11.5985,49.951,BR49,2,1,0
2020-06-23 03:00:00,2.837,237.538,11.96,49.9295,BR49,3,1,0
2020-06-23 04:00:00,2.023,190.9085,9.267,39.9655,BR49,4,1,0
2020-06-23 05:00:00,1.714,244.733,7.303,49.9555,BR49,5,1,0
2020-06-23 06:00:00,1.416,239.7155,6.2135,47.5095,BR49,6,1,0
2020-06-23 07:00:00,0.31,62.50449999999999,1.4895,12.4675,BR49,7,1,0
2020-06-23 08:00:00,0.0,0.0,0.0,0.0,BR49,8,1,0
2020-06-23 09:00:00,0.011,48.954,0.1455,9.9905,BR49,9,1,0
2020-06-23 10:00:00,0.124,251.414,0.6515000000000001,50.0275,BR49,10,1,0
2020-06-23 11:00:00,0.412,85.513,2.307,17.5015,BR49,11,1,0
2020-06-23 12:00:00,0.0,0.0,0.0,0.0,BR49,12,1,0
2020-06-23 13:00:00,0.0,0.0,0.0,0.0,BR49,13,1,0
2020-06-23 14:00:00,0.552,128.7665,2.918,27.457,BR49,14,1,0
2020-06-23 15:00:00,0.824,232.9035,4.0215000000000005,50.002,BR49,15,1,0
2020-06-23 16:00:00,0.922,231.78000000000003,4.576,50.0075,BR49,16,1,0
2020-06-23 17:00:00,0.685,236.9915,3.464,50.0015,BR49,17,1,0
2020-06-23 18:00:00,0.597,238.382,3.13,50.018,BR49,18,1,0
2020-06-23 19:00:00,0.653,235.5955,3.4464999999999995,49.9245,BR49,19,1,0
2020-06-23 20:00:00,0.987,231.295,4.84,49.9415,BR49,20,1,0
2020-06-23 21:00:00,1.001,218.0065,5.013,47.449,BR49,21,1,0
2020-06-23 22:00:00,2.155,226.72,9.7405,49.97,BR49,22,1,0
2020-06-23 23:00:00,1.744,229.914,7.8805,49.968,BR49,23,1,0
2020-06-24 00:00:00,1.901,232.113,8.440000000000001,49.9785,BR49,0,2,0
2020-06-24 01:00:00,1.842,234.2845,8.065000000000001,49.982,BR49,1,2,0
2020-06-24 02:00:00,2.05,238.64,8.8045,49.99,BR49,2,2,0
2020-06-24 03:00:00,2.803,239.7635,11.8505,50.0065,BR49,3,2,0
2020-06-24 04:00:00,1.949,243.6715,8.0845,49.9855,BR49,4,2,0
2020-06-24 05:00:00,1.377,246.0105,5.761,49.9395,BR49,5,2,0
2020-06-24 06:00:00,1.582,247.4425,6.6425,49.9975,BR49,6,2,0
2020-06-24 07:00:00,1.59,247.6055,6.679,49.9865,BR49,7,2,0
2020-06-24 08:00:00,1.616,247.8815,6.777500000000001,49.9875,BR49,8,2,0
2020-06-24 09:00:00,1.998,244.442,8.561499999999999,49.9485,BR49,9,2,0
2020-06-24 10:00:00,0.475,245.24,2.083,50.027,BR49,10,2,0
2020-06-24 11:00:00,0.383,241.99,1.7419999999999998,49.98,BR49,11,2,0
2020-06-24 12:00:00,0.512,240.5305,2.215,49.9255,BR49,12,2,0
2020-06-24 13:00:00,0.72,243.9065,3.181,49.9465,BR49,13,2,0
2020-06-24 14:00:00,0.494,194.0745,2.3005,39.9975,BR49,14,2,0
2020-06-24 15:00:00,0.604,244.082,2.688,50.0015,BR49,15,2,0
2020-06-24 16:00:00,0.62,240.917,2.6705,49.946,BR49,16,2,0
2020-06-24 17:00:00,0.606,241.69,2.604,50.02,BR49,17,2,0
2020-06-24 18:00:00,0.365,242.964,1.67,50.014,BR49,18,2,0
2020-06-24 19:00:00,0.164,121.315,0.8550000000000001,24.9725,BR49,19,2,0
2020-06-24 20:00:00,0.682,236.6295,3.3975,50.0105,BR49,20,2,0
2020-06-24 21:00:00,0.794,236.37,3.666,49.957,BR49,21,2,0
2020-06-24 22:00:00,0.0569999999999999,23.5665,0.3525,4.994,BR49,22,2,0
2020-06-24 23:00:00,0.013,11.6125,0.151,2.5005,BR49,23,2,0
2020-06-25 00:00:00,0.206,44.4275,1.252,10.0075,BR49,0,3,0
2020-06-25 01:00:00,0.875,103.97,3.9615,22.4955,BR49,1,3,0
2020-06-25 02:00:00,1.719,234.0525,7.719499999999999,50.0195,BR49,2,3,0
2020-06-25 03:00:00,1.777,239.1385,7.825,50.0105,BR49,3,3,0
2020-06-25 04:00:00,1.763,239.6935,7.781000000000001,50.0005,BR49,4,3,0
2020-06-25 05:00:00,0.942,245.931,4.26,50.006,BR49,5,3,0
2020-06-25 06:00:00,0.588,250.898,2.7565,50.0315,BR49,6,3,0
2020-06-25 07:00:00,0.677,250.5365,3.2894999999999994,50.0235,BR49,7,3,0
2020-06-25 08:00:00,0.755,252.12600000000003,3.5410000000000004,50.038,BR49,8,3,0
2020-06-25 09:00:00,0.658,249.5605,2.9605,50.032,BR49,9,3,0
2020-06-25 10:00:00,0.672,249.198,2.943,50.018,BR49,10,3,0
2020-06-25 11:00:00,0.826,246.7015,3.5810000000000004,49.998000000000005,BR49,11,3,0
2020-06-25 12:00:00,0.88,245.7,3.9035,50.029,BR49,12,3,0
2020-06-25 13:00:00,0.326,122.7355,1.781,24.991,BR49,13,3,0
2020-06-25 14:00:00,0.387,112.06,2.012,22.4965,BR49,14,3,0
2020-06-25 15:00:00,0.213,75.76599999999999,1.049,14.9645,BR49,15,3,0
2020-06-25 16:00:00,0.313,152.275,1.9225,29.9975,BR49,16,3,0
2020-06-25 17:00:00,0.327,125.901,1.543,25.0135,BR49,17,3,0
2020-06-25 18:00:00,0.507,239.415,2.637,47.519,BR49,18,3,0
2020-06-25 19:00:00,0.819,234.2735,3.853,47.5275,BR49,19,3,0
2020-06-25 20:00:00,0.8,239.713,3.935,49.988,BR49,20,3,0
2020-06-25 21:00:00,0.619,205.2555,3.2339999999999995,42.509,BR49,21,3,0
2020-06-25 22:00:00,1.75,236.0725,7.792499999999999,50.0285,BR49,22,3,0
2020-06-25 23:00:00,2.181,238.024,9.594,50.0055,BR49,23,3,0
2020-06-26 00:00:00,1.797,238.215,7.833,50.021,BR49,0,4,0
2020-06-26 01:00:00,1.527,243.71750000000003,6.5495,50.0185,BR49,1,4,0
2020-06-26 02:00:00,1.618,245.37,6.843000000000001,49.9935,BR49,2,4,0
2020-06-26 03:00:00,1.573,246.705,6.58,50.0245,BR49,3,4,0
2020-06-26 04:00:00,1.271,251.518,5.239,50.016,BR49,4,4,0
2020-06-26 05:00:00,1.312,252.79,5.434,50.003,BR49,5,4,0
2020-06-26 06:00:00,0.515,255.17,2.1,50.04,BR49,6,4,0
2020-06-26 07:00:00,0.4649999999999999,256.422,1.866,50.0045,BR49,7,4,0
2020-06-26 08:00:00,0.483,255.5045,1.9595,50.045,BR49,8,4,0
2020-06-26 09:00:00,0.375,254.031,1.5615,49.9995,BR49,9,4,0
2020-06-26 10:00:00,0.711,247.733,3.255,50.011,BR49,10,4,0
2020-06-26 11:00:00,0.557,246.478,2.4615,50.0435,BR49,11,4,0
2020-06-26 12:00:00,0.545,244.352,2.468,50.018,BR49,12,4,0
2020-06-26 13:00:00,0.597,244.5365,2.625,50.0435,BR49,13,4,0
2020-06-26 14:00:00,0.482,231.294,2.4645,47.4915,BR49,14,4,0
2020-06-26 15:00:00,1.757,244.2805,7.626,49.939,BR49,15,4,0
2020-06-26 16:00:00,0.726,242.2615,3.147,49.9655,BR49,16,4,0
2020-06-26 17:00:00,0.478,244.11,2.0515,50.0055,BR49,17,4,0
2020-06-26 18:00:00,0.369,244.9,1.6335000000000002,50.02,BR49,18,4,0
2020-06-26 19:00:00,0.469,239.5975,2.0485,50.0085,BR49,19,4,0
2020-06-26 20:00:00,0.472,237.9575,2.0740000000000003,50.009,BR49,20,4,0
2020-06-26 21:00:00,0.5650000000000001,234.886,2.4955,50.004000000000005,BR49,21,4,0
2020-06-26 22:00:00,1.028,231.7065,4.5115,49.991,BR49,22,4,0
2020-06-26 23:00:00,1.502,233.869,6.6425,50.026,BR49,23,4,0
2020-06-27 00:00:00,2.62,232.0915,11.373,50.0135,BR49,0,5,1
2020-06-27 01:00:00,2.773,234.4115,11.876,50.0075,BR49,1,5,1
2020-06-27 02:00:00,2.507,236.672,10.661,50.035,BR49,2,5,1
2020-06-27 03:00:00,1.648,241.1985,6.9865,50.0145,BR49,3,5,1
2020-06-27 04:00:00,1.661,244.47,6.967999999999999,49.996,BR49,4,5,1
2020-06-27 05:00:00,1.57,247.054,6.583,49.982,BR49,5,5,1
2020-06-27 06:00:00,1.595,246.054,6.680499999999999,50.034,BR49,6,5,1
2020-06-27 07:00:00,2.0540000000000003,245.7395,8.7805,50.059000000000005,BR49,7,5,1
2020-06-27 08:00:00,1.173,249.2215,4.9795,50.0745,BR49,8,5,1
2020-06-27 09:00:00,1.475,245.0685,6.192,50.0315,BR49,9,5,1
2020-06-27 10:00:00,1.326,227.312,5.9915,47.4945,BR49,10,5,1
2020-06-27 11:00:00,0.511,237.935,2.394,49.9845,BR49,11,5,1
2020-06-27 12:00:00,0.517,238.974,2.2625,50.0065,BR49,12,5,1
2020-06-27 13:00:00,1.435,235.3165,6.385,50.013,BR49,13,5,1
2020-06-27 14:00:00,0.5720000000000001,233.41950000000003,2.526,49.946,BR49,14,5,1
2020-06-27 15:00:00,0.754,140.50150000000002,3.7625,29.971,BR49,15,5,1
2020-06-27 16:00:00,1.928,227.349,8.7205,50.033,BR49,16,5,1
2020-06-27 17:00:00,0.952,235.4375,4.46,50.022000000000006,BR49,17,5,1
2020-06-27 18:00:00,0.562,238.01,2.5925,50.026,BR49,18,5,1
2020-06-27 19:00:00,0.575,236.3925,2.5825,50.038,BR49,19,5,1
2020-06-27 20:00:00,1.574,228.7805,6.963500000000001,50.021,BR49,20,5,1
2020-06-27 21:00:00,0.6910000000000001,228.2325,3.14,49.9195,BR49,21,5,1
2020-06-27 22:00:00,1.851,223.658,8.3045,49.9725,BR49,22,5,1
2020-06-27 23:00:00,1.912,223.98,8.5885,49.996500000000005,BR49,23,5,1
2020-06-28 00:00:00,2.553,225.895,11.3215,50.0245,BR49,0,6,1
2020-06-28 01:00:00,2.5380000000000003,229.8475,11.043,50.018,BR49,1,6,1
2020-06-28 02:00:00,1.826,234.40500000000003,7.848000000000001,50.0215,BR49,2,6,1
2020-06-28 03:00:00,1.404,238.927,5.9735,50.003,BR49,3,6,1
2020-06-28 04:00:00,1.489,240.10700000000003,6.3175,49.949,BR49,4,6,1
2020-06-28 05:00:00,1.444,244.5695,5.9865,49.9395,BR49,5,6,1
2020-06-28 06:00:00,1.378,250.297,5.6665,50.0025,BR49,6,6,1
2020-06-28 07:00:00,1.414,249.0305,5.7735,50.048,BR49,7,6,1
2020-06-28 08:00:00,1.281,246.17800000000005,5.5945,50.0805,BR49,8,6,1
2020-06-28 09:00:00,0.478,244.4285,2.0465,50.0435,BR49,9,6,1
2020-06-28 10:00:00,0.652,247.3235,2.8465,49.9895,BR49,10,6,1
2020-06-28 11:00:00,1.227,247.474,4.9775,50.016000000000005,BR49,11,6,1
2020-06-28 12:00:00,0.35,242.8415,1.5275,49.9705,BR49,12,6,1
2020-06-28 13:00:00,0.368,235.1345,1.713,50.015,BR49,13,6,1
2020-06-28 14:00:00,0.3969999999999999,196.5455,1.8395,42.5195,BR49,14,6,1
2020-06-28 15:00:00,0.0,0.0,0.0,0.0,BR49,15,6,1
2020-06-28 16:00:00,0.283,79.92150000000001,1.4945,17.505000000000003,BR49,16,6,1
2020-06-28 17:00:00,0.849,229.218,4.2315,50.0305,BR49,17,6,1
2020-06-28 18:00:00,1.421,232.908,6.6125,50.038,BR49,18,6,1
2020-06-28 19:00:00,0.838,233.793,3.8735,50.002,BR49,19,6,1
2020-06-28 20:00:00,2.069,226.102,9.0995,50.0025,BR49,20,6,1
2020-06-28 21:00:00,1.816,223.9825,8.0925,50.0205,BR49,21,6,1
2020-06-28 22:00:00,2.0,224.75,8.914,50.0265,BR49,22,6,1
2020-06-28 23:00:00,2.55,230.872,11.0265,50.051,BR49,23,6,1
2020-06-29 00:00:00,1.831,182.554,8.967,40.069,BR49,0,0,0
2020-06-29 01:00:00,1.7029999999999998,186.38,8.2985,40.0175,BR49,1,0,0
2020-06-29 02:00:00,2.807,233.587,12.15,49.977,BR49,2,0,0
2020-06-29 03:00:00,2.673,238.1615,11.258500000000002,50.0075,BR49,3,0,0
2020-06-29 04:00:00,2.424,241.24,10.2335,49.9805,BR49,4,0,0
2020-06-29 05:00:00,1.661,247.196,7.471500000000001,49.8685,BR49,5,0,0
2020-06-29 06:00:00,1.599,252.7295,6.6385000000000005,49.968,BR49,6,0,0
2020-06-29 07:00:00,1.976,252.2765,8.402,49.9425,BR49,7,0,0
2020-06-29 08:00:00,2.158,251.4555,9.2565,50.0035,BR49,8,0,0
2020-06-29 09:00:00,1.232,248.9815,5.408,49.979,BR49,9,0,0
2020-06-29 10:00:00,1.066,244.33,4.7995,49.9725,BR49,10,0,0
2020-06-29 11:00:00,0.52,225.74050000000005,2.3285,44.983,BR49,11,0,0
2020-06-29 12:00:00,0.113,74.96549999999999,0.5825,15.0025,BR49,12,0,0
2020-06-29 13:00:00,0.25,95.8695,1.255,20.0035,BR49,13,0,0
2020-06-29 14:00:00,0.6890000000000001,237.3505,3.4765,49.9985,BR49,14,0,0
2020-06-29 15:00:00,0.653,238.5625,3.3425,49.9525,BR49,15,0,0
2020-06-29 16:00:00,0.72,242.6095,3.4450000000000003,49.9955,BR49,16,0,0
2020-06-29 17:00:00,0.603,246.041,2.918,50.005,BR49,17,0,0
2020-06-29 18:00:00,0.598,236.45,2.7915,47.541,BR49,18,0,0
2020-06-29 19:00:00,0.657,241.57,2.9615,50.029,BR49,19,0,0
2020-06-29 20:00:00,0.663,238.2835,3.042,49.9685,BR49,20,0,0
2020-06-29 21:00:00,0.847,235.628,3.7255,49.9815,BR49,21,0,0
2020-06-29 22:00:00,1.656,230.562,7.284999999999999,49.9875,BR49,22,0,0
2020-06-29 23:00:00,2.644,231.5975,11.4995,49.972,BR49,23,0,0
2020-06-30 00:00:00,2.576,235.93,10.921,49.981,BR49,0,1,0
2020-06-30 01:00:00,2.552,235.9685,10.7975,50.026,BR49,1,1,0
2020-06-30 02:00:00,2.591,239.21,10.8685,50.012,BR49,2,1,0
2020-06-30 03:00:00,1.994,244.212,8.3365,50.0065,BR49,3,1,0
2020-06-30 04:00:00,1.3690000000000002,246.6925,5.8135,50.0065,BR49,4,1,0
2020-06-30 05:00:00,1.391,249.5185,5.896,49.9815,BR49,5,1,0
2020-06-30 06:00:00,1.487,253.8835,6.226,50.049,BR49,6,1,0
2020-06-30 07:00:00,1.522,252.2415,6.363,50.026,BR49,7,1,0
2020-06-30 08:00:00,1.661,252.65,7.023000000000001,50.0125,BR49,8,1,0
2020-06-30 09:00:00,0.526,249.7605,2.188,49.997,BR49,9,1,0
2020-06-30 10:00:00,0.598,245.9895,2.4875,50.0015,BR49,10,1,0
2020-06-30 11:00:00,0.727,242.8205,3.198,50.024,BR49,11,1,0
2020-06-30 12:00:00,0.601,239.261,2.5505,50.013,BR49,12,1,0
2020-06-30 13:00:00,0.387,190.777,1.702,39.9925,BR49,13,1,0
2020-06-30 14:00:00,0.54,213.448,2.741,44.999,BR49,14,1,0
2020-06-30 15:00:00,0.87,236.7625,3.821,49.984,BR49,15,1,0
2020-06-30 16:00:00,1.642,230.4545,7.202500000000001,49.985,BR49,16,1,0
2020-06-30 17:00:00,1.675,233.721,7.280500000000001,50.012,BR49,17,1,0
2020-06-30 18:00:00,1.636,238.118,7.001,49.947500000000005,BR49,18,1,0
2020-06-30 19:00:00,0.703,236.935,3.028,49.931,BR49,19,1,0
2020-06-30 20:00:00,0.765,218.384,3.8475,47.45,BR49,20,1,0
2020-06-30 21:00:00,0.655,225.866,3.0305,49.925,BR49,21,1,0
2020-06-30 22:00:00,1.373,231.4285,5.984,49.983,BR49,22,1,0
2020-06-30 23:00:00,1.61,227.547,7.1465000000000005,49.987,BR49,23,1,0
2020-07-01 00:00:00,1.66,233.0865,7.25,49.945,BR49,0,2,0
2020-07-01 01:00:00,1.497,233.3295,6.593000000000001,49.928,BR49,1,2,0
2020-07-01 02:00:00,1.44,232.917,6.334,49.913,BR49,2,2,0
2020-07-01 03:00:00,1.4429999999999998,234.7435,6.278499999999999,49.9635,BR49,3,2,0
2020-07-01 04:00:00,1.459,237.094,6.3100000000000005,49.9725,BR49,4,2,0
2020-07-01 05:00:00,1.507,243.7415,6.3985,50.029,BR49,5,2,0
2020-07-01 06:00:00,1.228,197.836,5.317,39.9995,BR49,6,2,0
2020-07-01 07:00:00,1.274,246.5795,5.4425,50.013,BR49,7,2,0
2020-07-01 08:00:00,0.644,244.0675,2.8395,50.017,BR49,8,2,0
2020-07-01 09:00:00,0.5650000000000001,242.7855,2.414,50.0385,BR49,9,2,0
2020-07-01 10:00:00,0.653,241.0165,3.3425,49.9685,BR49,10,2,0
2020-07-01 11:00:00,0.466,245.263,2.1615,49.945,BR49,11,2,0
2020-07-01 12:00:00,0.588,240.771,2.525,50.0175,BR49,12,2,0
2020-07-01 13:00:00,0.4029999999999999,237.2195,1.813,50.0055,BR49,13,2,0
2020-07-01 14:00:00,0.427,235.478,1.9155,49.9725,BR49,14,2,0
2020-07-01 15:00:00,0.846,239.7975,3.6975,50.014,BR49,15,2,0
2020-07-01 16:00:00,0.656,239.0295,2.8155,50.0335,BR49,16,2,0
2020-07-01 17:00:00,0.7230000000000001,238.858,3.086,50.047,BR49,17,2,0
2020-07-01 18:00:00,0.952,240.0195,4.021,50.0335,BR49,18,2,0
2020-07-01 19:00:00,0.6799999999999999,227.358,3.1005,47.4365,BR49,19,2,0
2020-07-01 20:00:00,1.025,231.6665,4.6445,49.9895,BR49,20,2,0
2020-07-01 21:00:00,2.242,228.104,9.9055,49.9645,BR49,21,2,0
2020-07-01 22:00:00,1.613,228.1815,7.139,49.9445,BR49,22,2,0
2020-07-01 23:00:00,2.647,224.7105,11.7165,49.976,BR49,23,2,0
2020-07-02 00:00:00,2.6910000000000003,225.9365,11.8335,50.008,BR49,0,3,0
2020-07-02 01:00:00,2.558,227.4955,11.215,50.003,BR49,1,3,0
2020-07-02 02:00:00,2.19,230.7615,9.57,50.033,BR49,2,3,0
2020-07-02 03:00:00,2.065,233.996,8.9235,50.0305,BR49,3,3,0
2020-07-02 04:00:00,1.675,237.0255,7.198,49.999,BR49,4,3,0
2020-07-02 05:00:00,1.687,242.93,7.1065,50.02,BR49,5,3,0
2020-07-02 06:00:00,1.713,246.4875,7.152500000000001,49.998000000000005,BR49,6,3,0
2020-07-02 07:00:00,1.751,245.955,7.303999999999999,50.0185,BR49,7,3,0
2020-07-02 08:00:00,1.017,250.728,4.097,50.012,BR49,8,3,0
2020-07-02 09:00:00,1.271,245.085,5.3775,49.999,BR49,9,3,0
2020-07-02 10:00:00,0.325,123.235,1.472,25.0075,BR49,10,3,0
2020-07-02 11:00:00,0.892,178.1545,4.436999999999999,37.48,BR49,11,3,0
2020-07-02 12:00:00,2.143,233.5735,9.27,49.944,BR49,12,3,0
2020-07-02 13:00:00,2.005,198.138,9.101,42.4995,BR49,13,3,0
2020-07-02 14:00:00,2.161,227.2875,9.719,49.9315,BR49,14,3,0
2020-07-02 15:00:00,0.976,228.17,4.359,50.007,BR49,15,3,0
2020-07-02 16:00:00,0.773,227.571,3.471,49.989,BR49,16,3,0
2020-07-02 17:00:00,2.092,229.5495,9.128,49.9885,BR49,17,3,0
2020-07-02 18:00:00,2.606,233.714,11.274,50.022000000000006,BR49,18,3,0
2020-07-02 19:00:00,2.606,235.0685,11.177,49.982,BR49,19,3,0
2020-07-02 20:00:00,3.451,225.1535,15.185,49.94,BR49,20,3,0
2020-07-02 21:00:00,2.499,222.924,11.121,49.967,BR49,21,3,0
2020-07-02 22:00:00,3.569,220.4335,16.0245,49.971,BR49,22,3,0
2020-07-02 23:00:00,2.88,221.159,13.063,49.949,BR49,23,3,0
2020-07-03 00:00:00,3.611,219.929,16.5135,49.959500000000006,BR49,0,4,0
2020-07-03 01:00:00,2.028,228.3335,8.953999999999999,49.9765,BR49,1,4,0
2020-07-03 02:00:00,1.955,229.8325,8.5725,50.0215,BR49,2,4,0
2020-07-03 03:00:00,2.962,232.53850000000003,12.7925,49.9625,BR49,3,4,0
2020-07-03 04:00:00,3.148,236.3975,13.2655,49.9825,BR49,4,4,0
2020-07-03 05:00:00,3.047,239.37,12.985,49.989,BR49,5,4,0
2020-07-03 06:00:00,0.796,111.681,3.628,22.494,BR49,6,4,0
2020-07-03 07:00:00,0.0,0.0,0.0,0.0,BR49,7,4,0
2020-07-03 08:00:00,1.159,158.0575,5.393,32.507,BR49,8,4,0
2020-07-03 09:00:00,1.46,242.948,6.5115,49.993,BR49,9,4,0
2020-07-03 10:00:00,0.7,229.338,3.472,47.4905,BR49,10,4,0
2020-07-03 11:00:00,0.742,239.473,3.607,49.9795,BR49,11,4,0
2020-07-03 12:00:00,0.539,144.3585,2.5735,29.9935,BR49,12,4,0
2020-07-03 13:00:00,0.784,104.2655,3.8605,22.506,BR49,13,4,0
2020-07-03 14:00:00,1.268,234.346,5.746499999999999,50.047,BR49,14,4,0
2020-07-03 15:00:00,1.756,234.889,7.8095,50.0335,BR49,15,4,0
2020-07-03 16:00:00,1.47,188.5015,6.706999999999999,40.0365,BR49,16,4,0
2020-07-03 17:00:00,0.5680000000000001,105.0435,2.819,22.491,BR49,17,4,0
2020-07-03 18:00:00,1.944,233.003,8.754000000000001,50.007,BR49,18,4,0
2020-07-03 19:00:00,1.332,236.2435,6.422499999999999,49.995,BR49,19,4,0
2020-07-03 20:00:00,0.94,231.96750000000003,4.5200000000000005,49.974,BR49,20,4,0
2020-07-03 21:00:00,1.621,230.938,7.300499999999999,49.938,BR49,21,4,0
2020-07-03 22:00:00,1.614,230.6925,7.2155,49.9735,BR49,22,4,0
2020-07-03 23:00:00,2.623,222.7935,11.751,49.9315,BR49,23,4,0
2020-07-04 00:00:00,1.82,231.9655,8.05,50.006,BR49,0,5,1
2020-07-04 01:00:00,1.777,236.6575,7.6935,50.020500000000006,BR49,1,5,1
2020-07-04 02:00:00,1.74,236.55300000000005,7.4995,50.0,BR49,2,5,1
2020-07-04 03:00:00,1.131,190.1875,5.718,40.0125,BR49,3,5,1
2020-07-04 04:00:00,1.858,239.398,8.040000000000001,50.0025,BR49,4,5,1
2020-07-04 05:00:00,1.872,243.438,7.9245,50.0055,BR49,5,5,1
2020-07-04 06:00:00,1.6,247.235,6.686,49.9735,BR49,6,5,1
2020-07-04 07:00:00,0.773,174.35,3.4365,35.0075,BR49,7,5,1
2020-07-04 08:00:00,0.643,250.2515,2.6285,49.9935,BR49,8,5,1
2020-07-04 09:00:00,0.5680000000000001,226.6765,2.866,44.996,BR49,9,5,1
2020-07-04 10:00:00,0.948,248.23200000000003,4.026,50.063,BR49,10,5,1
2020-07-04 11:00:00,0.729,248.729,3.2825,50.03,BR49,11,5,1
2020-07-04 12:00:00,0.798,249.2955,3.5185000000000004,49.947500000000005,BR49,12,5,1
2020-07-04 13:00:00,0.2259999999999999,125.585,1.3095,25.004,BR49,13,5,1
2020-07-04 14:00:00,0.996,240.2105,4.488,49.9585,BR49,14,5,1
2020-07-04 15:00:00,1.544,236.3505,6.6905,50.006,BR49,15,5,1
2020-07-04 16:00:00,2.13,237.513,9.07,50.047,BR49,16,5,1
2020-07-04 17:00:00,1.266,240.09700000000004,5.4435,50.0295,BR49,17,5,1
2020-07-04 18:00:00,0.851,244.1935,3.571,50.0465,BR49,18,5,1
2020-07-04 19:00:00,0.9,241.8435,3.797,50.02,BR49,19,5,1
2020-07-04 20:00:00,1.173,235.2215,5.1665,50.0295,BR49,20,5,1
2020-07-04 21:00:00,1.178,235.5505,5.2115,50.0425,BR49,21,5,1
2020-07-04 22:00:00,1.211,234.45,5.2765,50.0705,BR49,22,5,1
2020-07-04 23:00:00,2.616,231.5185,11.3815,50.0695,BR49,23,5,1
2020-07-05 00:00:00,2.5860000000000003,232.48,11.102,50.0475,BR49,0,6,1
2020-07-05 01:00:00,1.742,239.2045,7.416500000000001,50.1315,BR49,1,6,1
2020-07-05 02:00:00,1.759,242.989,7.390000000000001,50.108,BR49,2,6,1
2020-07-05 03:00:00,1.694,247.4825,7.0375,50.248000000000005,BR49,3,6,1
2020-07-05 04:00:00,1.631,246.8325,6.803999999999999,50.1785,BR49,4,6,1
2020-07-05 05:00:00,0.97,251.6315,3.987,50.1275,BR49,5,6,1
2020-07-05 06:00:00,0.597,254.17800000000005,2.387,50.136,BR49,6,6,1
2020-07-05 07:00:00,0.768,254.6645,3.1630000000000003,50.113,BR49,7,6,1
2020-07-05 08:00:00,0.663,257.9195,2.607,50.123000000000005,BR49,8,6,1
2020-07-05 09:00:00,0.174,77.94800000000001,0.7425,15.0285,BR49,9,6,1
2020-07-05 10:00:00,0.758,173.91500000000002,3.6505,35.0445,BR49,10,6,1
2020-07-05 11:00:00,0.673,251.098,2.989,50.021,BR49,11,6,1
2020-07-05 12:00:00,0.554,252.065,2.525,49.9335,BR49,12,6,1
2020-07-05 13:00:00,0.74,248.978,3.2385,49.976,BR49,13,6,1
2020-07-05 14:00:00,0.882,244.6805,3.682,49.9885,BR49,14,6,1
2020-07-05 15:00:00,0.745,220.3125,3.271,44.9995,BR49,15,6,1
2020-07-05 16:00:00,0.79,243.6445,3.3880000000000003,49.999,BR49,16,6,1
2020-07-05 17:00:00,0.756,245.2785,3.167,50.0805,BR49,17,6,1
2020-07-05 18:00:00,1.361,242.269,5.731,50.047,BR49,18,6,1
2020-07-05 19:00:00,1.108,239.689,4.907500000000001,49.9835,BR49,19,6,1
2020-07-05 20:00:00,0.888,234.86550000000005,3.9495,50.0415,BR49,20,6,1
2020-07-05 21:00:00,0.879,233.033,3.867,50.0225,BR49,21,6,1
2020-07-05 22:00:00,0.792,229.1895,3.511,49.975,BR49,22,6,1
2020-07-05 23:00:00,1.613,229.951,7.117,50.022000000000006,BR49,23,6,1
2020-07-06 00:00:00,1.853,231.8535,8.0985,50.0085,BR49,0,0,0
2020-07-06 01:00:00,1.669,234.067,7.236,50.0155,BR49,1,0,0
2020-07-06 02:00:00,1.685,237.6515,7.2065,50.056,BR49,2,0,0
2020-07-06 03:00:00,1.863,239.567,7.8985,50.0775,BR49,3,0,0
2020-07-06 04:00:00,1.497,243.426,6.2995,50.08,BR49,4,0,0
2020-07-06 05:00:00,1.697,246.687,7.089499999999999,49.982,BR49,5,0,0
2020-07-06 06:00:00,1.673,248.714,6.972499999999999,50.0085,BR49,6,0,0
2020-07-06 07:00:00,1.503,247.9215,6.228,49.973,BR49,7,0,0
2020-07-06 08:00:00,0.774,249.5495,3.1555,49.953,BR49,8,0,0
2020-07-06 09:00:00,1.164,244.8305,5.128,49.9805,BR49,9,0,0
2020-07-06 10:00:00,0.596,245.0025,2.4815,50.003,BR49,10,0,0
2020-07-06 11:00:00,0.668,241.0785,2.817,50.041,BR49,11,0,0
2020-07-06 12:00:00,0.605,241.337,2.565,50.0175,BR49,12,0,0
2020-07-06 13:00:00,0.0,0.0,0.0,0.0,BR49,13,0,0
2020-07-06 14:00:00,0.36,146.14,1.807,29.9795,BR49,14,0,0
2020-07-06 15:00:00,0.0,0.0,0.0,0.0,BR49,15,0,0
2020-07-06 16:00:00,0.295,94.5845,1.5205,19.9745,BR49,16,0,0
2020-07-06 17:00:00,0.83,238.5015,3.987,49.9905,BR49,17,0,0
2020-07-06 18:00:00,0.727,243.869,3.5420000000000003,49.9695,BR49,18,0,0
2020-07-06 19:00:00,0.716,239.62,3.611,49.9885,BR49,19,0,0
2020-07-06 20:00:00,1.097,235.462,5.3255,49.9395,BR49,20,0,0
2020-07-06 21:00:00,0.621,128.11100000000002,3.079,27.477,BR49,21,0,0
2020-07-06 22:00:00,1.225,197.12,5.8045,42.5165,BR49,22,0,0
2020-07-06 23:00:00,0.879,200.5915,4.4115,42.5045,BR49,23,0,0
2020-07-07 00:00:00,1.371,238.3225,6.2065,49.929,BR49,0,1,0
2020-07-07 01:00:00,1.572,240.747,6.9345,50.0175,BR49,1,1,0
2020-07-07 02:00:00,1.606,243.0755,7.0105,50.012,BR49,2,1,0
2020-07-07 03:00:00,0.967,237.5755,4.252000000000001,47.4985,BR49,3,1,0
2020-07-07 04:00:00,0.0,0.0,0.0,0.0,BR49,4,1,0
2020-07-07 05:00:00,0.0,0.0,0.0,0.0,BR49,5,1,0
2020-07-07 06:00:00,0.605,177.581,2.7475,35.008,BR49,6,1,0
2020-07-07 07:00:00,0.449,177.305,2.1435,35.0055,BR49,7,1,0
2020-07-07 08:00:00,0.15,75.572,0.808,15.01,BR49,8,1,0
2020-07-07 09:00:00,0.585,251.96,2.8185,50.0115,BR49,9,1,0
2020-07-07 10:00:00,0.475,252.9515,2.4955,49.9885,BR49,10,1,0
2020-07-07 11:00:00,0.487,252.29450000000003,2.486,50.029,BR49,11,1,0
2020-07-07 12:00:00,0.636,252.499,2.9935,50.009,BR49,12,1,0
2020-07-07 13:00:00,0.22,140.3425,1.227,27.542,BR49,13,1,0
2020-07-07 14:00:00,0.485,252.2625,2.412,50.032,BR49,14,1,0
2020-07-07 15:00:00,0.569,254.213,2.6335,50.0655,BR49,15,1,0
2020-07-07 16:00:00,0.606,254.4285,2.712,49.9995,BR49,16,1,0
2020-07-07 17:00:00,0.59,254.015,2.5945,49.9835,BR49,17,1,0
2020-07-07 18:00:00,0.73,254.063,3.277,49.999,BR49,18,1,0
2020-07-07 19:00:00,0.609,250.11550000000005,2.749,49.964,BR49,19,1,0
2020-07-07 20:00:00,0.579,247.023,2.536,50.0185,BR49,20,1,0
2020-07-07 21:00:00,0.483,244.6105,2.176,49.988,BR49,21,1,0
2020-07-07 22:00:00,0.519,242.3885,2.3305,49.911,BR49,22,1,0
2020-07-07 23:00:00,0.406,220.9245,1.9865,45.0145,BR49,23,1,0
2020-07-08 00:00:00,0.424,246.5215,1.8345,49.9995,BR49,0,2,0
2020-07-08 01:00:00,0.451,248.2895,1.92,49.9645,BR49,1,2,0
2020-07-08 02:00:00,0.39,251.9005,1.6344999999999998,49.965,BR49,2,2,0
2020-07-08 03:00:00,0.388,252.897,1.613,49.992,BR49,3,2,0
2020-07-08 04:00:00,0.394,253.436,1.6344999999999998,49.995,BR49,4,2,0
2020-07-08 05:00:00,0.403,254.3055,1.6585,49.9935,BR49,5,2,0
2020-07-08 06:00:00,0.421,256.4335,1.686,49.9385,BR49,6,2,0
2020-07-08 07:00:00,0.419,256.0295,1.7120000000000002,49.972,BR49,7,2,0
2020-07-08 08:00:00,0.444,255.247,1.8055,50.0115,BR49,8,2,0
2020-07-08 09:00:00,0.314,251.294,1.3325,50.02,BR49,9,2,0
2020-07-08 10:00:00,0.268,250.1185,1.2065,50.056,BR49,10,2,0
2020-07-08 11:00:00,0.233,251.021,1.068,49.998000000000005,BR49,11,2,0
2020-07-08 12:00:00,0.542,251.2085,2.374,50.0245,BR49,12,2,0
2020-07-08 13:00:00,0.6900000000000001,248.586,2.956,50.0535,BR49,13,2,0
2020-07-08 14:00:00,0.451,246.7905,1.9235,50.016,BR49,14,2,0
2020-07-08 15:00:00,0.503,219.915,2.342,45.019,BR49,15,2,0
2020-07-08 16:00:00,0.551,243.452,2.381,50.0035,BR49,16,2,0
2020-07-08 17:00:00,0.614,242.4065,2.6995,50.032,BR49,17,2,0
2020-07-08 18:00:00,0.533,241.0005,2.3545000000000003,49.924,BR49,18,2,0
2020-07-08 19:00:00,0.523,240.921,2.27,49.9455,BR49,19,2,0
2020-07-08 20:00:00,0.586,201.7025,2.892,42.4405,BR49,20,2,0
2020-07-08 21:00:00,0.696,240.046,3.0785,49.926,BR49,21,2,0
2020-07-08 22:00:00,0.819,236.7985,3.559,49.8975,BR49,22,2,0
2020-07-08 23:00:00,2.042,238.164,8.708499999999999,50.004000000000005,BR49,23,2,0
2020-07-09 00:00:00,1.443,242.4515,6.1445,50.0115,BR49,0,3,0
2020-07-09 01:00:00,0.422,244.6035,1.789,50.0015,BR49,1,3,0
2020-07-09 02:00:00,1.524,245.10100000000003,6.429,50.001,BR49,2,3,0
2020-07-09 03:00:00,1.579,246.823,6.640000000000001,50.0195,BR49,3,3,0
2020-07-09 04:00:00,1.451,248.3355,6.093999999999999,50.010000000000005,BR49,4,3,0
2020-07-09 05:00:00,0.802,251.8665,3.357,50.001,BR49,5,3,0
2020-07-09 06:00:00,0.309,256.45500000000004,1.2615,50.025,BR49,6,3,0
2020-07-09 07:00:00,0.315,253.4645,1.311,49.977,BR49,7,3,0
2020-07-09 08:00:00,0.411,248.968,1.703,49.9895,BR49,8,3,0
2020-07-09 09:00:00,0.422,242.98200000000003,1.771,49.9365,BR49,9,3,0
2020-07-09 10:00:00,0.505,242.4775,2.1305,50.017,BR49,10,3,0
2020-07-09 11:00:00,0.39,243.5245,1.6759999999999995,50.04,BR49,11,3,0
2020-07-09 12:00:00,0.767,242.415,3.626,50.041,BR49,12,3,0
2020-07-09 13:00:00,0.462,242.695,1.962,50.0185,BR49,13,3,0
2020-07-09 14:00:00,1.163,242.222,5.6525,49.957,BR49,14,3,0
2020-07-09 15:00:00,0.54,242.35,2.321,50.017,BR49,15,3,0
2020-07-09 16:00:00,0.504,239.344,2.17,50.0425,BR49,16,3,0
2020-07-09 17:00:00,0.624,242.51550000000003,2.6710000000000003,49.982,BR49,17,3,0
2020-07-09 18:00:00,0.4669999999999999,244.57,1.9965,49.9925,BR49,18,3,0
2020-07-09 19:00:00,0.578,243.6365,2.5235,49.9665,BR49,19,3,0
2020-07-09 20:00:00,0.606,239.9515,2.754,50.015,BR49,20,3,0
2020-07-09 21:00:00,0.594,238.895,2.6870000000000003,49.9965,BR49,21,3,0
2020-07-09 22:00:00,1.339,233.397,5.8775,50.013,BR49,22,3,0
2020-07-09 23:00:00,1.557,237.169,6.692,50.013,BR49,23,3,0
2020-07-10 00:00:00,1.72,239.1475,7.3545,50.019,BR49,0,4,0
2020-07-10 01:00:00,1.557,242.8785,6.714499999999999,50.0185,BR49,1,4,0
2020-07-10 02:00:00,1.603,243.89,6.8260000000000005,50.024,BR49,2,4,0
2020-07-10 03:00:00,1.445,243.7875,6.122999999999999,49.992,BR49,3,4,0
2020-07-10 04:00:00,1.588,243.278,6.739,50.0,BR49,4,4,0
2020-07-10 05:00:00,0.591,247.491,2.4705,50.0125,BR49,5,4,0
2020-07-10 06:00:00,0.416,249.047,1.7254999999999998,50.006,BR49,6,4,0
2020-07-10 07:00:00,0.443,249.2045,1.839,50.001,BR49,7,4,0
2020-07-10 08:00:00,0.515,246.793,2.2985,49.994,BR49,8,4,0
2020-07-10 09:00:00,0.433,179.9415,2.104,37.5175,BR49,9,4,0
2020-07-10 10:00:00,0.594,238.2685,2.994,50.005,BR49,10,4,0
2020-07-10 11:00:00,0.334,244.7115,1.6505,49.9945,BR49,11,4,0
2020-07-10 12:00:00,0.301,247.614,1.396,50.0265,BR49,12,4,0
2020-07-10 13:00:00,0.193,246.392,0.958,50.081,BR49,13,4,0
2020-07-10 14:00:00,0.245,242.1755,1.142,50.05,BR49,14,4,0
2020-07-10 15:00:00,0.305,242.4775,1.393,50.021,BR49,15,4,0
2020-07-10 16:00:00,0.316,239.265,1.423,49.9875,BR49,16,4,0
2020-07-10 17:00:00,1.224,242.2015,5.2365,50.024,BR49,17,4,0
2020-07-10 18:00:00,0.727,246.1825,3.4075,49.998000000000005,BR49,18,4,0
2020-07-10 19:00:00,0.556,244.6755,2.363,49.9515,BR49,19,4,0
2020-07-10 20:00:00,0.687,241.114,2.952,50.0295,BR49,20,4,0
2020-07-10 21:00:00,0.873,239.1865,3.8225,50.0355,BR49,21,4,0
2020-07-10 22:00:00,1.747,236.238,7.4655,50.0285,BR49,22,4,0
2020-07-10 23:00:00,2.24,237.149,9.567,50.066,BR49,23,4,0
2020-07-11 00:00:00,1.566,240.5915,6.7445,50.0565,BR49,0,5,1
2020-07-11 01:00:00,1.556,241.8565,6.6385000000000005,50.0635,BR49,1,5,1
2020-07-11 02:00:00,1.588,243.145,6.7495,49.9965,BR49,2,5,1
2020-07-11 03:00:00,1.495,248.2085,6.308,49.9975,BR49,3,5,1
2020-07-11 04:00:00,1.49,251.1115,6.253,50.008,BR49,4,5,1
2020-07-11 05:00:00,1.14,250.86150000000004,4.722,50.025,BR49,5,5,1
2020-07-11 06:00:00,1.111,251.43400000000003,4.579,50.0045,BR49,6,5,1
2020-07-11 07:00:00,0.529,253.82800000000003,2.132,50.035,BR49,7,5,1
2020-07-11 08:00:00,0.839,252.3615,3.5555,50.0485,BR49,8,5,1
2020-07-11 09:00:00,0.6859999999999999,249.7225,2.895,50.0365,BR49,9,5,1
2020-07-11 10:00:00,1.053,249.16350000000003,4.3785,50.0655,BR49,10,5,1
2020-07-11 11:00:00,0.3389999999999999,251.9375,1.4645,50.035,BR49,11,5,1
2020-07-11 12:00:00,0.411,251.0235,1.7125,50.029,BR49,12,5,1
2020-07-11 13:00:00,0.459,250.0515,1.935,50.0435,BR49,13,5,1
2020-07-11 14:00:00,0.533,208.825,2.661,42.515,BR49,14,5,1
2020-07-11 15:00:00,0.721,246.2075,3.186,50.0195,BR49,15,5,1
2020-07-11 16:00:00,0.673,241.3105,2.8895,49.935500000000005,BR49,16,5,1
2020-07-11 17:00:00,1.461,244.4545,6.0835,49.9555,BR49,17,5,1
2020-07-11 18:00:00,0.829,248.2525,3.4255000000000004,49.956,BR49,18,5,1
2020-07-11 19:00:00,0.6910000000000001,245.6145,2.9015,50.0145,BR49,19,5,1
2020-07-11 20:00:00,1.619,238.5045,6.88,50.0235,BR49,20,5,1
2020-07-11 21:00:00,0.747,239.136,3.1735,50.022000000000006,BR49,21,5,1
2020-07-11 22:00:00,1.156,239.024,4.918,50.008,BR49,22,5,1
2020-07-11 23:00:00,1.513,239.7005,6.298,50.067,BR49,23,5,1
2020-07-12 00:00:00,0.489,219.2505,2.2960000000000003,45.086,BR49,0,6,1
2020-07-12 01:00:00,1.639,240.5015,7.131,50.074,BR49,1,6,1
2020-07-12 02:00:00,1.477,233.5075,6.7595,47.637,BR49,2,6,1
2020-07-12 03:00:00,1.589,247.6535,6.716500000000001,50.042,BR49,3,6,1
2020-07-12 04:00:00,1.51,249.7255,6.391,50.034000000000006,BR49,4,6,1
2020-07-12 05:00:00,1.556,252.5285,6.525499999999999,50.154,BR49,5,6,1
2020-07-12 06:00:00,1.551,252.05300000000005,6.5135000000000005,50.0505,BR49,6,6,1
2020-07-12 07:00:00,1.134,252.794,4.743,50.0615,BR49,7,6,1
2020-07-12 08:00:00,0.451,253.9805,2.0025,50.1665,BR49,8,6,1
2020-07-12 09:00:00,0.507,251.8165,2.103,50.038,BR49,9,6,1
2020-07-12 10:00:00,1.905,249.6235,8.0765,50.0565,BR49,10,6,1
2020-07-12 11:00:00,0.576,251.5415,2.505,50.059,BR49,11,6,1
2020-07-12 12:00:00,0.474,250.355,2.009,49.983,BR49,12,6,1
2020-07-12 13:00:00,0.684,247.109,2.8785,49.98,BR49,13,6,1
2020-07-12 14:00:00,0.387,158.4465,1.8755,32.477,BR49,14,6,1
2020-07-12 15:00:00,0.942,244.725,4.1645,50.0335,BR49,15,6,1
2020-07-12 16:00:00,1.861,236.65,7.8985,49.9955,BR49,16,6,1
2020-07-12 17:00:00,0.746,216.9005,3.3255000000000003,45.0165,BR49,17,6,1
2020-07-12 18:00:00,0.869,245.9885,4.1635,50.006,BR49,18,6,1
2020-07-12 19:00:00,0.486,240.1125,2.206,49.9485,BR49,19,6,1
2020-07-12 20:00:00,1.399,231.8355,6.5055000000000005,49.9235,BR49,20,6,1
2020-07-12 21:00:00,0.648,233.813,2.9295,49.9875,BR49,21,6,1
2020-07-12 22:00:00,0.6950000000000001,232.595,3.232,49.984,BR49,22,6,1
2020-07-12 23:00:00,1.084,233.4105,4.7835,50.003,BR49,23,6,1
2020-07-13 00:00:00,1.502,236.5175,6.519499999999999,50.0035,BR49,0,0,0
2020-07-13 01:00:00,1.4449999999999998,239.472,6.385,49.978,BR49,1,0,0
2020-07-13 02:00:00,1.535,240.6675,6.605500000000001,49.9685,BR49,2,0,0
2020-07-13 03:00:00,1.511,243.3565,6.4485,50.010000000000005,BR49,3,0,0
2020-07-13 04:00:00,1.456,245.669,6.1925,50.0075,BR49,4,0,0
2020-07-13 05:00:00,1.115,250.4905,4.6875,49.99,BR49,5,0,0
2020-07-13 06:00:00,0.436,252.5795,1.7915,49.949,BR49,6,0,0
2020-07-13 07:00:00,0.791,251.2935,3.5200000000000005,49.815,BR49,7,0,0
2020-07-13 08:00:00,0.46,251.48200000000003,2.105,49.9085,BR49,8,0,0
2020-07-13 09:00:00,0.372,209.1345,1.7815,42.498000000000005,BR49,9,0,0
2020-07-13 10:00:00,0.503,242.7625,2.3975,49.944,BR49,10,0,0
2020-07-13 11:00:00,0.549,238.3205,2.42,49.909,BR49,11,0,0
2020-07-13 12:00:00,0.499,237.391,2.152,49.9745,BR49,12,0,0
2020-07-13 13:00:00,0.449,239.5305,1.946,50.032,BR49,13,0,0
2020-07-13 14:00:00,0.401,236.1535,1.8205,49.9925,BR49,14,0,0
2020-07-13 15:00:00,1.252,236.60100000000003,5.337,49.972,BR49,15,0,0
2020-07-13 16:00:00,1.786,237.424,7.508,49.9795,BR49,16,0,0
2020-07-13 17:00:00,1.32,240.8615,5.539499999999999,49.987,BR49,17,0,0
2020-07-13 18:00:00,0.186,218.491,1.003,44.94,BR49,18,0,0
2020-07-13 19:00:00,0.998,238.2205,4.7645,49.9225,BR49,19,0,0
2020-07-13 20:00:00,0.437,234.14900000000003,2.0625,49.9285,BR49,20,0,0
2020-07-13 21:00:00,0.917,232.8405,4.0725,49.9205,BR49,21,0,0
2020-07-13 22:00:00,0.51,233.346,2.3335,49.903,BR49,22,0,0
2020-07-13 23:00:00,1.838,229.3045,8.3465,50.0025,BR49,23,0,0
2020-07-14 00:00:00,1.782,228.253,7.94,49.9825,BR49,0,1,0
2020-07-14 01:00:00,1.562,231.22600000000003,6.8895,49.8835,BR49,1,1,0
2020-07-14 02:00:00,1.544,236.987,6.6835,50.0165,BR49,2,1,0
2020-07-14 03:00:00,0.44,240.266,1.892,50.0045,BR49,3,1,0
2020-07-14 04:00:00,1.497,240.2635,6.3975,49.9395,BR49,4,1,0
2020-07-14 05:00:00,1.649,243.763,6.9595,49.95399999999999,BR49,5,1,0
2020-07-14 06:00:00,1.662,246.222,6.965000000000001,49.913,BR49,6,1,0
2020-07-14 07:00:00,1.745,245.8625,7.284499999999999,49.9315,BR49,7,1,0
2020-07-14 08:00:00,1.518,246.3195,6.336,49.952,BR49,8,1,0
2020-07-14 09:00:00,0.5630000000000001,241.85100000000003,2.4935,49.9615,BR49,9,1,0
2020-07-14 10:00:00,1.155,237.996,5.745,50.0,BR49,10,1,0
2020-07-14 11:00:00,0.861,236.108,4.196,49.892,BR49,11,1,0
2020-07-14 12:00:00,0.379,234.204,1.7215,49.9485,BR49,12,1,0
2020-07-14 13:00:00,0.355,234.2685,1.652,49.978,BR49,13,1,0
2020-07-14 14:00:00,0.476,236.3005,2.1025,49.96,BR49,14,1,0
2020-07-14 15:00:00,0.559,238.2915,2.4145,49.9955,BR49,15,1,0
2020-07-14 16:00:00,0.523,240.0215,2.2885,49.9325,BR49,16,1,0
2020-07-14 17:00:00,0.481,217.931,2.137,44.9305,BR49,17,1,0
2020-07-14 18:00:00,0.514,231.3845,2.4385000000000003,47.49,BR49,18,1,0
2020-07-14 19:00:00,0.492,239.3305,2.179,49.9405,BR49,19,1,0
2020-07-14 20:00:00,1.135,234.274,5.085,49.9435,BR49,20,1,0
2020-07-14 21:00:00,1.357,229.892,5.9945,49.8945,BR49,21,1,0
2020-07-14 22:00:00,0.795,224.713,3.682,49.864,BR49,22,1,0
2020-07-14 23:00:00,2.272,223.64050000000003,10.3035,49.8855,BR49,23,1,0
2020-07-15 00:00:00,1.858,230.0575,8.2395,49.8685,BR49,0,2,0
2020-07-15 01:00:00,1.599,232.16,7.042,49.915,BR49,1,2,0
2020-07-15 02:00:00,1.585,236.0685,6.8845,49.9175,BR49,2,2,0
2020-07-15 03:00:00,1.569,238.344,6.753,49.9485,BR49,3,2,0
2020-07-15 04:00:00,1.547,237.813,6.651999999999999,49.939,BR49,4,2,0
2020-07-15 05:00:00,0.926,243.797,3.939,49.932,BR49,5,2,0
2020-07-15 06:00:00,0.736,249.2475,3.051,50.0095,BR49,6,2,0
2020-07-15 07:00:00,0.601,248.8685,2.5085,49.991,BR49,7,2,0
2020-07-15 08:00:00,0.539,249.5435,2.244,49.9875,BR49,8,2,0
2020-07-15 09:00:00,0.761,244.288,3.5185000000000004,49.922,BR49,9,2,0
2020-07-15 10:00:00,0.388,240.8915,1.7395,49.935500000000005,BR49,10,2,0
2020-07-15 11:00:00,0.503,238.0135,2.503,49.9695,BR49,11,2,0
2020-07-15 12:00:00,0.169,83.563,0.849,17.497,BR49,12,2,0
2020-07-15 13:00:00,0.457,218.2765,2.395,44.9755,BR49,13,2,0
2020-07-15 14:00:00,0.575,238.9015,2.9545000000000003,49.9755,BR49,14,2,0
2020-07-15 15:00:00,0.583,227.51,3.2815,47.483,BR49,15,2,0
2020-07-15 16:00:00,0.775,142.487,3.587,29.958,BR49,16,2,0
2020-07-15 17:00:00,2.109,237.957,9.303999999999998,50.047,BR49,17,2,0
2020-07-15 18:00:00,0.974,191.5465,4.750500000000001,40.004000000000005,BR49,18,2,0
2020-07-15 19:00:00,0.858,238.31,4.0375,49.965,BR49,19,2,0
2020-07-15 20:00:00,1.512,229.573,6.851000000000001,49.932,BR49,20,2,0
2020-07-15 21:00:00,0.893,232.822,4.2425,50.015,BR49,21,2,0
2020-07-15 22:00:00,0.778,227.9705,3.6019999999999994,50.015,BR49,22,2,0
2020-07-15 23:00:00,1.911,227.139,8.5515,50.0225,BR49,23,2,0
2020-07-16 00:00:00,1.752,227.1945,7.842,49.982,BR49,0,3,0
2020-07-16 01:00:00,1.724,232.027,7.567,49.9915,BR49,1,3,0
2020-07-16 02:00:00,0.912,225.576,3.992,47.517,BR49,2,3,0
2020-07-16 03:00:00,0.6920000000000001,240.5525,3.0580000000000003,50.0345,BR49,3,3,0
2020-07-16 04:00:00,0.652,244.742,2.7345,49.9735,BR49,4,3,0
2020-07-16 05:00:00,1.778,243.6245,7.481,49.989,BR49,5,3,0
2020-07-16 06:00:00,1.847,246.8075,7.7515,49.983,BR49,6,3,0
2020-07-16 07:00:00,1.05,247.032,4.3005,50.0105,BR49,7,3,0
2020-07-16 08:00:00,1.536,245.821,6.3775,50.0215,BR49,8,3,0
2020-07-16 09:00:00,0.659,243.62600000000003,2.788,49.959500000000006,BR49,9,3,0
2020-07-16 10:00:00,0.775,242.8785,3.516,49.953,BR49,10,3,0
2020-07-16 11:00:00,0.403,239.6675,1.799,50.037,BR49,11,3,0
2020-07-16 12:00:00,0.525,239.0585,2.272,50.0165,BR49,12,3,0
2020-07-16 13:00:00,0.52,240.841,2.2275,50.033,BR49,13,3,0
2020-07-16 14:00:00,0.679,239.9765,2.8735,49.9635,BR49,14,3,0
2020-07-16 15:00:00,1.557,237.90500000000003,6.655500000000001,50.026,BR49,15,3,0
2020-07-16 16:00:00,1.293,236.6905,5.54,49.9675,BR49,16,3,0
2020-07-16 17:00:00,0.631,239.85100000000003,2.713,49.9495,BR49,17,3,0
2020-07-16 18:00:00,1.438,239.779,6.7935,49.982,BR49,18,3,0
2020-07-16 19:00:00,0.876,237.556,3.862,49.8885,BR49,19,3,0
2020-07-16 20:00:00,1.56,230.123,6.877,49.967,BR49,20,3,0
2020-07-16 21:00:00,1.944,226.216,8.659,49.9725,BR49,21,3,0
2020-07-16 22:00:00,1.506,226.441,6.7545,49.972,BR49,22,3,0
2020-07-16 23:00:00,2.27,226.163,10.1365,49.98,BR49,23,3,0
2020-07-17 00:00:00,2.137,229.88,9.426,49.978,BR49,0,4,0
2020-07-17 01:00:00,2.289,231.2835,10.0345,49.934,BR49,1,4,0
2020-07-17 02:00:00,1.88,235.4775,8.154,49.978,BR49,2,4,0
2020-07-17 03:00:00,2.811,236.742,11.994,50.007,BR49,3,4,0
2020-07-17 04:00:00,1.643,241.5835,7.0085,49.9865,BR49,4,4,0
2020-07-17 05:00:00,1.613,246.137,6.808,50.015,BR49,5,4,0
2020-07-17 06:00:00,1.559,246.8535,6.583,50.006,BR49,6,4,0
2020-07-17 07:00:00,1.714,247.082,7.173,49.994,BR49,7,4,0
2020-07-17 08:00:00,1.626,247.698,6.991,49.975,BR49,8,4,0
2020-07-17 09:00:00,0.556,245.8625,2.456,50.006,BR49,9,4,0
2020-07-17 10:00:00,0.428,239.868,1.8515,50.015,BR49,10,4,0
2020-07-17 11:00:00,0.451,239.491,1.9635,50.007,BR49,11,4,0
2020-07-17 12:00:00,0.443,236.4285,1.9375,50.031,BR49,12,4,0
2020-07-17 13:00:00,0.554,236.927,2.389,50.0265,BR49,13,4,0
2020-07-17 14:00:00,0.514,238.0875,2.277,49.9905,BR49,14,4,0
2020-07-17 15:00:00,0.6880000000000001,239.5725,3.0115000000000003,49.9975,BR49,15,4,0
2020-07-17 16:00:00,1.429,221.961,6.2295,47.556,BR49,16,4,0
2020-07-17 17:00:00,0.0,0.0,0.0,0.0,BR49,17,4,0
2020-07-17 18:00:00,0.288,131.849,1.6485,27.5045,BR49,18,4,0
2020-07-17 19:00:00,1.688,232.7415,7.6945,49.951,BR49,19,4,0
2020-07-17 20:00:00,1.705,227.0375,7.836499999999999,49.9215,BR49,20,4,0
2020-07-17 21:00:00,2.024,224.323,9.4985,49.9115,BR49,21,4,0
2020-07-17 22:00:00,2.372,220.694,10.943,49.971,BR49,22,4,0
2020-07-17 23:00:00,2.281,221.2585,10.5125,50.0005,BR49,23,4,0
2020-07-18 00:00:00,2.1420000000000003,222.5055,9.801,49.971,BR49,0,5,1
2020-07-18 01:00:00,2.401,222.003,11.8,49.9825,BR49,1,5,1
2020-07-18 02:00:00,2.573,217.1705,11.4615,47.4825,BR49,2,5,1
2020-07-18 03:00:00,2.873,230.9085,12.57,49.941,BR49,3,5,1
2020-07-18 04:00:00,1.762,235.0915,7.794,49.9645,BR49,4,5,1
2020-07-18 05:00:00,1.616,216.44700000000003,7.011,44.965500000000006,BR49,5,5,1
2020-07-18 06:00:00,1.831,246.1295,7.7425,49.9975,BR49,6,5,1
2020-07-18 07:00:00,1.879,246.575,7.909000000000001,50.021,BR49,7,5,1
2020-07-18 08:00:00,1.907,246.233,8.308,50.0075,BR49,8,5,1
2020-07-18 09:00:00,0.522,250.12150000000003,2.291,50.0395,BR49,9,5,1
2020-07-18 10:00:00,0.59,222.984,2.514,45.0035,BR49,10,5,1
2020-07-18 11:00:00,1.266,219.758,5.564,44.994,BR49,11,5,1
2020-07-18 12:00:00,0.637,201.0535,2.906,39.963,BR49,12,5,1
2020-07-18 13:00:00,0.451,252.08,2.1710000000000003,49.9555,BR49,13,5,1
2020-07-18 14:00:00,0.571,243.4665,2.5415,49.94,BR49,14,5,1
2020-07-18 15:00:00,0.516,244.399,2.334,49.9665,BR49,15,5,1
2020-07-18 16:00:00,0.545,241.444,2.474,50.0095,BR49,16,5,1
2020-07-18 17:00:00,0.843,244.741,3.6965,50.0345,BR49,17,5,1
2020-07-18 18:00:00,1.291,244.665,5.9865,49.9895,BR49,18,5,1
2020-07-18 19:00:00,1.693,238.3365,7.2455,49.9,BR49,19,5,1
2020-07-18 20:00:00,0.7020000000000001,236.0005,3.2355000000000005,49.9775,BR49,20,5,1
2020-07-18 21:00:00,0.752,234.8595,3.3975,49.9655,BR49,21,5,1
2020-07-18 22:00:00,0.534,233.3235,2.4965,49.981,BR49,22,5,1
2020-07-18 23:00:00,1.859,230.811,8.1635,49.975,BR49,23,5,1
2020-07-19 00:00:00,1.67,232.6875,7.3245,49.9825,BR49,0,6,1
2020-07-19 01:00:00,1.518,234.1945,6.6685,49.9895,BR49,1,6,1
2020-07-19 02:00:00,1.501,237.511,6.517,49.989,BR49,2,6,1
2020-07-19 03:00:00,1.088,242.006,4.6805,49.9995,BR49,3,6,1
2020-07-19 04:00:00,0.365,248.261,1.557,50.037,BR49,4,6,1
2020-07-19 05:00:00,0.403,250.70300000000003,1.7585000000000002,49.9915,BR49,5,6,1
2020-07-19 06:00:00,0.455,253.7925,1.867,50.0465,BR49,6,6,1
2020-07-19 07:00:00,0.436,254.6515,1.779,50.0065,BR49,7,6,1
2020-07-19 08:00:00,0.416,255.915,1.6985,50.0425,BR49,8,6,1
2020-07-19 09:00:00,0.496,254.1445,2.0235,50.0545,BR49,9,6,1
2020-07-19 10:00:00,0.756,252.052,3.2475,50.023,BR49,10,6,1
2020-07-19 11:00:00,0.409,251.114,1.7455000000000005,50.0065,BR49,11,6,1
2020-07-19 12:00:00,0.451,249.9095,1.9175,50.012,BR49,12,6,1
2020-07-19 13:00:00,0.527,247.6525,2.228,50.0615,BR49,13,6,1
2020-07-19 14:00:00,0.619,242.6505,2.6485,50.045,BR49,14,6,1
2020-07-19 15:00:00,0.513,244.84250000000003,2.2095,50.0545,BR49,15,6,1
2020-07-19 16:00:00,0.541,242.3205,2.3345,50.0265,BR49,16,6,1
2020-07-19 17:00:00,0.569,245.395,2.399,50.022000000000006,BR49,17,6,1
2020-07-19 18:00:00,0.935,247.1475,4.272,50.016000000000005,BR49,18,6,1
2020-07-19 19:00:00,0.437,241.619,2.228,49.985,BR49,19,6,1
2020-07-19 20:00:00,0.578,235.777,2.7485,49.989,BR49,20,6,1
2020-07-19 21:00:00,1.306,234.491,5.6955,50.03,BR49,21,6,1
2020-07-19 22:00:00,0.493,235.062,2.2705,50.0415,BR49,22,6,1
2020-07-19 23:00:00,2.26,232.074,9.842,50.0145,BR49,23,6,1
2020-07-20 00:00:00,1.614,235.3545,6.995,50.036,BR49,0,0,0
2020-07-20 01:00:00,1.617,236.9945,6.980500000000001,50.0015,BR49,1,0,0
2020-07-20 02:00:00,2.151,238.1025,9.2005,50.003,BR49,2,0,0
2020-07-20 03:00:00,1.671,241.517,7.101000000000001,49.9855,BR49,3,0,0
2020-07-20 04:00:00,1.596,244.5355,6.754,50.0255,BR49,4,0,0
2020-07-20 05:00:00,0.471,249.10700000000003,1.9475,50.0195,BR49,5,0,0
2020-07-20 06:00:00,0.619,251.6235,2.586,50.007,BR49,6,0,0
2020-07-20 07:00:00,0.475,251.273,1.9585,50.006,BR49,7,0,0
2020-07-20 08:00:00,0.485,250.846,2.0105,49.9675,BR49,8,0,0
2020-07-20 09:00:00,0.979,245.995,4.4955,50.0055,BR49,9,0,0
2020-07-20 10:00:00,0.805,238.269,3.7195,47.5085,BR49,10,0,0
2020-07-20 11:00:00,0.382,253.796,1.6184999999999998,50.0415,BR49,11,0,0
2020-07-20 12:00:00,0.269,162.63799999999998,1.4245,32.541,BR49,12,0,0
2020-07-20 13:00:00,0.517,245.458,2.3565,50.066500000000005,BR49,13,0,0
2020-07-20 14:00:00,0.543,226.379,2.681,47.477,BR49,14,0,0
2020-07-20 15:00:00,0.617,240.502,2.923,49.9325,BR49,15,0,0
2020-07-20 16:00:00,0.5680000000000001,240.898,2.576,49.9215,BR49,16,0,0
2020-07-20 17:00:00,0.5730000000000001,244.191,2.4565,49.9645,BR49,17,0,0
2020-07-20 18:00:00,0.61,243.5995,2.6935,49.9785,BR49,18,0,0
2020-07-20 19:00:00,0.446,216.408,2.191,45.025,BR49,19,0,0
2020-07-20 20:00:00,1.257,235.103,5.6125,50.0705,BR49,20,0,0
2020-07-20 21:00:00,1.021,212.7585,4.5215000000000005,45.06,BR49,21,0,0
2020-07-20 22:00:00,0.902,150.6045,4.2155000000000005,32.514,BR49,22,0,0
2020-07-20 23:00:00,2.028,233.8035,9.0365,50.028000000000006,BR49,23,0,0
2020-07-21 00:00:00,1.614,237.8885,7.0295000000000005,50.037,BR49,0,1,0
2020-07-21 01:00:00,1.57,240.6555,6.7985,50.033,BR49,1,1,0
2020-07-21 02:00:00,1.532,245.14,6.536499999999999,50.004000000000005,BR49,2,1,0
2020-07-21 03:00:00,1.412,248.032,6.034000000000001,49.994,BR49,3,1,0
2020-07-21 04:00:00,1.327,250.783,5.615,49.997,BR49,4,1,0
2020-07-21 05:00:00,0.8979999999999999,256.279,3.777,50.0235,BR49,5,1,0
2020-07-21 06:00:00,0.347,254.687,1.4475,49.963,BR49,6,1,0
2020-07-21 07:00:00,0.565,253.238,2.472,49.984,BR49,7,1,0
2020-07-21 08:00:00,0.393,252.1395,1.761,49.99,BR49,8,1,0
2020-07-21 09:00:00,0.44,209.6075,2.2605,42.5495,BR49,9,1,0
2020-07-21 10:00:00,0.523,245.007,2.3565,50.0175,BR49,10,1,0
2020-07-21 11:00:00,0.58,242.8085,2.5095,49.97,BR49,11,1,0
2020-07-21 12:00:00,0.511,241.855,2.23,50.004000000000005,BR49,12,1,0
2020-07-21 13:00:00,1.594,241.286,6.761,50.079,BR49,13,1,0
2020-07-21 14:00:00,0.94,155.094,4.2115,32.5095,BR49,14,1,0
2020-07-21 15:00:00,0.583,213.865,3.053,45.0135,BR49,15,1,0
2020-07-21 16:00:00,0.652,241.461,3.0025,49.95,BR49,16,1,0
2020-07-21 17:00:00,0.409,237.9735,1.86,47.4715,BR49,17,1,0
2020-07-21 18:00:00,0.0,0.0,0.0,0.0,BR49,18,1,0
2020-07-21 19:00:00,0.503,196.96,2.4935,39.9255,BR49,19,1,0
2020-07-21 20:00:00,0.651,245.179,3.186,50.012,BR49,20,1,0
2020-07-21 21:00:00,0.627,245.052,2.9315,49.955,BR49,21,1,0
2020-07-21 22:00:00,0.7090000000000001,243.912,3.2345,49.971,BR49,22,1,0
2020-07-21 23:00:00,0.896,243.685,4.2565,50.013,BR49,23,1,0
2020-07-22 00:00:00,0.551,244.5765,2.465,50.0165,BR49,0,2,0
2020-07-22 01:00:00,0.464,247.669,2.022,49.9845,BR49,1,2,0
2020-07-22 02:00:00,0.373,249.2095,1.5865,49.977,BR49,2,2,0
2020-07-22 03:00:00,0.38,251.8765,1.594,49.989,BR49,3,2,0
2020-07-22 04:00:00,0.375,252.9765,1.5705,50.016000000000005,BR49,4,2,0
2020-07-22 05:00:00,0.382,253.8695,1.5865,49.98,BR49,5,2,0
2020-07-22 06:00:00,0.383,254.9535,1.576,49.964,BR49,6,2,0
2020-07-22 07:00:00,0.419,255.8805,1.7065,49.9955,BR49,7,2,0
2020-07-22 08:00:00,0.39,254.66350000000003,1.7135000000000002,49.9875,BR49,8,2,0
2020-07-22 09:00:00,0.294,250.458,1.335,49.97,BR49,9,2,0
2020-07-22 10:00:00,0.621,248.2215,2.8695,50.011,BR49,10,2,0
2020-07-22 11:00:00,0.555,242.969,2.4545000000000003,50.0325,BR49,11,2,0
2020-07-22 12:00:00,0.38,240.183,1.693,50.021,BR49,12,2,0
2020-07-22 13:00:00,0.332,242.1315,1.595,50.022000000000006,BR49,13,2,0
2020-07-22 14:00:00,0.416,231.7425,1.9725,47.504000000000005,BR49,14,2,0
2020-07-22 15:00:00,0.502,246.735,2.271,50.0045,BR49,15,2,0
2020-07-22 16:00:00,0.918,244.2805,3.881,50.003,BR49,16,2,0
2020-07-22 17:00:00,0.473,246.258,1.998,50.006,BR49,17,2,0
2020-07-22 18:00:00,0.359,232.889,1.7285,47.4715,BR49,18,2,0
2020-07-22 19:00:00,0.604,241.1675,2.64,49.966,BR49,19,2,0
2020-07-22 20:00:00,1.87,235.196,8.3295,49.9875,BR49,20,2,0
2020-07-22 21:00:00,0.504,229.566,2.5460000000000003,47.5245,BR49,21,2,0
2020-07-22 22:00:00,0.685,240.5885,3.023,50.0325,BR49,22,2,0
2020-07-22 23:00:00,0.438,242.21150000000003,2.0775,50.031,BR49,23,2,0
2020-07-23 00:00:00,0.446,245.3065,1.9055,50.045,BR49,0,3,0
2020-07-23 01:00:00,1.033,246.2515,4.4145,50.012,BR49,1,3,0
2020-07-23 02:00:00,0.662,248.598,2.807,50.0035,BR49,2,3,0
2020-07-23 03:00:00,0.365,251.8755,1.5215,50.0095,BR49,3,3,0
2020-07-23 04:00:00,0.325,253.9475,1.3415,50.0105,BR49,4,3,0
2020-07-23 05:00:00,0.431,241.0775,2.0665,47.484,BR49,5,3,0
2020-07-23 06:00:00,0.388,255.287,1.6294999999999995,50.022000000000006,BR49,6,3,0
2020-07-23 07:00:00,0.386,255.6755,1.6115000000000002,50.0285,BR49,7,3,0
2020-07-23 08:00:00,0.331,253.61550000000005,1.4285,49.971,BR49,8,3,0
2020-07-23 09:00:00,0.418,249.0285,1.882,49.927,BR49,9,3,0
2020-07-23 10:00:00,0.528,232.5125,2.3915,47.483,BR49,10,3,0
2020-07-23 11:00:00,0.0,0.0,0.0,0.0,BR49,11,3,0
2020-07-23 12:00:00,0.0,0.0,0.0,0.0,BR49,12,3,0
2020-07-23 13:00:00,0.095,61.5875,0.5835,12.5075,BR49,13,3,0
2020-07-23 14:00:00,0.63,216.75,3.2350000000000003,44.9895,BR49,14,3,0
2020-07-23 15:00:00,0.882,241.7995,4.051,50.011,BR49,15,3,0
2020-07-23 16:00:00,1.982,242.23200000000003,8.532,50.0155,BR49,16,3,0
2020-07-23 17:00:00,0.922,244.452,4.2490000000000006,49.994,BR49,17,3,0
2020-07-23 18:00:00,0.774,245.2895,3.591,49.9845,BR49,18,3,0
2020-07-23 19:00:00,0.747,240.648,3.5075000000000003,49.991,BR49,19,3,0
2020-07-23 20:00:00,0.991,237.1335,4.509,50.001,BR49,20,3,0
2020-07-23 21:00:00,0.6990000000000001,235.864,3.2745,49.94,BR49,21,3,0
2020-07-23 22:00:00,0.556,236.0425,2.629,49.994,BR49,22,3,0
2020-07-23 23:00:00,1.245,235.847,5.492,50.012,BR49,23,3,0
2020-07-24 00:00:00,1.555,238.3045,6.6755,50.006,BR49,0,4,0
2020-07-24 01:00:00,1.54,241.6435,6.5485,49.9975,BR49,1,4,0
2020-07-24 02:00:00,1.572,242.3855,6.666500000000001,50.0125,BR49,2,4,0
2020-07-24 03:00:00,1.427,245.897,6.0215000000000005,50.0165,BR49,3,4,0
2020-07-24 04:00:00,0.424,250.353,1.767,49.994,BR49,4,4,0
2020-07-24 05:00:00,0.431,251.422,1.768,49.965,BR49,5,4,0
2020-07-24 06:00:00,0.438,253.575,1.777,49.972,BR49,6,4,0
2020-07-24 07:00:00,0.446,256.207,2.028,50.0145,BR49,7,4,0
2020-07-24 08:00:00,0.443,253.189,1.8475,49.987,BR49,8,4,0
2020-07-24 09:00:00,0.743,247.595,3.2635,50.0195,BR49,9,4,0
2020-07-24 10:00:00,0.166,132.805,0.769,27.521,BR49,10,4,0
2020-07-24 11:00:00,0.128,59.75600000000001,0.669,12.513,BR49,11,4,0
2020-07-24 12:00:00,0.614,238.176,3.16,50.02,BR49,12,4,0
2020-07-24 13:00:00,0.66,248.4255,2.989,50.081,BR49,13,4,0
2020-07-24 14:00:00,0.632,223.763,2.9385000000000003,44.999,BR49,14,4,0
2020-07-24 15:00:00,0.774,250.055,3.2725,50.0015,BR49,15,4,0
2020-07-24 16:00:00,0.367,125.3325,1.5559999999999998,24.9845,BR49,16,4,0
2020-07-24 17:00:00,0.544,249.436,2.563,49.995,BR49,17,4,0
2020-07-24 18:00:00,0.621,251.2,2.701,49.976,BR49,18,4,0
2020-07-24 19:00:00,0.368,157.331,1.8375,32.505,BR49,19,4,0
2020-07-24 20:00:00,0.594,226.294,3.095,47.5075,BR49,20,4,0
2020-07-24 21:00:00,0.588,239.402,2.851,50.0065,BR49,21,4,0
2020-07-24 22:00:00,0.982,237.9175,4.729,49.991,BR49,22,4,0
2020-07-24 23:00:00,0.886,239.031,3.939,50.0235,BR49,23,4,0
2020-07-25 00:00:00,1.172,240.35700000000003,5.0280000000000005,50.0135,BR49,0,5,1
2020-07-25 01:00:00,1.352,241.404,5.7675,50.019,BR49,1,5,1
2020-07-25 02:00:00,1.491,245.123,6.332,50.0015,BR49,2,5,1
2020-07-25 03:00:00,1.3259999999999998,246.1235,5.639,49.9575,BR49,3,5,1
2020-07-25 04:00:00,0.369,251.2685,1.524,49.969,BR49,4,5,1
2020-07-25 05:00:00,0.379,253.349,1.5765,49.967,BR49,5,5,1
2020-07-25 06:00:00,0.423,256.7125,1.7905000000000002,50.0235,BR49,6,5,1
2020-07-25 07:00:00,0.472,259.0665,1.9085,50.007,BR49,7,5,1
2020-07-25 08:00:00,0.386,258.487,1.568,49.9865,BR49,8,5,1
2020-07-25 09:00:00,0.389,257.385,1.609,50.0095,BR49,9,5,1
2020-07-25 10:00:00,0.643,254.5745,2.7605,50.001,BR49,10,5,1
2020-07-25 11:00:00,0.405,252.5995,1.7075,50.0145,BR49,11,5,1
2020-07-25 12:00:00,0.408,238.6545,1.927,47.469,BR49,12,5,1
2020-07-25 13:00:00,0.432,254.6775,1.9505,50.0415,BR49,13,5,1
2020-07-25 14:00:00,0.4619999999999999,249.9275,1.957,49.995,BR49,14,5,1
2020-07-25 15:00:00,0.43,245.9125,1.8365,49.9425,BR49,15,5,1
2020-07-25 16:00:00,0.379,245.304,1.6735,50.001,BR49,16,5,1
2020-07-25 17:00:00,0.4669999999999999,246.5915,1.992,50.021,BR49,17,5,1
2020-07-25 18:00:00,0.5710000000000001,246.408,2.3545,49.959,BR49,18,5,1
2020-07-25 19:00:00,0.606,241.496,2.604,49.94,BR49,19,5,1
2020-07-25 20:00:00,0.58,238.74650000000003,2.526,49.977,BR49,20,5,1
2020-07-25 21:00:00,0.566,239.394,2.4575,49.9515,BR49,21,5,1
2020-07-25 22:00:00,0.501,237.687,2.227,49.9735,BR49,22,5,1
2020-07-25 23:00:00,0.736,239.0685,3.152,50.0135,BR49,23,5,1
2020-07-26 00:00:00,1.531,238.71750000000003,6.5745000000000005,49.964,BR49,0,6,1
2020-07-26 01:00:00,1.528,240.1785,6.5375,50.0,BR49,1,6,1
2020-07-26 02:00:00,1.496,246.382,6.333,50.0025,BR49,2,6,1
2020-07-26 03:00:00,0.998,250.612,4.1795,49.9745,BR49,3,6,1
2020-07-26 04:00:00,0.427,253.6565,1.763,49.947500000000005,BR49,4,6,1
2020-07-26 05:00:00,0.386,254.9065,1.5725,49.9915,BR49,5,6,1
2020-07-26 06:00:00,0.492,256.8955,2.061,50.029,BR49,6,6,1
2020-07-26 07:00:00,0.488,258.3315,2.019,50.0425,BR49,7,6,1
2020-07-26 08:00:00,0.455,257.3665,1.833,50.0505,BR49,8,6,1
2020-07-26 09:00:00,0.436,254.866,1.7965,50.0265,BR49,9,6,1
2020-07-26 10:00:00,0.316,252.47600000000003,1.3695,50.058,BR49,10,6,1
2020-07-26 11:00:00,0.221,135.799,1.202,27.5075,BR49,11,6,1
2020-07-26 12:00:00,0.452,95.246,2.387,19.974,BR49,12,6,1
2020-07-26 13:00:00,0.721,243.4855,3.5755000000000003,49.974,BR49,13,6,1
2020-07-26 14:00:00,0.621,245.1915,2.9975,50.022000000000006,BR49,14,6,1
2020-07-26 15:00:00,0.58,247.063,2.5420000000000003,50.0225,BR49,15,6,1
2020-07-26 16:00:00,0.68,242.8995,2.869,50.0445,BR49,16,6,1
2020-07-26 17:00:00,0.598,245.4145,2.5335,50.0205,BR49,17,6,1
2020-07-26 18:00:00,0.441,247.8245,1.886,49.9835,BR49,18,6,1
2020-07-26 19:00:00,0.537,241.7025,2.447,49.9145,BR49,19,6,1
2020-07-26 20:00:00,0.469,236.2905,2.1405000000000003,49.966,BR49,20,6,1
2020-07-26 21:00:00,0.463,239.85100000000003,2.086,49.9305,BR49,21,6,1
2020-07-26 22:00:00,0.499,235.512,2.2585,49.998000000000005,BR49,22,6,1
2020-07-26 23:00:00,1.59,236.7645,6.892,49.9895,BR49,23,6,1
2020-07-27 00:00:00,1.819,235.0495,7.809,49.9275,BR49,0,0,0
2020-07-27 01:00:00,2.0860000000000003,237.4585,8.878499999999999,50.013,BR49,1,0,0
2020-07-27 02:00:00,1.488,241.0335,6.4795,49.9525,BR49,2,0,0
2020-07-27 03:00:00,1.573,242.0625,6.6885,50.0105,BR49,3,0,0
2020-07-27 04:00:00,1.439,244.368,6.0855,49.96,BR49,4,0,0
2020-07-27 05:00:00,0.401,249.6195,1.648,49.9705,BR49,5,0,0
2020-07-27 06:00:00,0.879,251.90500000000003,3.628,49.9135,BR49,6,0,0
2020-07-27 07:00:00,0.507,253.205,2.052,49.935500000000005,BR49,7,0,0
2020-07-27 08:00:00,0.72,248.89,3.148,49.989,BR49,8,0,0
2020-07-27 09:00:00,0.983,243.7595,4.6435,50.0115,BR49,9,0,0
2020-07-27 10:00:00,0.45,240.327,1.953,49.989,BR49,10,0,0
2020-07-27 11:00:00,0.354,238.927,1.6,50.007,BR49,11,0,0
2020-07-27 12:00:00,0.583,240.64050000000003,2.731,49.98,BR49,12,0,0
2020-07-27 13:00:00,0.379,228.7305,1.7555,47.5045,BR49,13,0,0
2020-07-27 14:00:00,0.192,121.377,0.972,24.995,BR49,14,0,0
2020-07-27 15:00:00,0.372,183.0925,2.0685,37.5065,BR49,15,0,0
2020-07-27 16:00:00,1.86,236.9455,8.2195,49.996,BR49,16,0,0
2020-07-27 17:00:00,1.257,241.9545,5.5545,50.033,BR49,17,0,0
2020-07-27 18:00:00,0.742,245.509,3.225,50.042,BR49,18,0,0
2020-07-27 19:00:00,1.282,237.8765,5.489,49.9925,BR49,19,0,0
2020-07-27 20:00:00,0.8230000000000001,232.1235,3.7515,49.953500000000005,BR49,20,0,0
2020-07-27 21:00:00,0.531,230.478,2.3565,49.9615,BR49,21,0,0
2020-07-27 22:00:00,1.169,228.18850000000003,5.3735,49.9925,BR49,22,0,0
2020-07-27 23:00:00,2.141,228.4825,9.5075,49.9365,BR49,23,0,0
2020-07-28 00:00:00,1.44,234.3895,6.288,49.955,BR49,0,1,0
2020-07-28 01:00:00,1.518,237.609,6.5575,50.0055,BR49,1,1,0
2020-07-28 02:00:00,1.497,237.1505,6.486,50.010000000000005,BR49,2,1,0
2020-07-28 03:00:00,1.204,240.4765,5.15,49.993,BR49,3,1,0
2020-07-28 04:00:00,1.521,243.86550000000005,6.4670000000000005,49.9765,BR49,4,1,0
2020-07-28 05:00:00,1.502,246.836,6.369999999999999,49.945,BR49,5,1,0
2020-07-28 06:00:00,1.566,250.5745,6.601000000000001,49.9335,BR49,6,1,0
2020-07-28 07:00:00,0.772,252.164,3.196,49.938,BR49,7,1,0
2020-07-28 08:00:00,0.615,253.179,2.8115,49.964,BR49,8,1,0
2020-07-28 09:00:00,0.473,247.3155,2.2275,49.935500000000005,BR49,9,1,0
2020-07-28 10:00:00,0.491,245.2365,2.07,49.975,BR49,10,1,0
2020-07-28 11:00:00,0.419,230.9005,2.273,47.4945,BR49,11,1,0
2020-07-28 12:00:00,0.711,240.1345,3.2350000000000003,49.99,BR49,12,1,0
2020-07-28 13:00:00,0.397,241.646,1.7195,50.027,BR49,13,1,0
2020-07-28 14:00:00,0.586,238.027,2.515,49.989,BR49,14,1,0
2020-07-28 15:00:00,0.8190000000000001,240.3265,3.4425,50.0205,BR49,15,1,0
2020-07-28 16:00:00,1.341,242.5355,5.5625,50.015,BR49,16,1,0
2020-07-28 17:00:00,1.562,230.671,6.7355,47.5115,BR49,17,1,0
2020-07-28 18:00:00,0.57,135.2545,2.506,27.425,BR49,18,1,0
2020-07-28 19:00:00,0.0,0.0,0.0,0.0,BR49,19,1,0
2020-07-28 20:00:00,0.376,144.4155,1.9635,29.986,BR49,20,1,0
2020-07-28 21:00:00,0.594,216.874,3.1435000000000004,44.9665,BR49,21,1,0
2020-07-28 22:00:00,1.784,240.012,7.747,50.0145,BR49,22,1,0
2020-07-28 23:00:00,0.957,242.506,4.4565,50.0365,BR49,23,1,0
2020-07-29 00:00:00,1.681,242.0295,7.459999999999999,50.0255,BR49,0,2,0
2020-07-29 01:00:00,1.606,247.188,7.037000000000001,50.0055,BR49,1,2,0
2020-07-29 02:00:00,1.299,252.915,5.5555,50.0345,BR49,2,2,0
2020-07-29 03:00:00,1.093,255.1485,4.6975,50.026,BR49,3,2,0
2020-07-29 04:00:00,1.637,254.997,6.8835,49.986,BR49,4,2,0
2020-07-29 05:00:00,1.469,257.3505,6.1005,49.971500000000006,BR49,5,2,0
2020-07-29 06:00:00,0.652,259.17150000000004,2.7065,50.011,BR49,6,2,0
2020-07-29 07:00:00,0.447,258.6625,1.7884999999999998,50.0115,BR49,7,2,0
2020-07-29 08:00:00,0.258,141.7855,1.355,27.4675,BR49,8,2,0
2020-07-29 09:00:00,0.418,257.831,2.013,50.0425,BR49,9,2,0
2020-07-29 10:00:00,0.031,47.8705,0.3259999999999999,9.948,BR49,10,2,0
2020-07-29 11:00:00,0.262,73.108,1.389,15.006,BR49,11,2,0
2020-07-29 12:00:00,0.448,245.37600000000003,2.346,49.9745,BR49,12,2,0
2020-07-29 13:00:00,0.43,247.6245,2.1885,50.006,BR49,13,2,0
2020-07-29 14:00:00,0.472,238.1855,2.392,47.4875,BR49,14,2,0
2020-07-29 15:00:00,0.363,251.238,1.6925,49.9775,BR49,15,2,0
2020-07-29 16:00:00,0.587,249.2985,2.429,50.0315,BR49,16,2,0
2020-07-29 17:00:00,0.597,250.0905,2.4625,49.997,BR49,17,2,0
2020-07-29 18:00:00,0.387,248.5185,1.6565,49.9525,BR49,18,2,0
2020-07-29 19:00:00,0.303,244.99650000000003,1.4345,50.021,BR49,19,2,0
2020-07-29 20:00:00,0.439,244.318,2.072,50.0505,BR49,20,2,0
2020-07-29 21:00:00,0.67,243.959,3.0715,49.988,BR49,21,2,0
2020-07-29 22:00:00,0.486,243.53000000000003,2.3585000000000003,50.010000000000005,BR49,22,2,0
2020-07-29 23:00:00,0.526,242.4645,2.278,49.985,BR49,23,2,0
2020-07-30 00:00:00,1.335,242.904,5.6905,49.982,BR49,0,3,0
2020-07-30 01:00:00,1.342,244.1825,5.681,50.010000000000005,BR49,1,3,0
2020-07-30 02:00:00,0.708,249.342,3.0035,50.013,BR49,2,3,0
2020-07-30 03:00:00,0.822,251.301,3.4810000000000003,49.9995,BR49,3,3,0
2020-07-30 04:00:00,1.492,251.34250000000003,6.289,50.014,BR49,4,3,0
2020-07-30 05:00:00,0.629,254.8735,2.725,50.024,BR49,5,3,0
2020-07-30 06:00:00,0.3429999999999999,256.1935,1.396,49.99,BR49,6,3,0
2020-07-30 07:00:00,0.389,256.9945,1.563,50.0425,BR49,7,3,0
2020-07-30 08:00:00,0.303,256.5245,1.253,50.0185,BR49,8,3,0
2020-07-30 09:00:00,0.323,252.64,1.3575,49.959500000000006,BR49,9,3,0
2020-07-30 10:00:00,0.318,249.9775,1.3835000000000002,50.0235,BR49,10,3,0
2020-07-30 11:00:00,0.351,248.6735,1.575,50.0755,BR49,11,3,0
2020-07-30 12:00:00,0.331,252.0895,1.442,50.0635,BR49,12,3,0
2020-07-30 13:00:00,0.578,254.217,2.5495,50.023,BR49,13,3,0
2020-07-30 14:00:00,0.305,252.327,1.367,49.947,BR49,14,3,0
2020-07-30 15:00:00,0.292,253.131,1.224,49.944,BR49,15,3,0
2020-07-30 16:00:00,0.291,214.4285,1.488,42.4955,BR49,16,3,0
2020-07-30 17:00:00,0.401,249.1025,2.114,49.972,BR49,17,3,0
2020-07-30 18:00:00,0.296,248.6065,1.4115,50.024,BR49,18,3,0
2020-07-30 19:00:00,0.365,246.9785,1.6225,49.912,BR49,19,3,0
2020-07-30 20:00:00,0.316,246.9865,1.418,50.0175,BR49,20,3,0
2020-07-30 21:00:00,0.392,246.0815,1.7105,50.0165,BR49,21,3,0
2020-07-30 22:00:00,0.323,207.628,1.5735,42.453500000000005,BR49,22,3,0
2020-07-30 23:00:00,1.028,246.313,4.439500000000001,50.029,BR49,23,3,0
2020-07-31 00:00:00,1.41,248.572,5.989,50.0085,BR49,0,4,0
2020-07-31 01:00:00,1.342,251.436,5.683,49.9925,BR49,1,4,0
2020-07-31 02:00:00,1.384,251.889,5.863,49.9965,BR49,2,4,0
2020-07-31 03:00:00,1.113,254.3615,4.729,49.9535,BR49,3,4,0
2020-07-31 04:00:00,0.6970000000000001,257.22950000000003,2.898,49.9635,BR49,4,4,0
2020-07-31 05:00:00,0.314,142.825,1.3485,27.467,BR49,5,4,0
2020-07-31 06:00:00,1.029,206.8895,4.7245,39.934,BR49,6,4,0
2020-07-31 07:00:00,0.832,259.7535,3.7265,49.982,BR49,7,4,0
2020-07-31 08:00:00,0.23,246.2975,1.079,47.491,BR49,8,4,0
2020-07-31 09:00:00,0.487,251.5385,2.3135000000000003,49.949,BR49,9,4,0
2020-07-31 10:00:00,0.435,252.048,2.0075,49.98,BR49,10,4,0
2020-07-31 11:00:00,0.184,253.392,0.8695,49.939,BR49,11,4,0
2020-07-31 12:00:00,0.308,251.0835,1.3145,49.9585,BR49,12,4,0
2020-07-31 13:00:00,0.2809999999999999,252.4145,1.2029999999999998,50.024,BR49,13,4,0
2020-07-31 14:00:00,0.258,175.4915,1.5505,34.9895,BR49,14,4,0
2020-07-31 15:00:00,0.497,249.9545,2.2030000000000003,49.976,BR49,15,4,0
2020-07-31 16:00:00,0.327,246.3295,1.465,49.9975,BR49,16,4,0
2020-07-31 17:00:00,0.477,246.336,2.0555,49.994,BR49,17,4,0
2020-07-31 18:00:00,0.214,185.248,1.0,37.502,BR49,18,4,0
2020-07-31 19:00:00,0.4639999999999999,180.21,2.471,37.472,BR49,19,4,0
2020-07-31 20:00:00,0.316,165.0135,1.7905000000000002,34.949,BR49,20,4,0
2020-07-31 21:00:00,0.618,239.22600000000003,2.8825,49.9895,BR49,21,4,0
2020-07-31 22:00:00,0.15,58.4995,0.836,12.5055,BR49,22,4,0
2020-07-31 23:00:00,0.65,233.9695,3.309,50.009,BR49,23,4,0
2020-08-01 00:00:00,0.515,236.7765,2.6165,49.956,BR49,0,5,1
2020-08-01 01:00:00,0.426,240.597,2.0955,50.0085,BR49,1,5,1
2020-08-01 02:00:00,0.424,244.969,1.9395,50.005,BR49,2,5,1
2020-08-01 03:00:00,0.349,249.17,1.499,50.0205,BR49,3,5,1
2020-08-01 04:00:00,0.282,248.345,1.2505000000000002,50.0055,BR49,4,5,1
2020-08-01 05:00:00,0.2769999999999999,249.1605,1.1705,49.9865,BR49,5,5,1
2020-08-01 06:00:00,0.302,250.93,1.265,50.0195,BR49,6,5,1
2020-08-01 07:00:00,0.307,250.45,1.288,50.007,BR49,7,5,1
2020-08-01 08:00:00,0.293,248.404,1.293,50.002,BR49,8,5,1
2020-08-01 09:00:00,0.495,246.418,2.316,50.0295,BR49,9,5,1
2020-08-01 10:00:00,0.191,197.2475,1.059,39.9405,BR49,10,5,1
2020-08-01 11:00:00,0.311,245.07,1.3775,50.027,BR49,11,5,1
2020-08-01 12:00:00,0.295,244.2665,1.301,50.019,BR49,12,5,1
2020-08-01 13:00:00,0.4,243.165,1.729,50.0145,BR49,13,5,1
2020-08-01 14:00:00,0.325,243.2385,1.446,49.9895,BR49,14,5,1
2020-08-01 15:00:00,0.417,219.8035,1.8255,44.998000000000005,BR49,15,5,1
2020-08-01 16:00:00,0.273,148.304,1.406,30.012,BR49,16,5,1
2020-08-01 17:00:00,0.516,250.211,2.366,49.979,BR49,17,5,1
2020-08-01 18:00:00,0.453,252.2255,1.9865,49.9145,BR49,18,5,1
2020-08-01 19:00:00,0.358,243.702,1.609,49.98,BR49,19,5,1
2020-08-01 20:00:00,0.29,228.3575,1.381,47.471,BR49,20,5,1
2020-08-01 21:00:00,0.514,237.918,2.2585,50.026,BR49,21,5,1
2020-08-01 22:00:00,0.945,233.844,4.2075000000000005,49.9535,BR49,22,5,1
2020-08-01 23:00:00,1.26,235.8985,5.455,49.993,BR49,23,5,1
2020-08-02 00:00:00,1.349,237.594,5.843500000000001,49.993,BR49,0,6,1
2020-08-02 01:00:00,1.48,240.6685,6.339,49.9935,BR49,1,6,1
2020-08-02 02:00:00,1.543,242.775,6.545,50.0185,BR49,2,6,1
2020-08-02 03:00:00,1.447,246.313,6.0945,49.984,BR49,3,6,1
2020-08-02 04:00:00,1.09,248.0365,4.5840000000000005,50.008,BR49,4,6,1
2020-08-02 05:00:00,1.102,250.0075,4.625500000000001,50.018,BR49,5,6,1
2020-08-02 06:00:00,1.185,252.069,4.974,50.0415,BR49,6,6,1
2020-08-02 07:00:00,1.307,251.3835,5.571,50.0645,BR49,7,6,1
2020-08-02 08:00:00,0.33,251.8505,1.388,50.0235,BR49,8,6,1
2020-08-02 09:00:00,0.847,251.243,3.5795000000000003,50.063,BR49,9,6,1
2020-08-02 10:00:00,0.267,250.089,1.1445,50.057,BR49,10,6,1
2020-08-02 11:00:00,0.3369999999999999,252.6915,1.4,49.9325,BR49,11,6,1
2020-08-02 12:00:00,0.323,247.776,1.382,49.9525,BR49,12,6,1
2020-08-02 13:00:00,0.501,239.1175,2.2865,49.9635,BR49,13,6,1
2020-08-02 14:00:00,0.333,246.6545,1.4460000000000002,49.9465,BR49,14,6,1
2020-08-02 15:00:00,0.458,241.509,1.994,49.9725,BR49,15,6,1
2020-08-02 16:00:00,0.456,239.651,1.9905,49.9745,BR49,16,6,1
2020-08-02 17:00:00,1.212,241.164,5.1635,50.0615,BR49,17,6,1
2020-08-02 18:00:00,0.379,245.2635,1.6314999999999995,50.0265,BR49,18,6,1
2020-08-02 19:00:00,0.441,241.432,1.9095,49.988,BR49,19,6,1
2020-08-02 20:00:00,0.4,234.82800000000003,1.803,49.9685,BR49,20,6,1
2020-08-02 21:00:00,0.622,233.878,2.766,49.9505,BR49,21,6,1
2020-08-02 22:00:00,1.25,234.1355,5.4515,49.9985,BR49,22,6,1
2020-08-02 23:00:00,0.358,213.762,1.8975,44.993,BR49,23,6,1
2020-08-03 00:00:00,0.7929999999999999,240.618,3.5045,49.995,BR49,0,0,0
2020-08-03 01:00:00,1.559,241.4765,6.644500000000001,50.0045,BR49,1,0,0
2020-08-03 02:00:00,1.499,239.6265,6.432,50.009,BR49,2,0,0
2020-08-03 03:00:00,1.503,241.9115,6.4030000000000005,50.037,BR49,3,0,0
2020-08-03 04:00:00,1.502,244.141,6.372999999999999,49.951,BR49,4,0,0
2020-08-03 05:00:00,1.466,248.388,6.1915,49.959,BR49,5,0,0
2020-08-03 06:00:00,1.489,250.1045,6.264,49.9865,BR49,6,0,0
2020-08-03 07:00:00,0.591,251.2905,2.458,49.9765,BR49,7,0,0
2020-08-03 08:00:00,0.437,249.769,1.9005,50.04,BR49,8,0,0
2020-08-03 09:00:00,0.545,246.0095,2.4690000000000003,50.048,BR49,9,0,0
2020-08-03 10:00:00,0.1149999999999999,122.5845,0.5555,25.0395,BR49,10,0,0
2020-08-03 11:00:00,0.28,109.91,1.3885,22.488,BR49,11,0,0
2020-08-03 12:00:00,0.524,208.567,2.7485,42.5015,BR49,12,0,0
2020-08-03 13:00:00,0.536,207.677,2.5985,42.4925,BR49,13,0,0
2020-08-03 14:00:00,1.36,232.6805,6.182,47.5245,BR49,14,0,0
2020-08-03 15:00:00,1.421,248.949,5.919,49.979,BR49,15,0,0
2020-08-03 16:00:00,0.436,250.9125,2.033,50.0255,BR49,16,0,0
2020-08-03 17:00:00,0.432,252.9235,1.839,50.04,BR49,17,0,0
2020-08-03 18:00:00,0.399,257.868,1.614,50.005,BR49,18,0,0
2020-08-03 19:00:00,0.418,244.079,1.8009999999999995,49.994,BR49,19,0,0
2020-08-03 20:00:00,0.611,237.382,2.7025,50.0005,BR49,20,0,0
2020-08-03 21:00:00,0.653,236.56,2.857,49.9645,BR49,21,0,0
2020-08-03 22:00:00,0.456,237.2585,2.1845,49.9695,BR49,22,0,0
2020-08-03 23:00:00,0.984,237.966,4.3175,50.068,BR49,23,0,0
2020-08-04 00:00:00,1.497,238.4455,6.45,50.046,BR49,0,1,0
2020-08-04 01:00:00,1.446,240.9895,6.214499999999999,50.005,BR49,1,1,0
2020-08-04 02:00:00,1.462,242.3385,6.258,50.018,BR49,2,1,0
2020-08-04 03:00:00,1.374,244.505,5.8295,49.9965,BR49,3,1,0
2020-08-04 04:00:00,1.203,246.4585,5.116,50.0405,BR49,4,1,0
2020-08-04 05:00:00,1.334,249.667,5.6445,50.0375,BR49,5,1,0
2020-08-04 06:00:00,0.448,252.6665,1.873,50.0185,BR49,6,1,0
2020-08-04 07:00:00,0.49,250.8115,2.115,50.002,BR49,7,1,0
2020-08-04 08:00:00,0.254,248.525,1.094,49.975,BR49,8,1,0
2020-08-04 09:00:00,0.332,246.98200000000003,1.427,49.991,BR49,9,1,0
2020-08-04 10:00:00,0.286,245.8585,1.289,50.057,BR49,10,1,0
2020-08-04 11:00:00,0.351,170.201,1.718,35.0155,BR49,11,1,0
2020-08-04 12:00:00,0.425,200.651,2.2375,42.507,BR49,12,1,0
2020-08-04 13:00:00,0.489,238.7975,2.485,49.9975,BR49,13,1,0
2020-08-04 14:00:00,0.342,241.564,1.625,49.971500000000006,BR49,14,1,0
2020-08-04 15:00:00,0.369,226.0875,1.8175,47.465500000000006,BR49,15,1,0
2020-08-04 16:00:00,0.539,199.3515,2.9825,42.519,BR49,16,1,0
2020-08-04 17:00:00,0.638,238.118,3.112,50.03,BR49,17,1,0
2020-08-04 18:00:00,1.03,241.252,4.3605,50.0425,BR49,18,1,0
2020-08-04 19:00:00,0.885,237.054,3.863,50.0465,BR49,19,1,0
2020-08-04 20:00:00,0.503,235.5415,2.4115,50.0365,BR49,20,1,0
2020-08-04 21:00:00,0.637,234.924,2.8415,49.9995,BR49,21,1,0
2020-08-04 22:00:00,1.679,227.0775,7.4995,49.953,BR49,22,1,0
2020-08-04 23:00:00,2.139,225.55,9.565,49.9865,BR49,23,1,0
2020-08-05 00:00:00,2.151,228.2225,9.532,49.935500000000005,BR49,0,2,0
2020-08-05 01:00:00,1.234,234.991,5.3955,50.02,BR49,1,2,0
2020-08-05 02:00:00,0.402,236.517,1.781,50.0065,BR49,2,2,0
2020-08-05 03:00:00,0.486,239.753,2.1235,49.978,BR49,3,2,0
2020-08-05 04:00:00,1.521,238.6335,6.580500000000001,49.984,BR49,4,2,0
2020-08-05 05:00:00,1.545,243.611,6.606,49.9695,BR49,5,2,0
2020-08-05 06:00:00,1.425,247.605,6.0545,49.9665,BR49,6,2,0
2020-08-05 07:00:00,0.373,250.17,1.548,49.9665,BR49,7,2,0
2020-08-05 08:00:00,0.361,249.8505,1.5055,49.9215,BR49,8,2,0
2020-08-05 09:00:00,0.361,249.7235,1.5710000000000002,50.0075,BR49,9,2,0
2020-08-05 10:00:00,0.365,244.0845,1.6195,50.019,BR49,10,2,0
2020-08-05 11:00:00,0.53,235.5625,2.343,50.0575,BR49,11,2,0
2020-08-05 12:00:00,0.37,230.7245,1.7239999999999998,50.0545,BR49,12,2,0
2020-08-05 13:00:00,0.742,226.952,3.726,50.0375,BR49,13,2,0
2020-08-05 14:00:00,0.317,226.896,1.5745,49.9855,BR49,14,2,0
2020-08-05 15:00:00,0.435,238.01550000000003,1.9845,50.033,BR49,15,2,0
2020-08-05 16:00:00,0.442,240.293,1.9665,50.024,BR49,16,2,0
2020-08-05 17:00:00,0.551,240.9785,2.394,50.02,BR49,17,2,0
2020-08-05 18:00:00,1.413,234.98200000000003,6.342499999999999,50.028000000000006,BR49,18,2,0
2020-08-05 19:00:00,0.86,230.978,4.271,49.966,BR49,19,2,0
2020-08-05 20:00:00,1.275,202.063,5.9285,44.985,BR49,20,2,0
2020-08-05 21:00:00,0.437,226.275,2.1245000000000003,49.953,BR49,21,2,0
2020-08-05 22:00:00,1.73,219.893,8.0175,49.9145,BR49,22,2,0
2020-08-05 23:00:00,2.07,221.0835,9.513,49.984,BR49,23,2,0
2020-08-06 00:00:00,1.631,227.3405,7.3095,50.004000000000005,BR49,0,3,0
2020-08-06 01:00:00,2.564,227.204,11.3725,50.0075,BR49,1,3,0
2020-08-06 02:00:00,2.278,228.5825,10.0905,50.0105,BR49,2,3,0
2020-08-06 03:00:00,2.083,233.76,9.0915,50.0185,BR49,3,3,0
2020-08-06 04:00:00,1.516,238.43850000000003,6.586499999999999,50.0135,BR49,4,3,0
2020-08-06 05:00:00,1.476,239.0365,6.411499999999999,50.0475,BR49,5,3,0
2020-08-06 06:00:00,1.491,241.456,6.427,50.0235,BR49,6,3,0
2020-08-06 07:00:00,0.509,220.523,2.524,45.039,BR49,7,3,0
2020-08-06 08:00:00,0.437,241.7725,2.0170000000000003,50.0385,BR49,8,3,0
2020-08-06 09:00:00,0.395,240.2585,1.8705000000000005,50.005,BR49,9,3,0
2020-08-06 10:00:00,0.032,107.681,0.371,22.5065,BR49,10,3,0
2020-08-06 11:00:00,0.146,59.875,0.8240000000000001,12.5065,BR49,11,3,0
2020-08-06 12:00:00,0.733,225.208,4.197,47.510000000000005,BR49,12,3,0
2020-08-06 13:00:00,0.013,167.5715,0.2,37.5215,BR49,13,3,0
2020-08-06 14:00:00,0.0,8.891,0.0085,2.4995000000000003,BR49,14,3,0
2020-08-06 15:00:00,0.0,25.9415,0.0564999999999999,7.4895,BR49,15,3,0
2020-08-06 16:00:00,0.001,171.8475,0.0045,34.9655,BR49,16,3,0
2020-08-06 17:00:00,0.004,232.3405,0.0025,47.5085,BR49,17,3,0
2020-08-06 18:00:00,0.0,105.566,0.0515,34.995999999999995,BR49,18,3,0
2020-08-06 19:00:00,0.001,91.8675,0.0104999999999999,32.4575,BR49,19,3,0
2020-08-06 20:00:00,0.369,135.9525,2.327,29.999,BR49,20,3,0
2020-08-06 21:00:00,0.5840000000000001,233.392,3.264,49.9385,BR49,21,3,0
2020-08-06 22:00:00,0.69,229.231,3.6665,49.9965,BR49,22,3,0
2020-08-06 23:00:00,1.811,228.368,8.412,50.031,BR49,23,3,0
2020-08-07 00:00:00,2.7960000000000003,227.065,12.6225,50.002,BR49,0,4,0
2020-08-07 01:00:00,2.4330000000000003,229.481,10.979,49.9925,BR49,1,4,0
2020-08-07 02:00:00,1.322,197.333,6.173,42.474,BR49,2,4,0
2020-08-07 03:00:00,1.653,234.735,7.530499999999999,49.956,BR49,3,4,0
2020-08-07 04:00:00,1.307,202.6815,6.1,42.5215,BR49,4,4,0
2020-08-07 05:00:00,1.667,240.429,7.4445,49.992,BR49,5,4,0
2020-08-07 06:00:00,1.007,244.67800000000005,4.5955,49.924,BR49,6,4,0
2020-08-07 07:00:00,0.521,247.2265,2.4370000000000003,49.955,BR49,7,4,0
2020-08-07 08:00:00,0.454,248.824,2.129,50.0245,BR49,8,4,0
2020-08-07 09:00:00,0.494,246.4295,2.236,49.9775,BR49,9,4,0
2020-08-07 10:00:00,0.473,236.6615,2.259,49.968,BR49,10,4,0
2020-08-07 11:00:00,0.371,236.2315,1.7635,49.982,BR49,11,4,0
2020-08-07 12:00:00,0.437,239.89,1.9375,50.004000000000005,BR49,12,4,0
2020-08-07 13:00:00,0.672,239.289,3.208,50.0065,BR49,13,4,0
2020-08-07 14:00:00,0.482,239.382,2.1075,49.979,BR49,14,4,0
2020-08-07 15:00:00,1.046,235.2115,4.5565,49.9825,BR49,15,4,0
2020-08-07 16:00:00,1.724,233.10700000000003,7.511,49.874,BR49,16,4,0
2020-08-07 17:00:00,1.401,236.716,6.038,49.9545,BR49,17,4,0
2020-08-07 18:00:00,0.534,242.457,2.263,49.942,BR49,18,4,0
2020-08-07 19:00:00,0.503,236.6585,2.2265,49.8535,BR49,19,4,0
2020-08-07 20:00:00,0.511,235.6065,2.264,49.966,BR49,20,4,0
2020-08-07 21:00:00,0.595,234.43,2.601,49.9285,BR49,21,4,0
2020-08-07 22:00:00,0.478,226.87,2.193,49.975,BR49,22,4,0
2020-08-07 23:00:00,1.13,230.163,5.028499999999999,50.001,BR49,23,4,0
2020-08-08 00:00:00,1.144,227.024,5.224,50.008,BR49,0,5,1
2020-08-08 01:00:00,2.661,226.8895,11.7535,50.003,BR49,1,5,1
2020-08-08 02:00:00,1.627,229.9325,7.219499999999999,49.8895,BR49,2,5,1
2020-08-08 03:00:00,1.634,237.604,7.063,49.941,BR49,3,5,1
2020-08-08 04:00:00,1.639,240.5375,7.025,49.9305,BR49,4,5,1
2020-08-08 05:00:00,1.576,245.804,6.6975,49.987,BR49,5,5,1
2020-08-08 06:00:00,0.89,251.545,3.725,50.0275,BR49,6,5,1
2020-08-08 07:00:00,0.5,251.0125,2.1905,49.9915,BR49,7,5,1
2020-08-08 08:00:00,0.433,236.158,2.009,47.508,BR49,8,5,1
2020-08-08 09:00:00,0.762,220.041,3.5365,45.014,BR49,9,5,1
2020-08-08 10:00:00,0.511,244.644,2.341,50.039,BR49,10,5,1
2020-08-08 11:00:00,0.616,241.6585,2.774,49.962,BR49,11,5,1
2020-08-08 12:00:00,0.483,239.645,2.2905,49.944,BR49,12,5,1
2020-08-08 13:00:00,0.628,238.0525,2.8685,50.008500000000005,BR49,13,5,1
2020-08-08 14:00:00,0.716,234.7605,3.2345,49.953500000000005,BR49,14,5,1
2020-08-08 15:00:00,0.641,233.6005,2.8615000000000004,50.033,BR49,15,5,1
2020-08-08 16:00:00,0.828,229.4995,3.992,49.975,BR49,16,5,1
2020-08-08 17:00:00,0.38,143.45499999999998,1.81,30.001,BR49,17,5,1
2020-08-08 18:00:00,0.854,207.4565,3.9535,42.459500000000006,BR49,18,5,1
2020-08-08 19:00:00,1.444,240.271,6.4430000000000005,49.9315,BR49,19,5,1
2020-08-08 20:00:00,1.637,232.492,7.3055,49.968,BR49,20,5,1
2020-08-08 21:00:00,1.497,228.1325,6.7265,49.9575,BR49,21,5,1
2020-08-08 22:00:00,0.938,226.914,4.3695,49.9965,BR49,22,5,1
2020-08-08 23:00:00,2.889,224.1835,13.0345,49.938,BR49,23,5,1
2020-08-09 00:00:00,1.963,229.2865,8.7635,49.9795,BR49,0,6,1
2020-08-09 01:00:00,1.426,232.484,6.2885,49.9515,BR49,1,6,1
2020-08-09 02:00:00,1.574,234.3345,6.882,49.875,BR49,2,6,1
2020-08-09 03:00:00,1.587,238.0025,6.8635,49.991,BR49,3,6,1
2020-08-09 04:00:00,1.324,243.0225,5.651,49.99,BR49,4,6,1
2020-08-09 05:00:00,1.533,248.3785,6.463500000000001,50.009,BR49,5,6,1
2020-08-09 06:00:00,1.534,252.37600000000003,6.441,49.9955,BR49,6,6,1
2020-08-09 07:00:00,1.132,253.031,4.929,49.9765,BR49,7,6,1
2020-08-09 08:00:00,0.411,252.6435,1.733,49.961,BR49,8,6,1
2020-08-09 09:00:00,0.395,251.505,1.642,49.959500000000006,BR49,9,6,1
2020-08-09 10:00:00,0.408,247.071,1.942,50.011,BR49,10,6,1
2020-08-09 11:00:00,0.468,243.815,2.1035,50.0115,BR49,11,6,1
2020-08-09 12:00:00,0.377,242.479,1.6940000000000002,50.038,BR49,12,6,1
2020-08-09 13:00:00,1.81,241.4555,8.057500000000001,50.051,BR49,13,6,1
2020-08-09 14:00:00,1.28,243.182,5.4455,49.974,BR49,14,6,1
2020-08-09 15:00:00,0.566,251.674,2.3395,50.0265,BR49,15,6,1
2020-08-09 16:00:00,0.907,249.3435,3.767,50.0245,BR49,16,6,1
2020-08-09 17:00:00,0.52,252.367,2.1325,50.0225,BR49,17,6,1
2020-08-09 18:00:00,0.469,250.54,1.959,49.9945,BR49,18,6,1
2020-08-09 19:00:00,0.535,244.6445,2.2535,49.9575,BR49,19,6,1
2020-08-09 20:00:00,0.618,241.889,2.6245000000000003,50.006,BR49,20,6,1
2020-08-09 21:00:00,1.062,235.3195,4.637,50.0325,BR49,21,6,1
2020-08-09 22:00:00,1.298,235.3155,5.6065,50.013,BR49,22,6,1
2020-08-09 23:00:00,2.537,233.388,10.9845,50.016000000000005,BR49,23,6,1
2020-08-10 00:00:00,2.095,235.7745,9.0245,50.029,BR49,0,0,0
2020-08-10 01:00:00,1.523,237.881,6.5705,49.974,BR49,1,0,0
2020-08-10 02:00:00,1.479,240.7135,6.3335,49.957,BR49,2,0,0
2020-08-10 03:00:00,1.415,243.51,6.006,49.9445,BR49,3,0,0
2020-08-10 04:00:00,1.259,245.61,5.3205,49.9715,BR49,4,0,0
2020-08-10 05:00:00,1.294,251.5115,5.41,50.0335,BR49,5,0,0
2020-08-10 06:00:00,1.2029999999999998,254.03850000000003,5.018,50.033,BR49,6,0,0
2020-08-10 07:00:00,0.556,256.345,2.302,49.9865,BR49,7,0,0
2020-08-10 08:00:00,0.384,255.49,1.5710000000000002,49.949,BR49,8,0,0
2020-08-10 09:00:00,0.702,250.679,3.074,50.016000000000005,BR49,9,0,0
2020-08-10 10:00:00,0.539,247.51550000000003,2.2335000000000003,50.0205,BR49,10,0,0
2020-08-10 11:00:00,0.665,242.55300000000005,2.8345,50.0395,BR49,11,0,0
2020-08-10 12:00:00,0.619,245.613,2.67,50.0255,BR49,12,0,0
2020-08-10 13:00:00,0.705,245.0485,3.01,50.0335,BR49,13,0,0
2020-08-10 14:00:00,0.483,244.644,2.08,50.0165,BR49,14,0,0
2020-08-10 15:00:00,0.496,246.5835,2.08,50.0115,BR49,15,0,0
2020-08-10 16:00:00,0.471,248.456,1.954,49.9915,BR49,16,0,0
2020-08-10 17:00:00,0.423,242.4785,1.751,50.2205,BR49,17,0,0
2020-08-10 18:00:00,0.694,234.913,3.207,47.4755,BR49,18,0,0
2020-08-10 19:00:00,0.573,240.428,2.537,49.978,BR49,19,0,0
2020-08-10 20:00:00,0.516,240.07200000000003,2.3065,50.0235,BR49,20,0,0
2020-08-10 21:00:00,0.555,237.697,2.4615,50.007,BR49,21,0,0
2020-08-10 22:00:00,0.86,234.9815,3.7825,50.02,BR49,22,0,0
2020-08-10 23:00:00,0.483,238.48200000000003,2.1855,50.0515,BR49,23,0,0
2020-08-11 00:00:00,1.229,239.0895,5.292,50.0165,BR49,0,1,0
2020-08-11 01:00:00,1.53,238.5765,6.596000000000001,49.9555,BR49,1,1,0
2020-08-11 02:00:00,1.557,241.8225,6.644,49.9955,BR49,2,1,0
2020-08-11 03:00:00,1.29,244.161,5.4655000000000005,50.0105,BR49,3,1,0
2020-08-11 04:00:00,0.371,249.668,1.5565,49.967,BR49,4,1,0
2020-08-11 05:00:00,0.374,251.6535,1.5525,49.9975,BR49,5,1,0
2020-08-11 06:00:00,0.385,253.627,1.5844999999999998,49.9765,BR49,6,1,0
2020-08-11 07:00:00,0.348,253.1455,1.4465,49.9525,BR49,7,1,0
2020-08-11 08:00:00,0.353,252.4875,1.4575,50.0005,BR49,8,1,0
2020-08-11 09:00:00,0.319,249.086,1.3525,49.997,BR49,9,1,0
2020-08-11 10:00:00,0.381,247.246,1.6004999999999998,50.0255,BR49,10,1,0
2020-08-11 11:00:00,0.453,222.036,2.0010000000000003,45.041,BR49,11,1,0
2020-08-11 12:00:00,0.44,207.554,2.294,42.5595,BR49,12,1,0
2020-08-11 13:00:00,0.749,246.0655,3.3365,50.0595,BR49,13,1,0
2020-08-11 14:00:00,0.512,244.091,2.1995,49.994,BR49,14,1,0
2020-08-11 15:00:00,0.481,247.27,2.05,50.006,BR49,15,1,0
2020-08-11 16:00:00,0.599,246.20300000000003,2.5225,50.006,BR49,16,1,0
2020-08-11 17:00:00,0.687,246.629,2.866,49.9985,BR49,17,1,0
2020-08-11 18:00:00,0.443,246.755,1.906,49.91,BR49,18,1,0
2020-08-11 19:00:00,0.52,241.932,2.288,49.993,BR49,19,1,0
2020-08-11 20:00:00,0.453,239.2075,2.0695,50.018,BR49,20,1,0
2020-08-11 21:00:00,0.505,236.9275,2.256,50.0255,BR49,21,1,0
2020-08-11 22:00:00,1.156,237.85700000000003,4.992,50.0205,BR49,22,1,0
2020-08-11 23:00:00,1.238,237.288,5.326,50.008,BR49,23,1,0
2020-08-12 00:00:00,1.397,241.5745,5.976,50.0405,BR49,0,2,0
2020-08-12 01:00:00,0.584,244.49650000000003,2.515,50.026,BR49,1,2,0
2020-08-12 02:00:00,1.551,243.85700000000003,6.586499999999999,50.0175,BR49,2,2,0
2020-08-12 03:00:00,1.537,245.5485,6.5125,49.984,BR49,3,2,0
2020-08-12 04:00:00,1.425,246.8985,6.054,49.9795,BR49,4,2,0
2020-08-12 05:00:00,1.506,251.134,6.3385,50.0365,BR49,5,2,0
2020-08-12 06:00:00,1.358,253.633,5.6965,50.017,BR49,6,2,0
2020-08-12 07:00:00,0.612,255.0465,2.63,50.005,BR49,7,2,0
2020-08-12 08:00:00,0.51,251.314,2.136,49.987,BR49,8,2,0
2020-08-12 09:00:00,0.418,248.002,1.7825,50.0195,BR49,9,2,0
2020-08-12 10:00:00,0.512,249.8085,2.2,50.037,BR49,10,2,0
2020-08-12 11:00:00,0.496,236.871,2.557,47.519,BR49,11,2,0
2020-08-12 12:00:00,0.501,246.9635,2.2365,49.9775,BR49,12,2,0
2020-08-12 13:00:00,0.43,248.081,1.865,50.019,BR49,13,2,0
2020-08-12 14:00:00,0.42,250.3445,1.7805,50.0045,BR49,14,2,0
2020-08-12 15:00:00,0.425,249.636,1.7985,49.9765,BR49,15,2,0
2020-08-12 16:00:00,0.463,221.012,2.1775,44.922,BR49,16,2,0
2020-08-12 17:00:00,0.44,247.408,1.887,49.959,BR49,17,2,0
2020-08-12 18:00:00,0.821,245.5435,3.5445,49.964,BR49,18,2,0
2020-08-12 19:00:00,0.55,243.023,2.3815,50.0435,BR49,19,2,0
2020-08-12 20:00:00,0.541,240.4735,2.4175,50.0355,BR49,20,2,0
2020-08-12 21:00:00,0.517,242.246,2.262,50.039,BR49,21,2,0
2020-08-12 22:00:00,0.58,242.96,2.509,49.99,BR49,22,2,0
2020-08-12 23:00:00,0.826,240.9885,3.588,50.0085,BR49,23,2,0
2020-08-13 00:00:00,1.4449999999999998,243.084,6.1805,49.996,BR49,0,3,0
2020-08-13 01:00:00,0.895,245.759,3.7925,50.007,BR49,1,3,0
2020-08-13 02:00:00,2.198,243.819,9.168,49.993,BR49,2,3,0
2020-08-13 03:00:00,1.036,249.7185,4.4235,49.9925,BR49,3,3,0
2020-08-13 04:00:00,0.911,253.116,3.8605,50.008500000000005,BR49,4,3,0
2020-08-13 05:00:00,0.906,256.6015,3.8295,50.010000000000005,BR49,5,3,0
2020-08-13 06:00:00,0.88,258.61,3.7315,49.984,BR49,6,3,0
2020-08-13 07:00:00,0.415,257.6725,1.764,49.928,BR49,7,3,0
2020-08-13 08:00:00,0.277,245.077,1.226,47.4895,BR49,8,3,0
2020-08-13 09:00:00,0.278,178.32999999999998,1.3875,34.9875,BR49,9,3,0
2020-08-13 10:00:00,0.377,255.162,1.6415,50.021,BR49,10,3,0
2020-08-13 11:00:00,0.367,253.5395,1.588,50.0265,BR49,11,3,0
2020-08-13 12:00:00,0.529,211.8965,2.6275,42.528000000000006,BR49,12,3,0
2020-08-13 13:00:00,0.56,226.021,2.745,45.051,BR49,13,3,0
2020-08-13 14:00:00,0.383,248.0455,1.698,49.96,BR49,14,3,0
2020-08-13 15:00:00,0.411,250.171,1.743,49.963,BR49,15,3,0
2020-08-13 16:00:00,0.371,252.2955,1.6065,50.0075,BR49,16,3,0
2020-08-13 17:00:00,0.419,214.0065,1.9295,42.4875,BR49,17,3,0
2020-08-13 18:00:00,0.359,249.356,1.7205,49.9265,BR49,18,3,0
2020-08-13 19:00:00,0.493,243.349,2.1905,49.965500000000006,BR49,19,3,0
2020-08-13 20:00:00,0.47,243.24650000000003,2.1225,50.002,BR49,20,3,0
2020-08-13 21:00:00,0.433,242.3485,2.0165,50.0295,BR49,21,3,0
2020-08-13 22:00:00,0.51,245.164,2.462,50.0285,BR49,22,3,0
2020-08-13 23:00:00,0.355,245.243,1.6095,50.0235,BR49,23,3,0
2020-08-14 00:00:00,0.297,246.6235,1.3130000000000002,49.9925,BR49,0,4,0
2020-08-14 01:00:00,0.909,245.927,3.9335,49.966,BR49,1,4,0
2020-08-14 02:00:00,1.044,247.263,4.5215000000000005,49.951,BR49,2,4,0
2020-08-14 03:00:00,0.612,251.446,2.644,49.9865,BR49,3,4,0
2020-08-14 04:00:00,0.352,255.302,1.5,49.9785,BR49,4,4,0
2020-08-14 05:00:00,1.097,256.6545,4.698,50.003,BR49,5,4,0
2020-08-14 06:00:00,0.978,257.78,4.2225,49.984,BR49,6,4,0
2020-08-14 07:00:00,0.724,257.636,3.1915,49.935500000000005,BR49,7,4,0
2020-08-14 08:00:00,0.156,258.934,0.8560000000000001,49.927,BR49,8,4,0
2020-08-14 09:00:00,0.438,256.0525,2.0395,49.9935,BR49,9,4,0
2020-08-14 10:00:00,0.251,253.8375,1.1135,50.005,BR49,10,4,0
2020-08-14 11:00:00,0.2799999999999999,249.2395,1.2325,50.03,BR49,11,4,0
2020-08-14 12:00:00,0.141,111.03,0.8875,22.4795,BR49,12,4,0
2020-08-14 13:00:00,0.451,223.6735,2.2335000000000003,45.0145,BR49,13,4,0
2020-08-14 14:00:00,0.513,245.276,2.2065,50.0175,BR49,14,4,0
2020-08-14 15:00:00,0.483,234.045,2.1655,47.4525,BR49,15,4,0
2020-08-14 16:00:00,0.508,242.6885,2.1925,49.9445,BR49,16,4,0
2020-08-14 17:00:00,0.397,244.461,1.7315,50.0,BR49,17,4,0
2020-08-14 18:00:00,0.446,244.725,1.9155,49.961,BR49,18,4,0
2020-08-14 19:00:00,0.478,227.0745,2.419,47.4765,BR49,19,4,0
2020-08-14 20:00:00,0.737,238.9225,3.5865,50.023,BR49,20,4,0
2020-08-14 21:00:00,0.381,236.2775,1.7399999999999998,49.9805,BR49,21,4,0
2020-08-14 22:00:00,0.458,238.35100000000003,2.098,49.9575,BR49,22,4,0
2020-08-14 23:00:00,1.119,237.1025,4.822,49.981,BR49,23,4,0
2020-08-15 00:00:00,0.985,240.686,4.220000000000001,49.9605,BR49,0,5,1
2020-08-15 01:00:00,0.362,245.542,1.5550000000000002,49.996,BR49,1,5,1
2020-08-15 02:00:00,0.336,246.8695,1.479,49.981,BR49,2,5,1
2020-08-15 03:00:00,0.324,246.449,1.4055,49.9665,BR49,3,5,1
2020-08-15 04:00:00,0.2759999999999999,248.5215,1.2105,49.981,BR49,4,5,1
2020-08-15 05:00:00,0.2799999999999999,251.869,1.214,49.96,BR49,5,5,1
2020-08-15 06:00:00,0.295,254.1515,1.2545,49.9965,BR49,6,5,1
2020-08-15 07:00:00,0.293,253.5955,1.259,50.0135,BR49,7,5,1
2020-08-15 08:00:00,0.2309999999999999,251.4335,1.0545,50.028000000000006,BR49,8,5,1
2020-08-15 09:00:00,0.304,250.0625,1.3035,50.0225,BR49,9,5,1
2020-08-15 10:00:00,0.347,248.786,1.5395,50.0585,BR49,10,5,1
2020-08-15 11:00:00,0.428,246.782,1.8505,49.9565,BR49,11,5,1
2020-08-15 12:00:00,0.452,245.889,1.9935,50.0275,BR49,12,5,1
2020-08-15 13:00:00,0.451,243.80900000000003,1.954,50.069,BR49,13,5,1
2020-08-15 14:00:00,0.484,242.271,2.1015,49.9875,BR49,14,5,1
2020-08-15 15:00:00,0.471,247.0375,2.141,50.0,BR49,15,5,1
2020-08-15 16:00:00,1.451,245.692,6.09,49.9725,BR49,16,5,1
2020-08-15 17:00:00,0.436,252.0375,1.807,50.0405,BR49,17,5,1
2020-08-15 18:00:00,0.497,247.2435,2.0785,50.0205,BR49,18,5,1
2020-08-15 19:00:00,0.885,240.0855,4.0235,49.9405,BR49,19,5,1
2020-08-15 20:00:00,0.55,237.229,2.4170000000000003,49.986,BR49,20,5,1
2020-08-15 21:00:00,0.56,235.9865,2.5065,49.9765,BR49,21,5,1
2020-08-15 22:00:00,1.142,234.879,4.9575000000000005,49.9975,BR49,22,5,1
2020-08-15 23:00:00,1.585,236.5045,6.884,49.992,BR49,23,5,1
2020-08-16 00:00:00,1.515,239.72,6.554,50.024,BR49,0,6,1
2020-08-16 01:00:00,1.467,241.5535,6.305,50.013,BR49,1,6,1
2020-08-16 02:00:00,1.44,244.135,6.1545000000000005,49.998000000000005,BR49,2,6,1
2020-08-16 03:00:00,1.434,245.05900000000003,6.14,49.9725,BR49,3,6,1
2020-08-16 04:00:00,1.38,246.921,5.9085,49.9925,BR49,4,6,1
2020-08-16 05:00:00,1.394,250.138,5.947,49.988,BR49,5,6,1
2020-08-16 06:00:00,1.419,253.18400000000003,6.0335,50.0015,BR49,6,6,1
2020-08-16 07:00:00,0.969,252.0905,4.11,50.006,BR49,7,6,1
2020-08-16 08:00:00,0.302,254.3345,1.291,49.986,BR49,8,6,1
2020-08-16 09:00:00,0.407,251.957,1.847,49.9815,BR49,9,6,1
2020-08-16 10:00:00,0.425,252.527,1.783,49.989,BR49,10,6,1
2020-08-16 11:00:00,0.441,250.8385,1.911,50.013,BR49,11,6,1
2020-08-16 12:00:00,0.411,251.1125,1.732,49.989,BR49,12,6,1
2020-08-16 13:00:00,0.746,246.025,3.3560000000000003,50.0255,BR49,13,6,1
2020-08-16 14:00:00,0.507,248.253,2.104,50.045,BR49,14,6,1
2020-08-16 15:00:00,0.516,241.643,2.2525,49.9645,BR49,15,6,1
2020-08-16 16:00:00,1.627,239.465,6.9395,49.9445,BR49,16,6,1
2020-08-16 17:00:00,1.252,243.1085,5.291,49.946,BR49,17,6,1
2020-08-16 18:00:00,0.457,246.556,1.9465,49.9555,BR49,18,6,1
2020-08-16 19:00:00,0.585,239.902,2.806,49.9645,BR49,19,6,1
2020-08-16 20:00:00,0.5549999999999999,240.047,2.5475000000000003,50.0175,BR49,20,6,1
2020-08-16 21:00:00,0.555,238.237,2.557,50.0025,BR49,21,6,1
2020-08-16 22:00:00,1.584,235.8365,6.916,49.991,BR49,22,6,1
2020-08-16 23:00:00,1.83,238.0075,7.9475,50.005,BR49,23,6,1
2020-08-17 00:00:00,1.348,239.9735,5.8595,49.9975,BR49,0,0,0
2020-08-17 01:00:00,1.402,241.543,6.0765,50.013,BR49,1,0,0
2020-08-17 02:00:00,1.408,244.3435,6.072,49.9915,BR49,2,0,0
2020-08-17 03:00:00,1.3850000000000002,248.2865,5.9525,50.0195,BR49,3,0,0
2020-08-17 04:00:00,1.286,249.02,5.509,49.9895,BR49,4,0,0
2020-08-17 05:00:00,1.232,250.092,5.250500000000001,50.008,BR49,5,0,0
2020-08-17 06:00:00,0.989,249.6415,4.282,50.0095,BR49,6,0,0
2020-08-17 07:00:00,0.7849999999999999,248.012,3.415,49.902,BR49,7,0,0
2020-08-17 08:00:00,0.323,248.14050000000003,1.4235,49.935,BR49,8,0,0
2020-08-17 09:00:00,0.37,243.1875,1.611,50.0,BR49,9,0,0
2020-08-17 10:00:00,0.364,237.9285,1.6375,50.015,BR49,10,0,0
2020-08-17 11:00:00,0.371,236.5685,1.685,50.015,BR49,11,0,0
2020-08-17 12:00:00,0.308,232.1785,1.466,49.9825,BR49,12,0,0
2020-08-17 13:00:00,0.375,200.248,2.2155,42.529,BR49,13,0,0
2020-08-17 14:00:00,0.525,232.109,2.5135,49.9745,BR49,14,0,0
2020-08-17 15:00:00,0.8079999999999999,230.8995,3.8285,50.0285,BR49,15,0,0
2020-08-17 16:00:00,0.499,229.733,2.2425,50.018,BR49,16,0,0
2020-08-17 17:00:00,0.747,234.3565,3.632,49.9105,BR49,17,0,0
2020-08-17 18:00:00,0.5690000000000001,236.9255,2.5075,49.901,BR49,18,0,0
2020-08-17 19:00:00,0.932,228.5755,4.2090000000000005,49.971,BR49,19,0,0
2020-08-17 20:00:00,0.984,228.03850000000003,4.4255,49.985,BR49,20,0,0
2020-08-17 21:00:00,1.522,227.2025,6.782000000000001,49.9785,BR49,21,0,0
2020-08-17 22:00:00,1.477,226.6675,6.611,50.023,BR49,22,0,0
2020-08-17 23:00:00,2.5,225.9835,11.1755,50.001,BR49,23,0,0
2020-08-18 00:00:00,0.402,233.887,1.883,49.988,BR49,0,1,0
2020-08-18 01:00:00,1.971,235.909,8.536,50.0075,BR49,1,1,0
2020-08-18 02:00:00,1.819,238.0425,7.8485,50.002,BR49,2,1,0
2020-08-18 03:00:00,1.537,240.341,6.6325,49.9575,BR49,3,1,0
2020-08-18 04:00:00,1.452,240.2665,6.279999999999999,49.9035,BR49,4,1,0
2020-08-18 05:00:00,1.454,245.308,6.2315,49.9815,BR49,5,1,0
2020-08-18 06:00:00,1.4449999999999998,247.479,6.1755,50.0155,BR49,6,1,0
2020-08-18 07:00:00,1.121,247.8405,4.796,50.033,BR49,7,1,0
2020-08-18 08:00:00,0.354,246.665,1.5205,50.0065,BR49,8,1,0
2020-08-18 09:00:00,0.432,247.125,1.8155,50.008,BR49,9,1,0
2020-08-18 10:00:00,0.375,241.3665,1.6385,49.9765,BR49,10,1,0
2020-08-18 11:00:00,0.416,238.5885,1.8335,49.9235,BR49,11,1,0
2020-08-18 12:00:00,0.5439999999999999,238.3835,2.6545,50.0215,BR49,12,1,0
2020-08-18 13:00:00,0.706,235.84,3.565,50.0285,BR49,13,1,0
2020-08-18 14:00:00,0.562,237.50950000000003,2.5655,50.0115,BR49,14,1,0
2020-08-18 15:00:00,0.56,239.0545,2.539,50.0495,BR49,15,1,0
2020-08-18 16:00:00,0.462,236.722,2.196,50.0135,BR49,16,1,0
2020-08-18 17:00:00,0.422,234.6845,1.952,50.0145,BR49,17,1,0
2020-08-18 18:00:00,1.584,236.2275,6.782500000000001,50.009,BR49,18,1,0
2020-08-18 19:00:00,0.882,236.631,3.8065,50.0345,BR49,19,1,0
2020-08-18 20:00:00,1.29,237.95,5.5755,50.0205,BR49,20,1,0
2020-08-18 21:00:00,0.589,240.277,2.5105,50.045,BR49,21,1,0
2020-08-18 22:00:00,0.908,239.1025,3.8635,50.036,BR49,22,1,0
2020-08-18 23:00:00,0.526,243.593,2.2355,50.037,BR49,23,1,0
2020-08-19 00:00:00,1.369,243.898,5.8375,50.026,BR49,0,2,0
2020-08-19 01:00:00,1.584,244.971,6.720999999999999,49.9865,BR49,1,2,0
2020-08-19 02:00:00,1.501,247.2495,6.3685,49.9995,BR49,2,2,0
2020-08-19 03:00:00,1.476,249.084,6.2515,50.022000000000006,BR49,3,2,0
2020-08-19 04:00:00,1.482,250.4805,6.267,50.016000000000005,BR49,4,2,0
2020-08-19 05:00:00,1.494,252.8235,6.301,50.0055,BR49,5,2,0
2020-08-19 06:00:00,1.032,230.9165,4.5855,44.994,BR49,6,2,0
2020-08-19 07:00:00,0.593,262.323,2.599,50.0125,BR49,7,2,0
2020-08-19 08:00:00,0.313,184.795,1.3535,35.0295,BR49,8,2,0
2020-08-19 09:00:00,0.38,255.9815,1.9425,50.013,BR49,9,2,0
2020-08-19 10:00:00,0.265,255.333,1.336,50.0645,BR49,10,2,0
2020-08-19 11:00:00,0.48,255.968,2.4175,50.0275,BR49,11,2,0
2020-08-19 12:00:00,0.54,252.733,2.4335,50.017,BR49,12,2,0
2020-08-19 13:00:00,0.338,248.65950000000004,1.6344999999999998,50.0275,BR49,13,2,0
2020-08-19 14:00:00,0.495,250.036,2.1710000000000003,49.99,BR49,14,2,0
2020-08-19 15:00:00,0.59,252.45,2.4805,50.0165,BR49,15,2,0
2020-08-19 16:00:00,0.639,248.81,2.7035,49.902,BR49,16,2,0
2020-08-19 17:00:00,0.495,248.9955,2.178,49.947500000000005,BR49,17,2,0
2020-08-19 18:00:00,0.374,244.9645,1.7045,49.9945,BR49,18,2,0
2020-08-19 19:00:00,0.707,240.16350000000003,3.0675,49.9715,BR49,19,2,0
2020-08-19 20:00:00,0.576,240.1745,2.5425,50.0245,BR49,20,2,0
2020-08-19 21:00:00,0.718,238.456,3.145,49.984,BR49,21,2,0
2020-08-19 22:00:00,0.913,239.74,3.988,49.976,BR49,22,2,0
2020-08-19 23:00:00,0.64,243.6815,2.7585,50.0095,BR49,23,2,0
2020-08-20 00:00:00,0.76,244.5015,3.2670000000000003,50.026,BR49,0,3,0
2020-08-20 01:00:00,1.462,245.096,6.226,50.024,BR49,1,3,0
2020-08-20 02:00:00,1.207,248.3575,5.1275,50.0145,BR49,2,3,0
2020-08-20 03:00:00,1.147,249.895,4.8585,49.9855,BR49,3,3,0
2020-08-20 04:00:00,1.106,251.6905,4.6985,50.0,BR49,4,3,0
2020-08-20 05:00:00,0.394,253.4585,1.6885,50.0225,BR49,5,3,0
2020-08-20 06:00:00,0.297,255.034,1.273,49.984,BR49,6,3,0
2020-08-20 07:00:00,0.8200000000000001,253.5495,3.6505,49.962,BR49,7,3,0
2020-08-20 08:00:00,1.08,249.737,4.7965,49.982,BR49,8,3,0
2020-08-20 09:00:00,0.909,247.727,4.186,50.0,BR49,9,3,0
2020-08-20 10:00:00,0.391,250.322,1.8615,50.003,BR49,10,3,0
2020-08-20 11:00:00,0.514,246.1405,2.3195,50.0035,BR49,11,3,0
2020-08-20 12:00:00,0.541,229.118,2.7975000000000003,47.543,BR49,12,3,0
2020-08-20 13:00:00,0.628,215.219,2.9765,45.023,BR49,13,3,0
2020-08-20 14:00:00,0.502,229.1405,2.3425,47.4695,BR49,14,3,0
2020-08-20 15:00:00,0.492,248.0095,2.248,49.9715,BR49,15,3,0
2020-08-20 16:00:00,0.49,246.5405,2.223,49.8855,BR49,16,3,0
2020-08-20 17:00:00,0.502,244.298,2.37,49.951,BR49,17,3,0
2020-08-20 18:00:00,0.42,244.0645,2.055,49.907,BR49,18,3,0
2020-08-20 19:00:00,0.606,238.126,3.2335000000000003,49.975,BR49,19,3,0
2020-08-20 20:00:00,0.531,238.008,2.6015,50.0255,BR49,20,3,0
2020-08-20 21:00:00,0.636,237.408,2.8915,50.0175,BR49,21,3,0
2020-08-20 22:00:00,0.597,235.5875,2.7515,49.965,BR49,22,3,0
2020-08-20 23:00:00,1.546,237.608,6.8105,49.974,BR49,23,3,0
2020-08-21 00:00:00,1.285,240.70300000000003,5.5785,50.0035,BR49,0,4,0
2020-08-21 01:00:00,2.014,243.4855,8.657,50.011,BR49,1,4,0
2020-08-21 02:00:00,1.8,245.6405,7.666500000000001,50.003,BR49,2,4,0
2020-08-21 03:00:00,1.263,246.915,5.3515,49.978,BR49,3,4,0
2020-08-21 04:00:00,1.126,249.356,4.783,49.9475,BR49,4,4,0
2020-08-21 05:00:00,1.058,251.159,4.4655000000000005,49.9385,BR49,5,4,0
2020-08-21 06:00:00,0.971,252.2965,4.1345,50.007,BR49,6,4,0
2020-08-21 07:00:00,0.899,252.385,3.8375,49.944,BR49,7,4,0
2020-08-21 08:00:00,0.385,251.8245,1.6335000000000002,49.945,BR49,8,4,0
2020-08-21 09:00:00,0.391,249.5355,1.654,50.029,BR49,9,4,0
2020-08-21 10:00:00,0.369,247.75,1.5895,50.0275,BR49,10,4,0
2020-08-21 11:00:00,0.381,247.49050000000005,1.8045,49.996,BR49,11,4,0
2020-08-21 12:00:00,0.475,246.4955,2.056,49.9705,BR49,12,4,0
2020-08-21 13:00:00,0.335,248.1855,1.785,50.1095,BR49,13,4,0
2020-08-21 14:00:00,0.44,242.4575,1.925,49.935,BR49,14,4,0
2020-08-21 15:00:00,0.523,243.8105,2.275,50.0035,BR49,15,4,0
2020-08-21 16:00:00,0.671,231.951,3.1855,47.518,BR49,16,4,0
2020-08-21 17:00:00,0.489,242.514,2.254,50.0255,BR49,17,4,0
2020-08-21 18:00:00,0.321,242.883,1.529,49.9895,BR49,18,4,0
2020-08-21 19:00:00,0.48,239.272,2.4515,49.927,BR49,19,4,0
2020-08-21 20:00:00,0.71,237.8555,3.7425,49.9315,BR49,20,4,0
2020-08-21 21:00:00,0.545,237.3245,2.4255,49.993,BR49,21,4,0
2020-08-21 22:00:00,0.685,238.435,2.9705000000000004,50.004000000000005,BR49,22,4,0
2020-08-21 23:00:00,1.403,237.3935,6.0385,49.9865,BR49,23,4,0
2020-08-22 00:00:00,1.365,240.208,5.801,49.9985,BR49,0,5,1
2020-08-22 01:00:00,1.494,241.603,6.3955,50.010000000000005,BR49,1,5,1
2020-08-22 02:00:00,1.642,245.3195,6.9705,49.999,BR49,2,5,1
2020-08-22 03:00:00,1.54,247.672,6.551,50.010000000000005,BR49,3,5,1
2020-08-22 04:00:00,1.53,248.10700000000003,6.496,49.964,BR49,4,5,1
2020-08-22 05:00:00,1.097,251.8815,4.612,49.9615,BR49,5,5,1
2020-08-22 06:00:00,0.444,252.7675,1.819,49.9545,BR49,6,5,1
2020-08-22 07:00:00,0.402,254.7635,1.658,50.004000000000005,BR49,7,5,1
2020-08-22 08:00:00,0.494,253.1195,2.054,50.0425,BR49,8,5,1
2020-08-22 09:00:00,0.637,250.74,2.754,50.0355,BR49,9,5,1
2020-08-22 10:00:00,0.599,248.707,2.4685,50.084500000000006,BR49,10,5,1
2020-08-22 11:00:00,0.715,248.81350000000003,3.047,50.019,BR49,11,5,1
2020-08-22 12:00:00,0.87,251.9585,3.7535,50.0515,BR49,12,5,1
2020-08-22 13:00:00,0.608,251.027,2.661,50.02,BR49,13,5,1
2020-08-22 14:00:00,0.48,171.06300000000002,2.3575,35.0225,BR49,14,5,1
2020-08-22 15:00:00,0.902,246.1605,4.032,50.066500000000005,BR49,15,5,1
2020-08-22 16:00:00,0.603,247.4105,2.6125,50.022000000000006,BR49,16,5,1
2020-08-22 17:00:00,0.543,245.513,2.327,49.9785,BR49,17,5,1
2020-08-22 18:00:00,0.8069999999999999,249.5475,4.0545,49.9665,BR49,18,5,1
2020-08-22 19:00:00,0.936,241.099,4.9275,49.951,BR49,19,5,1
2020-08-22 20:00:00,0.537,241.76550000000003,2.3565,50.012,BR49,20,5,1
2020-08-22 21:00:00,0.6940000000000001,238.398,3.0295,49.9745,BR49,21,5,1
2020-08-22 22:00:00,0.633,239.7035,2.7865,50.0205,BR49,22,5,1
2020-08-22 23:00:00,2.2,236.8415,9.5255,50.014,BR49,23,5,1
2020-08-23 00:00:00,2.6790000000000003,237.65500000000003,11.4065,50.015,BR49,0,6,1
2020-08-23 01:00:00,1.722,241.6575,7.3765,49.976,BR49,1,6,1
2020-08-23 02:00:00,1.69,245.187,7.195,49.99,BR49,2,6,1
2020-08-23 03:00:00,1.549,248.16,6.5625,49.9895,BR49,3,6,1
2020-08-23 04:00:00,1.494,249.127,6.3085,49.999,BR49,4,6,1
2020-08-23 05:00:00,1.44,250.005,6.0845,50.001,BR49,5,6,1
2020-08-23 06:00:00,0.526,253.9815,2.191,49.995,BR49,6,6,1
2020-08-23 07:00:00,0.471,256.6105,1.936,50.024,BR49,7,6,1
2020-08-23 08:00:00,0.739,257.4115,3.106,50.0125,BR49,8,6,1
2020-08-23 09:00:00,0.694,255.8905,2.9455,50.035,BR49,9,6,1
2020-08-23 10:00:00,0.479,253.6485,2.0025,50.072500000000005,BR49,10,6,1
2020-08-23 11:00:00,0.524,250.061,2.2065,50.0535,BR49,11,6,1
2020-08-23 12:00:00,0.525,251.3875,2.2315,50.0565,BR49,12,6,1
2020-08-23 13:00:00,0.388,252.481,1.656,50.0455,BR49,13,6,1
2020-08-23 14:00:00,0.492,224.6195,2.2255,45.001,BR49,14,6,1
2020-08-23 15:00:00,0.4639999999999999,247.8415,2.01,50.010000000000005,BR49,15,6,1
2020-08-23 16:00:00,0.628,248.8285,2.632,49.977,BR49,16,6,1
2020-08-23 17:00:00,0.829,247.323,3.5660000000000003,50.026,BR49,17,6,1
2020-08-23 18:00:00,0.614,247.617,2.8655,49.9675,BR49,18,6,1
2020-08-23 19:00:00,0.725,242.18850000000003,3.108,50.012,BR49,19,6,1
2020-08-23 20:00:00,0.495,238.7785,2.1725000000000003,49.988,BR49,20,6,1
2020-08-23 21:00:00,0.694,238.9685,3.012,50.0025,BR49,21,6,1
2020-08-23 22:00:00,0.598,238.56350000000003,2.609,50.0305,BR49,22,6,1
2020-08-23 23:00:00,1.112,237.904,4.7845,50.015,BR49,23,6,1
2020-08-24 00:00:00,0.77,241.72600000000003,3.301,50.0475,BR49,0,0,0
2020-08-24 01:00:00,0.863,245.377,3.6645,50.018,BR49,1,0,0
2020-08-24 02:00:00,1.524,246.03000000000003,6.4385,50.017,BR49,2,0,0
2020-08-24 03:00:00,0.856,251.172,3.5490000000000004,50.0215,BR49,3,0,0
2020-08-24 04:00:00,0.447,101.2335,2.0005,20.0145,BR49,4,0,0
2020-08-24 05:00:00,0.527,176.62449999999998,2.347,34.9955,BR49,5,0,0
2020-08-24 06:00:00,0.912,256.5405,4.022,50.005,BR49,6,0,0
2020-08-24 07:00:00,0.604,254.65950000000004,2.7215,50.018,BR49,7,0,0
2020-08-24 08:00:00,0.849,251.9045,3.877,50.0225,BR49,8,0,0
2020-08-24 09:00:00,0.781,244.1325,3.575,49.959500000000006,BR49,9,0,0
2020-08-24 10:00:00,0.364,242.3575,1.625,49.9905,BR49,10,0,0
2020-08-24 11:00:00,0.308,243.5765,1.4775,49.981,BR49,11,0,0
2020-08-24 12:00:00,0.4679999999999999,243.4875,2.1215,50.0245,BR49,12,0,0
2020-08-24 13:00:00,0.643,246.7095,3.1775,50.05,BR49,13,0,0
2020-08-24 14:00:00,0.677,231.051,3.0295,47.508,BR49,14,0,0
2020-08-24 15:00:00,0.537,246.175,2.3205,50.0565,BR49,15,0,0
2020-08-24 16:00:00,0.524,240.088,2.2775,49.963,BR49,16,0,0
2020-08-24 17:00:00,0.422,244.666,1.854,50.0,BR49,17,0,0
2020-08-24 18:00:00,0.387,247.105,1.671,49.9325,BR49,18,0,0
2020-08-24 19:00:00,0.429,238.311,1.9330000000000005,49.9425,BR49,19,0,0
2020-08-24 20:00:00,0.431,240.3245,1.904,50.021,BR49,20,0,0
2020-08-24 21:00:00,0.521,240.962,2.2565,50.04,BR49,21,0,0
2020-08-24 22:00:00,0.988,241.504,4.2,50.0295,BR49,22,0,0
2020-08-24 23:00:00,2.1750000000000003,238.7485,9.3025,50.043,BR49,23,0,0
2020-08-25 00:00:00,2.564,238.46750000000003,10.8525,49.9995,BR49,0,1,0
2020-08-25 01:00:00,2.418,238.8685,10.1645,49.989,BR49,1,1,0
2020-08-25 02:00:00,1.469,243.68,6.23,50.0185,BR49,2,1,0
2020-08-25 03:00:00,1.443,245.564,6.057,50.037,BR49,3,1,0
2020-08-25 04:00:00,1.237,248.3685,5.2090000000000005,50.028,BR49,4,1,0
2020-08-25 05:00:00,1.151,250.8865,4.8345,50.0175,BR49,5,1,0
2020-08-25 06:00:00,0.975,249.371,4.1605,49.9975,BR49,6,1,0
2020-08-25 07:00:00,0.364,251.408,1.775,50.0205,BR49,7,1,0
2020-08-25 08:00:00,0.392,250.54450000000003,1.6535,50.017,BR49,8,1,0
2020-08-25 09:00:00,0.601,242.8865,2.6895,50.0245,BR49,9,1,0
2020-08-25 10:00:00,0.371,201.0645,1.886,42.522000000000006,BR49,10,1,0
2020-08-25 11:00:00,0.458,240.4555,2.0995,50.027,BR49,11,1,0
2020-08-25 12:00:00,0.47,239.938,2.114,49.947,BR49,12,1,0
2020-08-25 13:00:00,0.538,241.695,2.3205,50.0305,BR49,13,1,0
2020-08-25 14:00:00,0.537,242.4485,2.334,50.014,BR49,14,1,0
2020-08-25 15:00:00,0.514,242.90500000000003,2.205,49.9875,BR49,15,1,0
2020-08-25 16:00:00,0.539,237.7585,2.354,49.983,BR49,16,1,0
2020-08-25 17:00:00,0.504,242.2975,2.165,49.978,BR49,17,1,0
2020-08-25 18:00:00,0.386,244.5305,1.6995,49.936,BR49,18,1,0
2020-08-25 19:00:00,0.743,238.2155,3.718,49.8125,BR49,19,1,0
2020-08-25 20:00:00,0.759,235.648,3.6325,49.984,BR49,20,1,0
2020-08-25 21:00:00,0.526,236.495,2.381,50.023,BR49,21,1,0
2020-08-25 22:00:00,1.375,230.594,6.0375,50.005,BR49,22,1,0
2020-08-25 23:00:00,2.415,230.55,10.5965,49.9795,BR49,23,1,0
2020-08-26 00:00:00,2.555,232.36550000000005,11.0555,49.987,BR49,0,2,0
2020-08-26 01:00:00,1.873,236.548,8.067,49.9775,BR49,1,2,0
2020-08-26 02:00:00,1.651,241.861,7.024500000000001,50.015,BR49,2,2,0
2020-08-26 03:00:00,1.667,244.5125,7.041,49.9985,BR49,3,2,0
2020-08-26 04:00:00,1.671,244.82800000000003,7.051,49.998000000000005,BR49,4,2,0
2020-08-26 05:00:00,1.537,249.60100000000003,6.473000000000001,49.996,BR49,5,2,0
2020-08-26 06:00:00,1.537,249.949,6.4855,50.0295,BR49,6,2,0
2020-08-26 07:00:00,1.208,250.623,5.114,50.0015,BR49,7,2,0
2020-08-26 08:00:00,0.422,249.9465,1.752,49.963,BR49,8,2,0
2020-08-26 09:00:00,0.667,243.885,3.172,49.9095,BR49,9,2,0
2020-08-26 10:00:00,0.459,237.5085,2.0115,50.0185,BR49,10,2,0
2020-08-26 11:00:00,0.42,237.334,1.951,50.011,BR49,11,2,0
2020-08-26 12:00:00,0.419,243.9725,1.934,50.0165,BR49,12,2,0
2020-08-26 13:00:00,0.362,246.7125,1.583,50.002500000000005,BR49,13,2,0
2020-08-26 14:00:00,0.435,244.2085,1.854,49.947500000000005,BR49,14,2,0
2020-08-26 15:00:00,0.757,243.015,3.9075,49.9745,BR49,15,2,0
2020-08-26 16:00:00,0.431,240.6155,1.936,49.9515,BR49,16,2,0
2020-08-26 17:00:00,0.908,226.1905,4.2335,47.5205,BR49,17,2,0
2020-08-26 18:00:00,0.577,241.469,2.621,49.9735,BR49,18,2,0
2020-08-26 19:00:00,0.672,220.8015,3.195,47.3735,BR49,19,2,0
2020-08-26 20:00:00,1.497,231.87150000000003,6.842999999999999,49.9865,BR49,20,2,0
2020-08-26 21:00:00,2.161,235.633,9.3275,49.9975,BR49,21,2,0
2020-08-26 22:00:00,1.493,213.4255,6.4030000000000005,45.018,BR49,22,2,0
2020-08-26 23:00:00,0.86,238.8865,3.9215,50.0075,BR49,23,2,0
2020-08-27 00:00:00,1.069,239.50100000000003,4.593500000000001,50.0335,BR49,0,3,0
2020-08-27 01:00:00,0.511,242.003,2.219,50.014,BR49,1,3,0
2020-08-27 02:00:00,0.509,245.667,2.1830000000000003,49.988,BR49,2,3,0
2020-08-27 03:00:00,0.636,248.556,2.724,50.011,BR49,3,3,0
2020-08-27 04:00:00,1.539,247.382,6.626,49.993,BR49,4,3,0
2020-08-27 05:00:00,1.567,250.811,6.7005,50.0255,BR49,5,3,0
2020-08-27 06:00:00,1.579,251.6935,6.7375,50.0365,BR49,6,3,0
2020-08-27 07:00:00,1.222,227.9355,5.478,45.0115,BR49,7,3,0
2020-08-27 08:00:00,0.557,254.057,2.4235,50.018,BR49,8,3,0
2020-08-27 09:00:00,0.774,248.468,3.476,50.0075,BR49,9,3,0
2020-08-27 10:00:00,0.436,244.9815,1.8765,49.99,BR49,10,3,0
2020-08-27 11:00:00,0.464,243.0455,2.0620000000000003,49.9435,BR49,11,3,0
2020-08-27 12:00:00,0.389,246.013,2.037,49.989,BR49,12,3,0
2020-08-27 13:00:00,0.411,145.197,2.2085,30.038,BR49,13,3,0
2020-08-27 14:00:00,0.371,155.0445,2.1125,32.523,BR49,14,3,0
2020-08-27 15:00:00,0.211,77.447,1.919,24.993,BR49,15,3,0
2020-08-27 16:00:00,0.539,194.7635,3.182,47.441,BR49,16,3,0
2020-08-27 17:00:00,0.701,240.412,3.4675,49.9855,BR49,17,3,0
2020-08-27 18:00:00,0.326,194.591,1.9415,40.0055,BR49,18,3,0
2020-08-27 19:00:00,0.57,236.579,3.0635000000000003,49.9545,BR49,19,3,0
2020-08-27 20:00:00,0.646,235.011,2.9745,50.0005,BR49,20,3,0
2020-08-27 21:00:00,1.541,234.3325,6.6795,49.9585,BR49,21,3,0
2020-08-27 22:00:00,1.324,234.2665,6.106,50.018,BR49,22,3,0
2020-08-27 23:00:00,1.478,235.55900000000003,6.606999999999999,50.047,BR49,23,3,0
2020-08-28 00:00:00,1.034,237.2875,4.4965,50.0295,BR49,0,4,0
2020-08-28 01:00:00,0.53,241.2165,2.3455,49.987,BR49,1,4,0
2020-08-28 02:00:00,1.225,241.3465,5.221500000000001,49.983,BR49,2,4,0
2020-08-28 03:00:00,1.6860000000000002,242.651,7.267,49.9275,BR49,3,4,0
2020-08-28 04:00:00,1.636,247.85,6.996,49.9485,BR49,4,4,0
2020-08-28 05:00:00,1.526,252.291,6.4995,50.013,BR49,5,4,0
2020-08-28 06:00:00,1.742,250.853,7.591500000000001,50.004000000000005,BR49,6,4,0
2020-08-28 07:00:00,1.722,252.651,7.5105,49.9695,BR49,7,4,0
2020-08-28 08:00:00,0.632,254.2415,2.734,49.942,BR49,8,4,0
2020-08-28 09:00:00,0.518,247.692,2.193,49.9275,BR49,9,4,0
2020-08-28 10:00:00,0.427,194.068,2.0295,39.9795,BR49,10,4,0
2020-08-28 11:00:00,0.434,216.694,2.3335,44.9855,BR49,11,4,0
2020-08-28 12:00:00,0.532,249.05,2.5435,50.0135,BR49,12,4,0
2020-08-28 13:00:00,0.347,254.111,1.5565,50.009,BR49,13,4,0
2020-08-28 14:00:00,0.318,228.241,1.565,45.0355,BR49,14,4,0
2020-08-28 15:00:00,0.315,253.425,1.46,49.972,BR49,15,4,0
2020-08-28 16:00:00,0.269,249.8835,1.3315,49.9495,BR49,16,4,0
2020-08-28 17:00:00,0.471,246.644,2.0445,49.9685,BR49,17,4,0
2020-08-28 18:00:00,0.705,222.7765,3.563,44.959,BR49,18,4,0
2020-08-28 19:00:00,0.459,195.659,3.069,39.9105,BR49,19,4,0
2020-08-28 20:00:00,0.656,246.543,3.213,49.9965,BR49,20,4,0
2020-08-28 21:00:00,0.631,246.8565,2.85,49.983,BR49,21,4,0
2020-08-28 22:00:00,0.717,244.333,3.1135,50.0125,BR49,22,4,0
2020-08-28 23:00:00,0.524,244.784,2.3875,50.004000000000005,BR49,23,4,0
2020-08-29 00:00:00,0.484,246.0045,2.2025,49.972,BR49,0,5,1
2020-08-29 01:00:00,0.378,249.4635,1.7185,49.987,BR49,1,5,1
2020-08-29 02:00:00,0.42,250.1675,1.858,49.9315,BR49,2,5,1
2020-08-29 03:00:00,0.428,253.773,1.875,49.996,BR49,3,5,1
2020-08-29 04:00:00,0.425,255.329,1.8595,49.96,BR49,4,5,1
2020-08-29 05:00:00,0.444,256.87350000000004,2.006,49.97,BR49,5,5,1
2020-08-29 06:00:00,0.443,258.861,1.913,49.9525,BR49,6,5,1
2020-08-29 07:00:00,0.429,259.668,1.8295,50.0085,BR49,7,5,1
2020-08-29 08:00:00,0.851,254.858,3.7765,49.974,BR49,8,5,1
2020-08-29 09:00:00,0.398,250.4245,1.7260000000000002,49.9515,BR49,9,5,1
2020-08-29 10:00:00,0.384,248.18400000000003,1.6515,50.009,BR49,10,5,1
2020-08-29 11:00:00,0.417,247.0005,1.8035,49.985,BR49,11,5,1
2020-08-29 12:00:00,0.433,249.4795,1.8455,49.9665,BR49,12,5,1
2020-08-29 13:00:00,0.326,225.9685,1.4529999999999998,45.038,BR49,13,5,1
2020-08-29 14:00:00,0.145,75.0395,0.7255,15.0155,BR49,14,5,1
2020-08-29 15:00:00,0.945,236.508,4.44,47.483,BR49,15,5,1
2020-08-29 16:00:00,0.515,245.492,2.525,49.972,BR49,16,5,1
2020-08-29 17:00:00,0.484,234.8215,2.352,47.5065,BR49,17,5,1
2020-08-29 18:00:00,0.281,147.2895,1.487,29.9755,BR49,18,5,1
2020-08-29 19:00:00,0.484,244.782,2.385,50.0105,BR49,19,5,1
2020-08-29 20:00:00,0.438,240.6165,2.0235,50.0205,BR49,20,5,1
2020-08-29 21:00:00,0.468,240.8465,2.2310000000000003,49.9985,BR49,21,5,1
2020-08-29 22:00:00,0.625,240.385,2.7645,50.0295,BR49,22,5,1
2020-08-29 23:00:00,0.633,242.084,2.7685,50.0105,BR49,23,5,1
2020-08-30 00:00:00,0.522,244.052,2.2955,50.0285,BR49,0,6,1
2020-08-30 01:00:00,0.758,245.236,3.2695,50.010000000000005,BR49,1,6,1
2020-08-30 02:00:00,1.712,244.78850000000003,7.257,49.9985,BR49,2,6,1
2020-08-30 03:00:00,1.629,248.25,6.9245,50.001,BR49,3,6,1
2020-08-30 04:00:00,1.566,252.013,6.638,50.019,BR49,4,6,1
2020-08-30 05:00:00,0.71,151.89,3.4855,30.001,BR49,5,6,1
2020-08-30 06:00:00,1.659,238.3405,7.447,47.5175,BR49,6,6,1
2020-08-30 07:00:00,1.898,252.74050000000005,8.317499999999999,50.07,BR49,7,6,1
2020-08-30 08:00:00,1.508,253.955,6.669,50.0645,BR49,8,6,1
2020-08-30 09:00:00,0.527,226.642,2.32,45.0885,BR49,9,6,1
2020-08-30 10:00:00,0.54,249.834,2.264,50.046,BR49,10,6,1
2020-08-30 11:00:00,0.454,253.0395,1.9,50.001,BR49,11,6,1
2020-08-30 12:00:00,0.727,253.969,3.1275,49.953,BR49,12,6,1
2020-08-30 13:00:00,0.582,190.5445,2.6545,37.525,BR49,13,6,1
2020-08-30 14:00:00,0.072,50.8875,0.538,10.0155,BR49,14,6,1
2020-08-30 15:00:00,0.574,252.788,2.821,50.058,BR49,15,6,1
2020-08-30 16:00:00,0.535,254.774,2.646,50.0175,BR49,16,6,1
2020-08-30 17:00:00,0.449,247.4545,2.218,49.936,BR49,17,6,1
2020-08-30 18:00:00,0.435,246.707,1.97,49.9495,BR49,18,6,1
2020-08-30 19:00:00,0.396,244.551,1.7335,50.0265,BR49,19,6,1
2020-08-30 20:00:00,0.406,242.106,1.791,50.055,BR49,20,6,1
2020-08-30 21:00:00,0.4659999999999999,240.5695,2.0555,50.0155,BR49,21,6,1
2020-08-30 22:00:00,0.61,239.083,2.628,50.0115,BR49,22,6,1
2020-08-30 23:00:00,0.788,240.233,3.6155,50.0065,BR49,23,6,1
2020-08-31 00:00:00,1.111,241.3365,4.994,50.014,BR49,0,0,0
2020-08-31 01:00:00,1.71,242.7875,7.358499999999999,49.962,BR49,1,0,0
2020-08-31 02:00:00,1.641,247.3005,6.9825,49.9825,BR49,2,0,0
2020-08-31 03:00:00,1.56,249.2075,6.641,49.9905,BR49,3,0,0
2020-08-31 04:00:00,1.562,250.3615,6.638,50.022000000000006,BR49,4,0,0
2020-08-31 05:00:00,1.563,252.5715,6.639,50.0295,BR49,5,0,0
2020-08-31 06:00:00,0.9,255.2035,3.7635,50.021,BR49,6,0,0
2020-08-31 07:00:00,0.477,255.611,1.955,50.005,BR49,7,0,0
2020-08-31 08:00:00,0.384,255.474,1.61,50.0285,BR49,8,0,0
2020-08-31 09:00:00,0.549,248.64050000000003,2.422,50.0,BR49,9,0,0
2020-08-31 10:00:00,0.679,246.474,3.1495,49.9775,BR49,10,0,0
2020-08-31 11:00:00,0.357,243.579,1.5530000000000002,50.0475,BR49,11,0,0
2020-08-31 12:00:00,0.331,241.9755,1.483,50.035,BR49,12,0,0
2020-08-31 13:00:00,0.323,244.26550000000003,1.435,49.9965,BR49,13,0,0
2020-08-31 14:00:00,0.73,242.9525,3.154,49.9615,BR49,14,0,0
2020-08-31 15:00:00,1.235,244.1745,5.482,49.9565,BR49,15,0,0
2020-08-31 16:00:00,0.987,238.61,4.212,49.9945,BR49,16,0,0
2020-08-31 17:00:00,0.068,24.038,0.3175,5.0025,BR49,17,0,0
2020-08-31 18:00:00,0.301,144.5865,1.8055,29.8945,BR49,18,0,0
2020-08-31 19:00:00,0.598,236.6375,3.1335,49.7725,BR49,19,0,0
2020-08-31 20:00:00,0.649,235.577,3.2685000000000004,49.8595,BR49,20,0,0
2020-08-31 21:00:00,0.6910000000000001,237.5335,3.3534999999999995,49.9305,BR49,21,0,0
2020-08-31 22:00:00,1.578,234.485,7.279999999999999,50.0095,BR49,22,0,0
2020-08-31 23:00:00,1.561,237.279,6.758,49.9965,BR49,23,0,0
2020-09-01 00:00:00,1.042,237.4765,4.6,49.9705,BR49,0,1,0
2020-09-01 01:00:00,2.464,235.5805,10.5685,50.0035,BR49,1,1,0
2020-09-01 02:00:00,2.6,239.4165,10.8845,50.032,BR49,2,1,0
2020-09-01 03:00:00,2.32,241.898,9.7295,49.9455,BR49,3,1,0
2020-09-01 04:00:00,1.473,245.412,6.156000000000001,49.9955,BR49,4,1,0
2020-09-01 05:00:00,0.588,250.31350000000003,2.4525,49.9915,BR49,5,1,0
2020-09-01 06:00:00,1.762,252.711,7.541500000000001,50.0095,BR49,6,1,0
2020-09-01 07:00:00,1.294,256.3035,5.3975,50.003,BR49,7,1,0
2020-09-01 08:00:00,0.512,256.135,2.0685,49.9985,BR49,8,1,0
2020-09-01 09:00:00,0.268,249.5255,1.232,50.051,BR49,9,1,0
2020-09-01 10:00:00,0.327,242.9185,1.524,49.9955,BR49,10,1,0
2020-09-01 11:00:00,0.091,73.07050000000001,0.4554999999999999,14.995500000000002,BR49,11,1,0
2020-09-01 12:00:00,0.187,121.081,1.3635,25.0,BR49,12,1,0
2020-09-01 13:00:00,0.753,219.6885,3.7455,45.011,BR49,13,1,0
2020-09-01 14:00:00,0.8310000000000001,194.4175,4.4055,39.997,BR49,14,1,0
2020-09-01 15:00:00,0.0579999999999999,24.25,0.382,4.995,BR49,15,1,0
2020-09-01 16:00:00,0.63,212.886,3.3095,44.949,BR49,16,1,0
2020-09-01 17:00:00,0.768,241.4335,3.8495,50.039,BR49,17,1,0
2020-09-01 18:00:00,0.432,233.2305,2.45,47.5005,BR49,18,1,0
2020-09-01 19:00:00,0.785,226.461,4.081,47.463,BR49,19,1,0
2020-09-01 20:00:00,0.496,234.722,2.56,50.0035,BR49,20,1,0
2020-09-01 21:00:00,0.617,231.5965,2.9065000000000003,50.011,BR49,21,1,0
2020-09-01 22:00:00,2.188,229.0025,9.502,49.9785,BR49,22,1,0
2020-09-01 23:00:00,2.389,228.0545,10.5285,49.971,BR49,23,1,0
2020-09-02 00:00:00,2.441,231.0125,10.618,50.010000000000005,BR49,0,2,0
2020-09-02 01:00:00,1.627,235.387,7.0665,49.994,BR49,1,2,0
2020-09-02 02:00:00,1.559,237.2805,6.761,49.9805,BR49,2,2,0
2020-09-02 03:00:00,0.908,241.59250000000003,3.906,50.006,BR49,3,2,0
2020-09-02 04:00:00,0.4609999999999999,245.9725,1.979,50.0035,BR49,4,2,0
2020-09-02 05:00:00,1.446,247.457,6.18,49.972,BR49,5,2,0
2020-09-02 06:00:00,1.503,238.623,6.5155,47.485,BR49,6,2,0
2020-09-02 07:00:00,1.043,186.09,4.76,37.4705,BR49,7,2,0
2020-09-02 08:00:00,0.391,252.0615,1.7345,49.9135,BR49,8,2,0
2020-09-02 09:00:00,0.318,225.2015,1.4255,44.965,BR49,9,2,0
2020-09-02 10:00:00,0.3419999999999999,246.0165,1.5265,49.9855,BR49,10,2,0
2020-09-02 11:00:00,0.337,243.1805,1.4915,49.935,BR49,11,2,0
2020-09-02 12:00:00,0.318,216.5835,1.5355,45.0075,BR49,12,2,0
2020-09-02 13:00:00,1.247,240.369,5.8765,50.0435,BR49,13,2,0
2020-09-02 14:00:00,0.759,240.4955,3.273,49.9845,BR49,14,2,0
2020-09-02 15:00:00,0.579,247.387,2.458,49.984,BR49,15,2,0
2020-09-02 16:00:00,0.434,244.6795,1.8965,50.006,BR49,16,2,0
2020-09-02 17:00:00,0.412,243.869,1.796,49.975,BR49,17,2,0
2020-09-02 18:00:00,0.416,242.4385,1.8115,49.936,BR49,18,2,0
2020-09-02 19:00:00,0.646,235.632,2.903,49.839,BR49,19,2,0
2020-09-02 20:00:00,0.98,235.8765,4.7045,49.9265,BR49,20,2,0
2020-09-02 21:00:00,0.499,234.75950000000003,2.2845,49.985,BR49,21,2,0
2020-09-02 22:00:00,1.215,229.3615,5.427,49.9445,BR49,22,2,0
2020-09-02 23:00:00,2.419,227.0205,10.6515,49.926,BR49,23,2,0
2020-09-03 00:00:00,1.814,229.788,7.922,49.9435,BR49,0,3,0
2020-09-03 01:00:00,2.505,233.9405,10.7245,50.0045,BR49,1,3,0
2020-09-03 02:00:00,1.264,238.4125,5.374499999999999,50.016000000000005,BR49,2,3,0
2020-09-03 03:00:00,0.721,240.533,3.128,50.009,BR49,3,3,0
2020-09-03 04:00:00,1.553,241.273,6.672499999999999,50.009,BR49,4,3,0
2020-09-03 05:00:00,1.546,246.2165,6.583,50.031,BR49,5,3,0
2020-09-03 06:00:00,1.075,249.532,4.5535000000000005,50.0205,BR49,6,3,0
2020-09-03 07:00:00,0.367,255.723,1.519,50.049,BR49,7,3,0
2020-09-03 08:00:00,0.296,254.4125,1.295,50.006,BR49,8,3,0
2020-09-03 09:00:00,0.247,250.789,1.1110000000000002,49.978,BR49,9,3,0
2020-09-03 10:00:00,0.237,246.248,1.104,50.009,BR49,10,3,0
2020-09-03 11:00:00,0.229,243.7055,1.1145,50.0005,BR49,11,3,0
2020-09-03 12:00:00,0.531,224.9715,2.6925,47.486,BR49,12,3,0
2020-09-03 13:00:00,0.7160000000000001,219.317,3.6005000000000003,45.0095,BR49,13,3,0
2020-09-03 14:00:00,0.421,245.807,1.84,49.9675,BR49,14,3,0
2020-09-03 15:00:00,1.354,242.4635,5.767,50.0075,BR49,15,3,0
2020-09-03 16:00:00,1.322,241.4695,5.659000000000001,49.9555,BR49,16,3,0
2020-09-03 17:00:00,0.475,241.5905,2.06,50.0005,BR49,17,3,0
2020-09-03 18:00:00,0.303,242.9065,1.419,49.958,BR49,18,3,0
2020-09-03 19:00:00,0.491,239.119,2.137,49.846,BR49,19,3,0
2020-09-03 20:00:00,0.469,236.4565,2.0985,49.9505,BR49,20,3,0
2020-09-03 21:00:00,0.921,231.5965,4.2485,49.938,BR49,21,3,0
2020-09-03 22:00:00,1.508,228.287,6.733,49.9935,BR49,22,3,0
2020-09-03 23:00:00,2.123,232.636,9.117,50.018,BR49,23,3,0
2020-09-04 00:00:00,1.798,231.7575,7.903999999999999,50.001,BR49,0,4,0
2020-09-04 01:00:00,2.178,236.2555,9.066,49.9975,BR49,1,4,0
2020-09-04 02:00:00,1.839,239.4605,7.7095,50.021,BR49,2,4,0
2020-09-04 03:00:00,1.751,241.498,7.134,50.018,BR49,3,4,0
2020-09-04 04:00:00,1.181,244.3695,5.060499999999999,50.0165,BR49,4,4,0
2020-09-04 05:00:00,1.474,247.1135,6.3165,50.033,BR49,5,4,0
2020-09-04 06:00:00,1.488,250.1395,6.3525,50.032,BR49,6,4,0
2020-09-04 07:00:00,1.133,226.0785,4.8735,45.037,BR49,7,4,0
2020-09-04 08:00:00,0.36,248.4985,1.5550000000000002,50.0215,BR49,8,4,0
2020-09-04 09:00:00,0.325,248.7825,1.4255,50.021,BR49,9,4,0
2020-09-04 10:00:00,0.315,248.2615,1.3885,49.989,BR49,10,4,0
2020-09-04 11:00:00,0.303,239.99650000000003,1.468,49.976,BR49,11,4,0
2020-09-04 12:00:00,0.372,236.85700000000003,1.8495,50.0185,BR49,12,4,0
2020-09-04 13:00:00,0.454,179.363,2.4925,37.5015,BR49,13,4,0
2020-09-04 14:00:00,0.786,229.4175,3.8645,47.471,BR49,14,4,0
2020-09-04 15:00:00,0.525,241.593,2.4235,49.9445,BR49,15,4,0
2020-09-04 16:00:00,0.395,238.8205,1.8375,50.025,BR49,16,4,0
2020-09-04 17:00:00,0.825,239.307,3.626,50.033,BR49,17,4,0
2020-09-04 18:00:00,1.116,231.5435,4.991,47.5255,BR49,18,4,0
2020-09-04 19:00:00,0.492,238.042,2.212,49.924,BR49,19,4,0
2020-09-04 20:00:00,1.323,237.006,5.7065,50.0025,BR49,20,4,0
2020-09-04 21:00:00,0.677,232.0245,3.0865,49.997,BR49,21,4,0
2020-09-04 22:00:00,1.122,230.91350000000003,4.9775,49.968,BR49,22,4,0
2020-09-04 23:00:00,1.664,230.938,7.334999999999999,49.965,BR49,23,4,0
2020-09-05 00:00:00,2.509,231.5565,10.8335,49.982,BR49,0,5,1
2020-09-05 01:00:00,1.494,237.069,6.7075000000000005,49.998000000000005,BR49,1,5,1
2020-09-05 02:00:00,1.557,239.6825,6.725,50.0295,BR49,2,5,1
2020-09-05 03:00:00,1.599,241.956,6.855500000000001,50.008,BR49,3,5,1
2020-09-05 04:00:00,0.658,246.4025,2.8,50.0005,BR49,4,5,1
2020-09-05 05:00:00,1.5,248.5105,6.404000000000001,50.008,BR49,5,5,1
2020-09-05 06:00:00,0.971,186.146,4.4590000000000005,37.4885,BR49,6,5,1
2020-09-05 07:00:00,0.451,253.176,2.056,50.015,BR49,7,5,1
2020-09-05 08:00:00,0.444,251.5225,1.971,49.9825,BR49,8,5,1
2020-09-05 09:00:00,0.76,245.2305,3.547,50.022,BR49,9,5,1
2020-09-05 10:00:00,0.409,240.9075,1.925,50.0065,BR49,10,5,1
2020-09-05 11:00:00,0.435,243.5885,2.154,50.002,BR49,11,5,1
2020-09-05 12:00:00,0.511,243.6055,2.452,50.007,BR49,12,5,1
2020-09-05 13:00:00,0.441,247.41350000000003,2.085,50.0855,BR49,13,5,1
2020-09-05 14:00:00,1.053,245.7145,4.6055,50.0075,BR49,14,5,1
2020-09-05 15:00:00,1.662,239.972,7.3875,49.987,BR49,15,5,1
2020-09-05 16:00:00,1.779,236.51,7.83,50.0255,BR49,16,5,1
2020-09-05 17:00:00,0.582,242.634,2.673,50.066,BR49,17,5,1
2020-09-05 18:00:00,0.62,247.5355,2.722,50.0195,BR49,18,5,1
2020-09-05 19:00:00,0.8150000000000001,239.8275,3.521,50.011,BR49,19,5,1
2020-09-05 20:00:00,0.908,234.867,4.011,50.025,BR49,20,5,1
2020-09-05 21:00:00,2.278,231.4795,9.954,50.0205,BR49,21,5,1
2020-09-05 22:00:00,1.443,231.116,6.3475,49.9895,BR49,22,5,1
2020-09-05 23:00:00,1.36,235.573,5.8775,50.021,BR49,23,5,1
2020-09-06 00:00:00,1.57,236.22200000000004,6.7935,49.985,BR49,0,6,1
2020-09-06 01:00:00,2.315,235.4855,9.9505,49.995,BR49,1,6,1
2020-09-06 02:00:00,2.289,238.0005,9.7525,50.026,BR49,2,6,1
2020-09-06 03:00:00,1.551,243.61550000000005,6.574,50.0105,BR49,3,6,1
2020-09-06 04:00:00,0.632,247.0475,2.6710000000000003,50.008,BR49,4,6,1
2020-09-06 05:00:00,0.378,249.378,1.584,50.0235,BR49,5,6,1
2020-09-06 06:00:00,0.647,251.1555,2.7310000000000003,50.036,BR49,6,6,1
2020-09-06 07:00:00,1.423,253.49050000000005,6.045,50.064,BR49,7,6,1
2020-09-06 08:00:00,1.196,254.641,5.388,50.022000000000006,BR49,8,6,1
2020-09-06 09:00:00,0.449,253.699,1.944,50.022000000000006,BR49,9,6,1
2020-09-06 10:00:00,0.451,248.3385,1.974,49.947,BR49,10,6,1
2020-09-06 11:00:00,0.459,246.6355,2.028,49.989,BR49,11,6,1
2020-09-06 12:00:00,0.514,247.397,2.277,50.016,BR49,12,6,1
2020-09-06 13:00:00,0.583,244.4345,2.5625,50.035,BR49,13,6,1
2020-09-06 14:00:00,0.73,243.7965,3.207,50.0535,BR49,14,6,1
2020-09-06 15:00:00,1.425,242.43,6.0685,50.059000000000005,BR49,15,6,1
2020-09-06 16:00:00,0.673,243.87150000000003,2.8920000000000003,50.012,BR49,16,6,1
2020-09-06 17:00:00,0.43,248.144,1.8135,49.9975,BR49,17,6,1
2020-09-06 18:00:00,0.669,246.685,2.878,50.022,BR49,18,6,1
2020-09-06 19:00:00,0.69,242.1055,2.9115,50.026,BR49,19,6,1
2020-09-06 20:00:00,0.63,238.004,2.7045000000000003,50.0385,BR49,20,6,1
2020-09-06 21:00:00,0.4629999999999999,236.1205,2.0445,50.027,BR49,21,6,1
2020-09-06 22:00:00,1.27,234.2845,5.5265,50.016000000000005,BR49,22,6,1
2020-09-06 23:00:00,1.999,228.2975,8.892,50.0245,BR49,23,6,1
2020-09-07 00:00:00,2.5700000000000003,229.686,11.2785,50.021,BR49,0,0,0
2020-09-07 01:00:00,1.976,235.5995,8.5555,50.0425,BR49,1,0,0
2020-09-07 02:00:00,1.568,239.5105,6.7565,50.0225,BR49,2,0,0
2020-09-07 03:00:00,1.055,241.1745,4.531000000000001,50.03,BR49,3,0,0
2020-09-07 04:00:00,1.138,243.542,4.879,50.021,BR49,4,0,0
2020-09-07 05:00:00,1.4489999999999998,245.306,6.222,50.0185,BR49,5,0,0
2020-09-07 06:00:00,0.744,251.9255,3.143,50.029,BR49,6,0,0
2020-09-07 07:00:00,0.388,254.78000000000003,1.6004999999999998,50.019,BR49,7,0,0
2020-09-07 08:00:00,0.474,253.3185,2.0695,50.0005,BR49,8,0,0
2020-09-07 09:00:00,0.416,250.714,1.8925,49.992,BR49,9,0,0
2020-09-07 10:00:00,0.266,247.70300000000003,1.189,49.9765,BR49,10,0,0
2020-09-07 11:00:00,0.344,236.5115,1.565,49.944,BR49,11,0,0
2020-09-07 12:00:00,0.432,238.257,1.945,50.0055,BR49,12,0,0
2020-09-07 13:00:00,0.374,238.6255,1.752,50.039,BR49,13,0,0
2020-09-07 14:00:00,0.38,225.7485,2.2125,47.5375,BR49,14,0,0
2020-09-07 15:00:00,0.604,239.646,2.7505,50.0175,BR49,15,0,0
2020-09-07 16:00:00,0.609,236.505,2.788,49.976,BR49,16,0,0
2020-09-07 17:00:00,0.532,239.617,2.5505,49.981,BR49,17,0,0
2020-09-07 18:00:00,0.609,239.239,3.1445,49.9445,BR49,18,0,0
2020-09-07 19:00:00,0.511,230.7805,2.3565,49.9945,BR49,19,0,0
2020-09-07 20:00:00,0.47,229.789,2.17,50.017,BR49,20,0,0
2020-09-07 21:00:00,0.473,227.91350000000003,2.2155,50.0235,BR49,21,0,0
2020-09-07 22:00:00,0.943,168.71949999999998,4.547,37.5,BR49,22,0,0
2020-09-07 23:00:00,1.396,214.717,6.513,47.5105,BR49,23,0,0
2020-09-08 00:00:00,1.468,228.0555,6.6285,49.9635,BR49,0,1,0
2020-09-08 01:00:00,2.186,229.1845,9.6285,50.0065,BR49,1,1,0
2020-09-08 02:00:00,1.57,232.365,7.019499999999999,50.0105,BR49,2,1,0
2020-09-08 03:00:00,1.542,235.7785,6.837000000000001,50.0135,BR49,3,1,0
2020-09-08 04:00:00,1.553,239.008,6.8185,50.0065,BR49,4,1,0
2020-09-08 05:00:00,1.55,243.7135,6.6885,49.9865,BR49,5,1,0
2020-09-08 06:00:00,1.325,198.458,5.7905,40.031,BR49,6,1,0
2020-09-08 07:00:00,0.8150000000000001,250.937,3.5635,50.010000000000005,BR49,7,1,0
2020-09-08 08:00:00,0.454,251.9075,2.017,50.004000000000005,BR49,8,1,0
2020-09-08 09:00:00,0.378,248.051,1.7555,50.0145,BR49,9,1,0
2020-09-08 10:00:00,0.421,240.1475,1.977,49.9975,BR49,10,1,0
2020-09-08 11:00:00,0.356,238.8395,1.7795,50.022000000000006,BR49,11,1,0
2020-09-08 12:00:00,0.467,242.5045,2.1355,49.978,BR49,12,1,0
2020-09-08 13:00:00,0.55,217.0055,3.037,44.993,BR49,13,1,0
2020-09-08 14:00:00,0.535,240.342,2.5095,49.9935,BR49,14,1,0
2020-09-08 15:00:00,0.53,216.5235,2.6645,44.9085,BR49,15,1,0
2020-09-08 16:00:00,0.581,235.041,2.886,49.998000000000005,BR49,16,1,0
2020-09-08 17:00:00,0.482,237.915,2.3245,49.9515,BR49,17,1,0
2020-09-08 18:00:00,0.433,240.4395,2.167,49.875,BR49,18,1,0
2020-09-08 19:00:00,0.542,236.0305,2.511,49.9215,BR49,19,1,0
2020-09-08 20:00:00,0.658,230.3005,3.079,49.923,BR49,20,1,0
2020-09-08 21:00:00,1.504,226.9235,6.738,49.893,BR49,21,1,0
2020-09-08 22:00:00,1.336,229.345,5.9255,49.9405,BR49,22,1,0
2020-09-08 23:00:00,0.786,231.1135,3.674,49.951,BR49,23,1,0
2020-09-09 00:00:00,1.789,230.3105,7.8215,49.981,BR49,0,2,0
2020-09-09 01:00:00,1.874,231.845,8.1905,49.9655,BR49,1,2,0
2020-09-09 02:00:00,1.535,236.6875,6.6035,49.996500000000005,BR49,2,2,0
2020-09-09 03:00:00,1.519,237.4985,6.526999999999999,49.999,BR49,3,2,0
2020-09-09 04:00:00,1.542,239.698,6.5295000000000005,49.9875,BR49,4,2,0
2020-09-09 05:00:00,1.537,244.6965,6.544,49.994,BR49,5,2,0
2020-09-09 06:00:00,0.577,251.5345,2.4145,50.006,BR49,6,2,0
2020-09-09 07:00:00,0.353,251.668,1.497,50.011,BR49,7,2,0
2020-09-09 08:00:00,0.635,248.0425,2.7785,49.972,BR49,8,2,0
2020-09-09 09:00:00,0.366,244.558,1.643,50.0275,BR49,9,2,0
2020-09-09 10:00:00,0.384,241.72600000000003,1.735,50.013,BR49,10,2,0
2020-09-09 11:00:00,0.393,236.1935,1.818,50.011,BR49,11,2,0
2020-09-09 12:00:00,0.622,216.0345,3.175,45.0125,BR49,12,2,0
2020-09-09 13:00:00,0.584,240.9375,2.6805,50.0305,BR49,13,2,0
2020-09-09 14:00:00,0.534,237.92800000000005,2.455,49.955,BR49,14,2,0
2020-09-09 15:00:00,1.275,242.775,5.314500000000001,50.02,BR49,15,2,0
2020-09-09 16:00:00,1.156,235.993,5.002,49.9855,BR49,16,2,0
2020-09-09 17:00:00,0.659,238.989,2.875,50.0215,BR49,17,2,0
2020-09-09 18:00:00,0.375,240.145,1.7079999999999995,50.019,BR49,18,2,0
2020-09-09 19:00:00,0.613,237.514,2.749,50.025,BR49,19,2,0
2020-09-09 20:00:00,1.58,231.5435,6.891500000000001,50.0145,BR49,20,2,0
2020-09-09 21:00:00,1.391,230.304,6.146,50.04,BR49,21,2,0
2020-09-09 22:00:00,1.131,227.3295,5.121,50.0365,BR49,22,2,0
2020-09-09 23:00:00,1.535,230.3095,6.757000000000001,49.9935,BR49,23,2,0
2020-09-10 00:00:00,0.441,234.735,1.997,49.985,BR49,0,3,0
2020-09-10 01:00:00,1.013,237.1855,4.44,50.011,BR49,1,3,0
2020-09-10 02:00:00,1.527,236.245,6.6625,50.0225,BR49,2,3,0
2020-09-10 03:00:00,1.526,237.998,6.6265,50.028000000000006,BR49,3,3,0
2020-09-10 04:00:00,1.528,240.2925,6.599500000000001,50.0205,BR49,4,3,0
2020-09-10 05:00:00,1.609,242.039,6.867,50.0025,BR49,5,3,0
2020-09-10 06:00:00,1.7,248.556,7.234,50.0485,BR49,6,3,0
2020-09-10 07:00:00,1.169,250.793,4.976,50.0525,BR49,7,3,0
2020-09-10 08:00:00,0.299,251.132,1.277,50.038,BR49,8,3,0
2020-09-10 09:00:00,0.325,247.6185,1.39,50.0315,BR49,9,3,0
2020-09-10 10:00:00,0.301,241.1605,1.3525,49.996,BR49,10,3,0
2020-09-10 11:00:00,0.347,225.883,1.7599999999999998,47.4975,BR49,11,3,0
2020-09-10 12:00:00,0.417,227.7745,1.99,47.484,BR49,12,3,0
2020-09-10 13:00:00,0.385,240.2985,1.8595,50.0145,BR49,13,3,0
2020-09-10 14:00:00,0.344,196.464,1.9055,42.4805,BR49,14,3,0
2020-09-10 15:00:00,0.495,228.49,2.379,49.9925,BR49,15,3,0
2020-09-10 16:00:00,0.787,227.4545,3.838,50.034,BR49,16,3,0
2020-09-10 17:00:00,0.534,241.644,2.336,50.0205,BR49,17,3,0
2020-09-10 18:00:00,0.406,243.432,1.874,50.005,BR49,18,3,0
2020-09-10 19:00:00,0.448,235.463,2.0885,50.041,BR49,19,3,0
2020-09-10 20:00:00,0.498,231.09250000000003,2.291,50.0315,BR49,20,3,0
2020-09-10 21:00:00,1.009,232.1625,4.4605,50.0155,BR49,21,3,0
2020-09-10 22:00:00,1.676,226.028,7.451,50.026,BR49,22,3,0
2020-09-10 23:00:00,2.427,226.1015,10.828,50.026,BR49,23,3,0
2020-09-11 00:00:00,1.59,228.6125,7.1175,50.0015,BR49,0,4,0
2020-09-11 01:00:00,1.526,231.639,6.787999999999999,50.015,BR49,1,4,0
2020-09-11 02:00:00,1.538,234.72,6.767,50.0135,BR49,2,4,0
2020-09-11 03:00:00,1.512,237.48,6.608,50.032,BR49,3,4,0
2020-09-11 04:00:00,1.462,240.90500000000003,6.412000000000001,50.0225,BR49,4,4,0
2020-09-11 05:00:00,1.623,243.84,6.965999999999999,49.9875,BR49,5,4,0
2020-09-11 06:00:00,1.543,247.503,6.597499999999999,50.0115,BR49,6,4,0
2020-09-11 07:00:00,0.98,246.745,4.229,50.018,BR49,7,4,0
2020-09-11 08:00:00,0.315,249.777,1.3685,50.0295,BR49,8,4,0
2020-09-11 09:00:00,0.537,245.302,2.4455,50.021,BR49,9,4,0
2020-09-11 10:00:00,0.908,241.6275,4.546,50.039,BR49,10,4,0
2020-09-11 11:00:00,0.334,180.2555,1.815,37.518,BR49,11,4,0
2020-09-11 12:00:00,0.43,236.67,2.1085000000000003,49.9805,BR49,12,4,0
2020-09-11 13:00:00,0.36,237.3765,1.6940000000000002,50.031,BR49,13,4,0
2020-09-11 14:00:00,0.4,237.7775,1.811,50.0145,BR49,14,4,0
2020-09-11 15:00:00,0.818,239.3905,3.5420000000000003,50.04,BR49,15,4,0
2020-09-11 16:00:00,1.099,199.4245,5.1165,42.507,BR49,16,4,0
2020-09-11 17:00:00,0.787,234.5485,3.752,50.008,BR49,17,4,0
2020-09-11 18:00:00,0.375,235.8635,1.7715,50.0,BR49,18,4,0
2020-09-11 19:00:00,0.433,233.35100000000003,1.9475,50.026,BR49,19,4,0
2020-09-11 20:00:00,0.457,233.4235,2.1215,50.017,BR49,20,4,0
2020-09-11 21:00:00,0.517,232.1295,2.4085,49.996500000000005,BR49,21,4,0
2020-09-11 22:00:00,1.512,226.1375,6.793000000000001,50.008,BR49,22,4,0
2020-09-11 23:00:00,2.283,226.083,10.2065,50.037,BR49,23,4,0
2020-09-12 00:00:00,1.833,227.205,8.201,50.009,BR49,0,5,1
2020-09-12 01:00:00,1.6829999999999998,229.808,7.495999999999999,50.0075,BR49,1,5,1
2020-09-12 02:00:00,2.395,232.6595,10.4025,50.0305,BR49,2,5,1
2020-09-12 03:00:00,0.931,240.4915,4.031000000000001,50.02,BR49,3,5,1
2020-09-12 04:00:00,1.516,240.486,6.5525,49.978,BR49,4,5,1
2020-09-12 05:00:00,1.434,246.183,6.1265,50.008,BR49,5,5,1
2020-09-12 06:00:00,1.484,249.536,6.3740000000000006,50.0045,BR49,6,5,1
2020-09-12 07:00:00,1.403,250.602,6.0445,50.052,BR49,7,5,1
2020-09-12 08:00:00,0.641,250.927,2.7315,50.009,BR49,8,5,1
2020-09-12 09:00:00,0.138,71.9075,0.7615000000000001,15.01,BR49,9,5,1
2020-09-12 10:00:00,0.456,232.087,2.457,50.0655,BR49,10,5,1
2020-09-12 11:00:00,0.697,232.192,3.678,50.0275,BR49,11,5,1
2020-09-12 12:00:00,0.804,235.11,3.7805,49.964,BR49,12,5,1
2020-09-12 13:00:00,0.495,236.1265,2.157,49.9965,BR49,13,5,1
2020-09-12 14:00:00,0.45,231.687,2.02,50.008500000000005,BR49,14,5,1
2020-09-12 15:00:00,0.553,238.9235,2.6335,50.0535,BR49,15,5,1
2020-09-12 16:00:00,0.474,212.801,2.5675,44.9755,BR49,16,5,1
2020-09-12 17:00:00,0.462,236.432,2.3120000000000003,49.9665,BR49,17,5,1
2020-09-12 18:00:00,0.49,235.731,2.398,49.968,BR49,18,5,1
2020-09-12 19:00:00,0.737,226.89,3.43,50.0015,BR49,19,5,1
2020-09-12 20:00:00,0.389,226.2365,1.847,50.011,BR49,20,5,1
2020-09-12 21:00:00,1.843,225.808,8.322,50.0115,BR49,21,5,1
2020-09-12 22:00:00,2.061,221.289,9.453,50.001,BR49,22,5,1
2020-09-12 23:00:00,2.479,220.2265,11.2965,50.0135,BR49,23,5,1
2020-09-13 00:00:00,1.995,223.2225,9.043,50.0115,BR49,0,6,1
2020-09-13 01:00:00,1.471,229.8165,6.577,50.002,BR49,1,6,1
2020-09-13 02:00:00,1.544,234.204,6.789,49.9925,BR49,2,6,1
2020-09-13 03:00:00,1.502,233.7085,6.627,50.010000000000005,BR49,3,6,1
2020-09-13 04:00:00,1.301,236.76550000000003,5.691,50.0015,BR49,4,6,1
2020-09-13 05:00:00,1.3299999999999998,241.228,5.7385,50.024,BR49,5,6,1
2020-09-13 06:00:00,1.517,246.1005,6.472,50.013,BR49,6,6,1
2020-09-13 07:00:00,1.164,247.705,4.962,50.006,BR49,7,6,1
2020-09-13 08:00:00,0.636,250.7335,2.7925,50.0255,BR49,8,6,1
2020-09-13 09:00:00,0.3369999999999999,246.893,1.4449999999999998,50.037,BR49,9,6,1
2020-09-13 10:00:00,0.359,244.489,1.524,50.089,BR49,10,6,1
2020-09-13 11:00:00,0.364,244.8545,1.5545,50.0245,BR49,11,6,1
2020-09-13 12:00:00,0.445,242.55300000000005,1.919,50.010000000000005,BR49,12,6,1
2020-09-13 13:00:00,0.741,226.6125,3.776,47.502,BR49,13,6,1
2020-09-13 14:00:00,0.833,241.0085,3.9395,50.002,BR49,14,6,1
2020-09-13 15:00:00,0.768,213.1855,3.491,45.0245,BR49,15,6,1
2020-09-13 16:00:00,0.746,241.057,3.682,50.0395,BR49,16,6,1
2020-09-13 17:00:00,0.423,222.085,1.9775,44.9985,BR49,17,6,1
2020-09-13 18:00:00,0.609,231.9165,2.7885,47.4995,BR49,18,6,1
2020-09-13 19:00:00,0.5700000000000001,207.772,2.896,45.019,BR49,19,6,1
2020-09-13 20:00:00,0.579,233.0965,2.738,50.0145,BR49,20,6,1
2020-09-13 21:00:00,0.456,229.283,2.1505,50.005,BR49,21,6,1
2020-09-13 22:00:00,1.257,225.24,5.699,50.0255,BR49,22,6,1
2020-09-13 23:00:00,1.378,229.135,6.215,50.0215,BR49,23,6,1
2020-09-14 00:00:00,0.0,,,,BR49,0,0,0
2020-09-14 01:00:00,0.0,,,,BR49,1,0,0
2020-09-14 02:00:00,0.0,,,,BR49,2,0,0
2020-09-14 03:00:00,0.0,,,,BR49,3,0,0
2020-09-14 04:00:00,0.0,,,,BR49,4,0,0
2020-09-14 05:00:00,0.0,,,,BR49,5,0,0
2020-09-14 06:00:00,0.0,,,,BR49,6,0,0
2020-09-14 07:00:00,0.0,,,,BR49,7,0,0
2020-09-14 08:00:00,0.0,,,,BR49,8,0,0
2020-09-14 09:00:00,0.0,,,,BR49,9,0,0
2020-09-14 10:00:00,0.0,,,,BR49,10,0,0
2020-09-14 11:00:00,0.0,,,,BR49,11,0,0
2020-09-14 12:00:00,0.0,,,,BR49,12,0,0
2020-09-14 13:00:00,0.0,,,,BR49,13,0,0
2020-09-14 14:00:00,0.0,,,,BR49,14,0,0
2020-09-14 15:00:00,0.0,,,,BR49,15,0,0
2020-09-14 16:00:00,0.0,,,,BR49,16,0,0
2020-09-14 17:00:00,0.0,,,,BR49,17,0,0
2020-09-14 18:00:00,0.0,,,,BR49,18,0,0
2020-09-14 19:00:00,0.0,,,,BR49,19,0,0
2020-09-14 20:00:00,0.0,,,,BR49,20,0,0
2020-09-14 21:00:00,0.0,,,,BR49,21,0,0
2020-09-14 22:00:00,0.0,,,,BR49,22,0,0
2020-09-14 23:00:00,0.0,,,,BR49,23,0,0
2020-09-15 00:00:00,0.0,,,,BR49,0,1,0
2020-09-15 01:00:00,0.0,,,,BR49,1,1,0
2020-09-15 02:00:00,0.0,,,,BR49,2,1,0
2020-09-15 03:00:00,0.0,,,,BR49,3,1,0
2020-09-15 04:00:00,0.0,,,,BR49,4,1,0
2020-09-15 05:00:00,0.0,,,,BR49,5,1,0
2020-09-15 06:00:00,0.0,,,,BR49,6,1,0
2020-09-15 07:00:00,0.0,,,,BR49,7,1,0
2020-09-15 08:00:00,0.0,,,,BR49,8,1,0
2020-09-15 09:00:00,0.0,,,,BR49,9,1,0
2020-09-15 10:00:00,0.0,,,,BR49,10,1,0
2020-09-15 11:00:00,0.0,,,,BR49,11,1,0
2020-09-15 12:00:00,0.0,,,,BR49,12,1,0
2020-09-15 13:00:00,0.0,,,,BR49,13,1,0
2020-09-15 14:00:00,0.0,,,,BR49,14,1,0
2020-09-15 15:00:00,0.0,,,,BR49,15,1,0
2020-09-15 16:00:00,0.0,,,,BR49,16,1,0
2020-09-15 17:00:00,0.0,,,,BR49,17,1,0
2020-09-15 18:00:00,0.0,,,,BR49,18,1,0
2020-09-15 19:00:00,0.0,,,,BR49,19,1,0
2020-09-15 20:00:00,0.0,,,,BR49,20,1,0
2020-09-15 21:00:00,0.0,,,,BR49,21,1,0
2020-09-15 22:00:00,0.0,,,,BR49,22,1,0
2020-09-15 23:00:00,0.0,,,,BR49,23,1,0
2020-09-16 00:00:00,0.0,,,,BR49,0,2,0
2020-09-16 01:00:00,0.0,,,,BR49,1,2,0
2020-09-16 02:00:00,0.0,,,,BR49,2,2,0
2020-09-16 03:00:00,0.0,,,,BR49,3,2,0
2020-09-16 04:00:00,0.0,,,,BR49,4,2,0
2020-09-16 05:00:00,0.0,,,,BR49,5,2,0
2020-09-16 06:00:00,0.0,,,,BR49,6,2,0
2020-09-16 07:00:00,0.0,,,,BR49,7,2,0
2020-09-16 08:00:00,0.0,,,,BR49,8,2,0
2020-09-16 09:00:00,0.0,,,,BR49,9,2,0
2020-09-16 10:00:00,0.0,,,,BR49,10,2,0
2020-09-16 11:00:00,0.0,,,,BR49,11,2,0
2020-09-16 12:00:00,0.0,,,,BR49,12,2,0
2020-09-16 13:00:00,0.0,,,,BR49,13,2,0
2020-09-16 14:00:00,0.0,,,,BR49,14,2,0
2020-09-16 15:00:00,0.0,,,,BR49,15,2,0
2020-09-16 16:00:00,0.0,,,,BR49,16,2,0
2020-09-16 17:00:00,0.0,,,,BR49,17,2,0
2020-09-16 18:00:00,0.0,,,,BR49,18,2,0
2020-09-16 19:00:00,0.0,,,,BR49,19,2,0
2020-09-16 20:00:00,0.0,,,,BR49,20,2,0
2020-09-16 21:00:00,0.0,,,,BR49,21,2,0
2020-09-16 22:00:00,0.0,,,,BR49,22,2,0
2020-09-16 23:00:00,0.0,,,,BR49,23,2,0
2020-09-17 00:00:00,2.237,230.909,9.749,50.022000000000006,BR49,0,3,0
2020-09-17 01:00:00,2.233,232.6785,9.684,50.003,BR49,1,3,0
2020-09-17 02:00:00,2.154,233.6335,9.3395,49.986,BR49,2,3,0
2020-09-17 03:00:00,1.694,237.549,7.3255,49.965,BR49,3,3,0
2020-09-17 04:00:00,1.527,240.613,6.608,49.9515,BR49,4,3,0
2020-09-17 05:00:00,1.341,218.3955,6.108,44.9945,BR49,5,3,0
2020-09-17 06:00:00,1.563,247.266,6.867999999999999,50.006,BR49,6,3,0
2020-09-17 07:00:00,1.254,199.464,5.653499999999999,40.0365,BR49,7,3,0
2020-09-17 08:00:00,2.22,248.368,9.247,50.057,BR49,8,3,0
2020-09-17 09:00:00,1.046,248.013,4.474,50.012,BR49,9,3,0
2020-09-17 10:00:00,0.511,242.8315,2.444,50.022000000000006,BR49,10,3,0
2020-09-17 11:00:00,0.756,242.3475,3.646,50.0115,BR49,11,3,0
2020-09-17 12:00:00,0.431,241.057,1.9075,50.001,BR49,12,3,0
2020-09-17 13:00:00,0.396,239.8195,1.7945,50.016000000000005,BR49,13,3,0
2020-09-17 14:00:00,0.625,238.542,2.681,50.0145,BR49,14,3,0
2020-09-17 15:00:00,1.39,199.1285,6.4155,42.508,BR49,15,3,0
2020-09-17 16:00:00,0.851,237.7395,3.863,50.016000000000005,BR49,16,3,0
2020-09-17 17:00:00,0.58,240.613,2.557,50.0015,BR49,17,3,0
2020-09-17 18:00:00,0.572,240.481,2.484,50.041,BR49,18,3,0
2020-09-17 19:00:00,0.76,231.993,3.3905000000000003,50.0455,BR49,19,3,0
2020-09-17 20:00:00,1.528,229.764,6.959999999999999,50.0295,BR49,20,3,0
2020-09-17 21:00:00,0.644,125.3605,3.127,27.512,BR49,21,3,0
2020-09-17 22:00:00,1.923,222.2315,8.816500000000001,50.026,BR49,22,3,0
2020-09-17 23:00:00,2.653,223.03850000000003,11.988499999999998,50.046,BR49,23,3,0
2020-09-18 00:00:00,2.328,226.538,10.467,50.043,BR49,0,4,0
2020-09-18 01:00:00,2.314,229.88,10.255,50.040000000000006,BR49,1,4,0
2020-09-18 02:00:00,2.248,234.0775,9.825,50.0405,BR49,2,4,0
2020-09-18 03:00:00,2.048,237.9305,8.861,50.022000000000006,BR49,3,4,0
2020-09-18 04:00:00,0.905,242.855,4.008,50.0025,BR49,4,4,0
2020-09-18 05:00:00,1.874,242.569,8.052,50.015,BR49,5,4,0
2020-09-18 06:00:00,2.009,246.3865,8.906,50.0055,BR49,6,4,0
2020-09-18 07:00:00,1.701,249.2805,7.186,50.001,BR49,7,4,0
2020-09-18 08:00:00,1.094,246.332,4.6235,49.982,BR49,8,4,0
2020-09-18 09:00:00,0.563,243.923,2.3755,50.009,BR49,9,4,0
2020-09-18 10:00:00,0.447,238.712,1.97,50.019,BR49,10,4,0
2020-09-18 11:00:00,0.389,235.9335,1.77,49.987,BR49,11,4,0
2020-09-18 12:00:00,0.308,165.584,1.3975,35.0165,BR49,12,4,0
2020-09-18 13:00:00,0.0,0.0,0.0,0.0,BR49,13,4,0
2020-09-18 14:00:00,1.027,152.5315,5.2090000000000005,32.5415,BR49,14,4,0
2020-09-18 15:00:00,2.837,229.518,13.231,49.992,BR49,15,4,0
2020-09-18 16:00:00,2.076,227.111,9.5625,49.9935,BR49,16,4,0
2020-09-18 17:00:00,2.051,235.885,9.122,49.9605,BR49,17,4,0
2020-09-18 18:00:00,1.396,236.4765,6.2615,49.9365,BR49,18,4,0
2020-09-18 19:00:00,0.635,230.999,2.9275,49.993,BR49,19,4,0
2020-09-18 20:00:00,0.79,232.904,3.557,50.007,BR49,20,4,0
2020-09-18 21:00:00,0.978,229.35700000000003,4.4455,49.989,BR49,21,4,0
2020-09-18 22:00:00,1.817,225.2715,8.183,49.9975,BR49,22,4,0
2020-09-18 23:00:00,2.6340000000000003,224.187,11.906,49.999,BR49,23,4,0
2020-09-19 00:00:00,0.0,,,,BR49,0,5,1
2020-09-19 01:00:00,0.0,,,,BR49,1,5,1
2020-09-19 02:00:00,0.0,,,,BR49,2,5,1
2020-09-19 03:00:00,0.0,,,,BR49,3,5,1
2020-09-19 04:00:00,0.0,,,,BR49,4,5,1
2020-09-19 05:00:00,0.0,,,,BR49,5,5,1
2020-09-19 06:00:00,0.0,,,,BR49,6,5,1
2020-09-19 07:00:00,0.0,,,,BR49,7,5,1
2020-09-19 08:00:00,0.0,,,,BR49,8,5,1
2020-09-19 09:00:00,0.0,,,,BR49,9,5,1
2020-09-19 10:00:00,0.0,,,,BR49,10,5,1
2020-09-19 11:00:00,0.0,,,,BR49,11,5,1
2020-09-19 12:00:00,0.0,,,,BR49,12,5,1
2020-09-19 13:00:00,0.0,,,,BR49,13,5,1
2020-09-19 14:00:00,0.0,,,,BR49,14,5,1
2020-09-19 15:00:00,0.0,,,,BR49,15,5,1
2020-09-19 16:00:00,0.0,,,,BR49,16,5,1
2020-09-19 17:00:00,0.0,,,,BR49,17,5,1
2020-09-19 18:00:00,0.0,,,,BR49,18,5,1
2020-09-19 19:00:00,0.0,,,,BR49,19,5,1
2020-09-19 20:00:00,0.0,,,,BR49,20,5,1
2020-09-19 21:00:00,0.0,,,,BR49,21,5,1
2020-09-19 22:00:00,0.0,,,,BR49,22,5,1
2020-09-19 23:00:00,0.0,,,,BR49,23,5,1
2020-09-20 00:00:00,2.294,227.781,10.2365,50.0055,BR49,0,6,1
2020-09-20 01:00:00,2.363,231.6125,10.359,50.009,BR49,1,6,1
2020-09-20 02:00:00,2.245,235.237,9.757,49.99,BR49,2,6,1
2020-09-20 03:00:00,1.902,238.15500000000003,8.2315,50.007,BR49,3,6,1
2020-09-20 04:00:00,1.493,240.53000000000003,6.548,50.001,BR49,4,6,1
2020-09-20 05:00:00,1.507,245.0425,6.528499999999999,49.9525,BR49,5,6,1
2020-09-20 06:00:00,1.489,250.272,6.4785,50.0375,BR49,6,6,1
2020-09-20 07:00:00,1.484,249.6395,6.3185,50.045,BR49,7,6,1
2020-09-20 08:00:00,0.768,249.2,3.357,50.028,BR49,8,6,1
2020-09-20 09:00:00,0.466,239.568,2.027,50.022000000000006,BR49,9,6,1
2020-09-20 10:00:00,0.563,238.4915,2.479,50.0395,BR49,10,6,1
2020-09-20 11:00:00,0.631,236.4745,2.7635,50.0135,BR49,11,6,1
2020-09-20 12:00:00,0.739,233.898,3.4235,49.9655,BR49,12,6,1
2020-09-20 13:00:00,0.68,236.891,3.0635,49.9385,BR49,13,6,1
2020-09-20 14:00:00,0.558,244.354,2.363,49.966,BR49,14,6,1
2020-09-20 15:00:00,0.424,246.5895,1.84,50.029,BR49,15,6,1
2020-09-20 16:00:00,0.608,243.084,2.5780000000000003,50.026,BR49,16,6,1
2020-09-20 17:00:00,0.527,243.2935,2.2495000000000003,50.016000000000005,BR49,17,6,1
2020-09-20 18:00:00,0.5650000000000001,239.7795,2.4445,49.9855,BR49,18,6,1
2020-09-20 19:00:00,1.436,231.156,6.353,50.015,BR49,19,6,1
2020-09-20 20:00:00,1.91,230.902,8.4145,49.983,BR49,20,6,1
2020-09-20 21:00:00,0.417,230.0145,1.9805,50.0035,BR49,21,6,1
2020-09-20 22:00:00,0.937,229.356,4.279999999999999,50.0315,BR49,22,6,1
2020-09-20 23:00:00,2.34,224.631,10.586,50.0095,BR49,23,6,1
2020-09-21 00:00:00,2.367,228.249,10.5535,49.9685,BR49,0,0,0
2020-09-21 01:00:00,2.321,230.8855,10.221,49.9995,BR49,1,0,0
2020-09-21 02:00:00,2.15,236.377,9.305,50.027,BR49,2,0,0
2020-09-21 03:00:00,1.641,240.475,7.077500000000001,50.0095,BR49,3,0,0
2020-09-21 04:00:00,1.575,240.6475,6.806,49.9875,BR49,4,0,0
2020-09-21 05:00:00,1.598,243.295,6.8605,49.993,BR49,5,0,0
2020-09-21 06:00:00,1.146,252.365,4.816,49.9715,BR49,6,0,0
2020-09-21 07:00:00,0.517,254.6965,2.0805,50.0525,BR49,7,0,0
2020-09-21 08:00:00,0.701,243.954,3.233,50.017,BR49,8,0,0
2020-09-21 09:00:00,1.134,234.503,5.688000000000001,49.9335,BR49,9,0,0
2020-09-21 10:00:00,0.599,233.0495,2.8105,50.0305,BR49,10,0,0
2020-09-21 11:00:00,0.3989999999999999,232.3605,1.8305,50.0405,BR49,11,0,0
2020-09-21 12:00:00,0.343,173.7405,1.91,37.5285,BR49,12,0,0
2020-09-21 13:00:00,0.353,151.377,1.9725,32.497,BR49,13,0,0
2020-09-21 14:00:00,1.056,235.0365,4.793,49.9565,BR49,14,0,0
2020-09-21 15:00:00,1.706,236.9775,7.9915,50.006,BR49,15,0,0
2020-09-21 16:00:00,1.489,234.0725,6.4995,49.986,BR49,16,0,0
2020-09-21 17:00:00,0.717,237.5145,3.135,49.966,BR49,17,0,0
2020-09-21 18:00:00,0.451,235.5215,2.0245,49.967,BR49,18,0,0
2020-09-21 19:00:00,0.549,230.639,2.4445,50.0245,BR49,19,0,0
2020-09-21 20:00:00,0.909,229.642,4.426,50.0395,BR49,20,0,0
2020-09-21 21:00:00,1.137,214.5075,5.407,47.524,BR49,21,0,0
2020-09-21 22:00:00,1.5550000000000002,223.355,7.1255,50.0145,BR49,22,0,0
2020-09-21 23:00:00,2.553,228.958,11.4495,50.014,BR49,23,0,0
2020-09-22 00:00:00,2.473,228.6125,10.962,50.016000000000005,BR49,0,1,0
2020-09-22 01:00:00,2.394,229.704,10.586,50.004000000000005,BR49,1,1,0
2020-09-22 02:00:00,1.995,235.2005,8.6985,49.983,BR49,2,1,0
2020-09-22 03:00:00,1.584,239.06350000000003,6.871,49.9975,BR49,3,1,0
2020-09-22 04:00:00,1.931,240.632,8.2715,49.996,BR49,4,1,0
2020-09-22 05:00:00,2.18,242.902,9.3845,49.999,BR49,5,1,0
2020-09-22 06:00:00,1.549,249.2285,6.6295,50.002,BR49,6,1,0
2020-09-22 07:00:00,1.678,248.9465,7.230499999999999,49.984,BR49,7,1,0
2020-09-22 08:00:00,1.519,246.34,6.536,50.0365,BR49,8,1,0
2020-09-22 09:00:00,0.436,239.0885,1.945,50.0475,BR49,9,1,0
2020-09-22 10:00:00,0.527,236.5255,2.324,49.997,BR49,10,1,0
2020-09-22 11:00:00,0.51,235.7575,2.5255,49.977,BR49,11,1,0
2020-09-22 12:00:00,0.478,235.687,2.1525,50.025,BR49,12,1,0
2020-09-22 13:00:00,0.272,238.4215,1.3505,50.0065,BR49,13,1,0
2020-09-22 14:00:00,0.1699999999999999,97.4095,0.957,19.9925,BR49,14,1,0
2020-09-22 15:00:00,2.2,238.03000000000003,9.6585,49.9835,BR49,15,1,0
2020-09-22 16:00:00,2.005,235.912,8.6985,50.0015,BR49,16,1,0
2020-09-22 17:00:00,1.058,228.383,5.1305,47.467,BR49,17,1,0
2020-09-22 18:00:00,0.797,238.807,3.6705,49.9725,BR49,18,1,0
2020-09-22 19:00:00,0.469,234.951,2.102,50.0365,BR49,19,1,0
2020-09-22 20:00:00,0.885,230.489,3.9385,50.0295,BR49,20,1,0
2020-09-22 21:00:00,1.473,192.9785,6.7035,42.510000000000005,BR49,21,1,0
2020-09-22 22:00:00,1.537,227.736,6.8870000000000005,50.0275,BR49,22,1,0
2020-09-22 23:00:00,2.374,226.497,10.652,50.0395,BR49,23,1,0
2020-09-23 00:00:00,2.223,230.304,9.799,50.03,BR49,0,2,0
2020-09-23 01:00:00,2.235,233.81,9.7275,50.0125,BR49,1,2,0
2020-09-23 02:00:00,2.065,244.348,8.708,50.019,BR49,2,2,0
2020-09-23 03:00:00,0.42,60.576,2.1595,12.493,BR49,3,2,0
2020-09-23 04:00:00,1.378,169.176,6.1445,35.0085,BR49,4,2,0
2020-09-23 05:00:00,2.209,242.992,9.62,50.0075,BR49,5,2,0
2020-09-23 06:00:00,1.805,251.095,7.8545,50.0025,BR49,6,2,0
2020-09-23 07:00:00,1.2,252.3055,5.1665,49.992,BR49,7,2,0
2020-09-23 08:00:00,0.361,224.1735,1.739,45.017,BR49,8,2,0
2020-09-23 09:00:00,0.474,244.212,2.0845,50.0205,BR49,9,2,0
2020-09-23 10:00:00,0.4589999999999999,239.7925,2.113,50.014,BR49,10,2,0
2020-09-23 11:00:00,0.598,213.921,3.4479999999999995,45.028,BR49,11,2,0
2020-09-23 12:00:00,0.648,234.806,3.0955,49.9815,BR49,12,2,0
2020-09-23 13:00:00,0.444,239.637,1.95,49.9865,BR49,13,2,0
2020-09-23 14:00:00,0.412,241.0125,1.806,49.983,BR49,14,2,0
2020-09-23 15:00:00,0.503,244.7715,2.135,49.992,BR49,15,2,0
2020-09-23 16:00:00,1.422,225.279,6.523000000000001,47.457,BR49,16,2,0
2020-09-23 17:00:00,0.579,240.9445,2.48,49.9825,BR49,17,2,0
2020-09-23 18:00:00,0.521,241.211,2.28,49.965500000000006,BR49,18,2,0
2020-09-23 19:00:00,0.458,238.1515,2.021,50.033,BR49,19,2,0
2020-09-23 20:00:00,0.746,237.6455,3.4335,50.008,BR49,20,2,0
2020-09-23 21:00:00,0.5,237.692,2.1885000000000003,49.9565,BR49,21,2,0
2020-09-23 22:00:00,0.605,239.3925,2.607,49.974,BR49,22,2,0
2020-09-23 23:00:00,0.469,242.872,2.016,50.007,BR49,23,2,0
2020-09-24 00:00:00,1.315,241.3035,5.689,50.017,BR49,0,3,0
2020-09-24 01:00:00,1.586,243.5705,6.8205,50.0005,BR49,1,3,0
2020-09-24 02:00:00,1.525,247.295,6.5535,50.024,BR49,2,3,0
2020-09-24 03:00:00,1.245,249.87600000000003,5.34,50.016000000000005,BR49,3,3,0
2020-09-24 04:00:00,0.482,252.1985,1.981,50.0005,BR49,4,3,0
2020-09-24 05:00:00,1.539,250.903,6.6125,49.9955,BR49,5,3,0
2020-09-24 06:00:00,1.482,254.615,6.3635,49.9585,BR49,6,3,0
2020-09-24 07:00:00,1.055,251.584,4.5025,50.0025,BR49,7,3,0
2020-09-24 08:00:00,0.3429999999999999,248.808,1.4460000000000002,50.0075,BR49,8,3,0
2020-09-24 09:00:00,0.423,243.819,1.8655,50.0045,BR49,9,3,0
2020-09-24 10:00:00,0.589,217.419,2.9210000000000003,45.0035,BR49,10,3,0
2020-09-24 11:00:00,0.411,241.749,1.8135,49.97,BR49,11,3,0
2020-09-24 12:00:00,0.528,240.798,2.3435,49.959500000000006,BR49,12,3,0
2020-09-24 13:00:00,0.351,171.6335,2.2085,34.9835,BR49,13,3,0
2020-09-24 14:00:00,0.408,222.235,2.006,44.94,BR49,14,3,0
2020-09-24 15:00:00,1.018,247.17800000000005,4.4455,49.974,BR49,15,3,0
2020-09-24 16:00:00,0.962,243.9275,4.2645,49.98350000000001,BR49,16,3,0
2020-09-24 17:00:00,0.703,244.9835,2.994,49.8965,BR49,17,3,0
2020-09-24 18:00:00,0.431,244.394,1.9685,49.7865,BR49,18,3,0
2020-09-24 19:00:00,0.484,239.884,2.0945,49.9525,BR49,19,3,0
2020-09-24 20:00:00,0.516,242.484,2.2065,50.0355,BR49,20,3,0
2020-09-24 21:00:00,0.472,240.5145,2.0735,50.0065,BR49,21,3,0
2020-09-24 22:00:00,1.056,239.7,4.5205,50.0,BR49,22,3,0
2020-09-24 23:00:00,0.691,240.4875,2.987,50.002,BR49,23,3,0
2020-09-25 00:00:00,0.543,243.862,2.3585000000000003,49.9995,BR49,0,4,0
2020-09-25 01:00:00,0.54,245.612,2.3445,49.9935,BR49,1,4,0
2020-09-25 02:00:00,0.54,245.8255,2.339,49.98,BR49,2,4,0
2020-09-25 03:00:00,0.712,246.8065,3.1125,50.0015,BR49,3,4,0
2020-09-25 04:00:00,0.952,247.379,4.21,49.972,BR49,4,4,0
2020-09-25 05:00:00,0.944,248.6745,4.4205,49.922,BR49,5,4,0
2020-09-25 06:00:00,0.684,253.37150000000003,3.0925,49.935500000000005,BR49,6,4,0
2020-09-25 07:00:00,0.356,255.872,1.5550000000000002,49.9955,BR49,7,4,0
2020-09-25 08:00:00,0.292,250.339,1.306,49.9765,BR49,8,4,0
2020-09-25 09:00:00,0.413,243.7305,2.0365,49.957,BR49,9,4,0
2020-09-25 10:00:00,0.744,193.0375,3.7575,40.0075,BR49,10,4,0
2020-09-25 11:00:00,0.38,130.77249999999998,2.0585,27.4955,BR49,11,4,0
2020-09-25 12:00:00,0.58,238.7005,3.0165,49.988,BR49,12,4,0
2020-09-25 13:00:00,0.619,242.854,2.7445,50.014,BR49,13,4,0
2020-09-25 14:00:00,0.447,194.199,1.97,40.017,BR49,14,4,0
2020-09-25 15:00:00,0.669,240.5675,3.142,50.0415,BR49,15,4,0
2020-09-25 16:00:00,0.449,230.63,2.506,47.499,BR49,16,4,0
2020-09-25 17:00:00,0.6940000000000001,241.566,3.4325,49.9945,BR49,17,4,0
2020-09-25 18:00:00,0.469,230.71750000000003,2.1565000000000003,49.941500000000005,BR49,18,4,0
2020-09-25 19:00:00,0.488,236.748,2.1435,50.024,BR49,19,4,0
2020-09-25 20:00:00,1.032,236.5595,4.626,50.0255,BR49,20,4,0
2020-09-25 21:00:00,1.171,237.264,5.054,50.0325,BR49,21,4,0
2020-09-25 22:00:00,1.253,237.388,5.407500000000001,50.0535,BR49,22,4,0
2020-09-25 23:00:00,2.378,235.377,10.275,50.037,BR49,23,4,0
2020-09-26 00:00:00,1.827,211.492,8.443000000000001,45.014,BR49,0,5,1
2020-09-26 01:00:00,2.351,238.7915,10.146,50.024,BR49,1,5,1
2020-09-26 02:00:00,2.295,241.931,9.76,50.016000000000005,BR49,2,5,1
2020-09-26 03:00:00,2.306,245.0225,9.7045,50.0095,BR49,3,5,1
2020-09-26 04:00:00,1.953,247.34,8.2685,50.0005,BR49,4,5,1
2020-09-26 05:00:00,1.484,250.6555,6.436,50.004000000000005,BR49,5,5,1
2020-09-26 06:00:00,1.523,255.221,6.5735,50.0465,BR49,6,5,1
2020-09-26 07:00:00,1.238,254.27400000000003,5.3055,50.0035,BR49,7,5,1
2020-09-26 08:00:00,0.423,252.7355,1.745,50.015,BR49,8,5,1
2020-09-26 09:00:00,0.355,246.2435,1.573,50.0065,BR49,9,5,1
2020-09-26 10:00:00,0.4039999999999999,244.175,1.9645,50.005,BR49,10,5,1
2020-09-26 11:00:00,0.51,241.7475,2.199,49.9845,BR49,11,5,1
2020-09-26 12:00:00,0.484,238.862,2.1375,50.0405,BR49,12,5,1
2020-09-26 13:00:00,0.435,242.6255,1.921,50.038,BR49,13,5,1
2020-09-26 14:00:00,0.472,211.8485,2.178,42.475,BR49,14,5,1
2020-09-26 15:00:00,0.654,248.0735,2.766,50.0295,BR49,15,5,1
2020-09-26 16:00:00,0.937,244.617,4.1315,49.9365,BR49,16,5,1
2020-09-26 17:00:00,0.507,245.565,2.1985,49.8945,BR49,17,5,1
2020-09-26 18:00:00,0.366,230.5735,1.729,47.4305,BR49,18,5,1
2020-09-26 19:00:00,0.92,235.4285,4.146,50.023,BR49,19,5,1
2020-09-26 20:00:00,1.44,237.302,6.2305,49.998000000000005,BR49,20,5,1
2020-09-26 21:00:00,0.864,237.2385,3.7885,50.008,BR49,21,5,1
2020-09-26 22:00:00,1.013,236.7265,4.5205,50.0075,BR49,22,5,1
2020-09-26 23:00:00,0.709,239.6105,3.088,50.013,BR49,23,5,1
2020-09-27 00:00:00,1.818,238.0125,7.896000000000001,49.9995,BR49,0,6,1
2020-09-27 01:00:00,1.965,242.554,8.475,49.9945,BR49,1,6,1
2020-09-27 02:00:00,1.792,245.4715,7.6995,49.9925,BR49,2,6,1
2020-09-27 03:00:00,1.643,247.9465,7.0485,50.0115,BR49,3,6,1
2020-09-27 04:00:00,1.326,209.9825,5.9175,42.505,BR49,4,6,1
2020-09-27 05:00:00,1.722,249.0665,7.4975,50.0065,BR49,5,6,1
2020-09-27 06:00:00,1.785,253.849,7.7355,50.0085,BR49,6,6,1
2020-09-27 07:00:00,0.463,258.279,2.0405,50.038,BR49,7,6,1
2020-09-27 08:00:00,0.354,254.98450000000005,1.5175,50.135000000000005,BR49,8,6,1
2020-09-27 09:00:00,0.352,224.5255,1.5945,45.0235,BR49,9,6,1
2020-09-27 10:00:00,0.539,246.6765,2.372,50.038,BR49,10,6,1
2020-09-27 11:00:00,0.7,241.6095,3.2415,50.0125,BR49,11,6,1
2020-09-27 12:00:00,0.805,240.68400000000003,3.548,50.010000000000005,BR49,12,6,1
2020-09-27 13:00:00,0.436,157.81099999999998,2.0275,32.515,BR49,13,6,1
2020-09-27 14:00:00,0.855,246.978,3.7465,49.956,BR49,14,6,1
2020-09-27 15:00:00,1.006,247.1805,4.1975,49.946000000000005,BR49,15,6,1
2020-09-27 16:00:00,1.003,145.6655,4.704,29.9815,BR49,16,6,1
2020-09-27 17:00:00,1.111,245.7485,5.009,49.984,BR49,17,6,1
2020-09-27 18:00:00,0.563,242.0075,2.4985,49.9365,BR49,18,6,1
2020-09-27 19:00:00,0.627,239.7765,2.7025,50.027,BR49,19,6,1
2020-09-27 20:00:00,0.59,236.534,2.5645,49.9575,BR49,20,6,1
2020-09-27 21:00:00,0.796,235.308,3.43,49.9815,BR49,21,6,1
2020-09-27 22:00:00,0.545,236.295,2.408,49.984,BR49,22,6,1
2020-09-27 23:00:00,0.787,236.4145,3.419,49.9855,BR49,23,6,1
2020-09-28 00:00:00,1.337,237.3865,5.798,49.986,BR49,0,0,0
2020-09-28 01:00:00,1.44,240.4845,6.2575,49.9995,BR49,1,0,0
2020-09-28 02:00:00,1.448,244.205,6.2395,49.991,BR49,2,0,0
2020-09-28 03:00:00,1.422,246.946,6.142,49.992,BR49,3,0,0
2020-09-28 04:00:00,1.444,248.179,6.2170000000000005,49.98,BR49,4,0,0
2020-09-28 05:00:00,1.402,250.089,6.038,49.9925,BR49,5,0,0
2020-09-28 06:00:00,1.481,253.98650000000004,6.3685,49.9975,BR49,6,0,0
2020-09-28 07:00:00,1.467,254.281,6.3325000000000005,49.99,BR49,7,0,0
2020-09-28 08:00:00,1.108,248.768,4.829,49.9985,BR49,8,0,0
2020-09-28 09:00:00,0.2309999999999999,242.65,1.1155,49.965500000000006,BR49,9,0,0
2020-09-28 10:00:00,0.512,239.583,2.355,49.9365,BR49,10,0,0
2020-09-28 11:00:00,0.8089999999999999,238.991,3.6355,49.9915,BR49,11,0,0
2020-09-28 12:00:00,0.635,241.20300000000003,2.991,49.9705,BR49,12,0,0
2020-09-28 13:00:00,0.419,245.7015,1.8205,50.0345,BR49,13,0,0
2020-09-28 14:00:00,0.39,247.249,1.716,49.971500000000006,BR49,14,0,0
2020-09-28 15:00:00,0.204,110.9035,0.9285,22.492,BR49,15,0,0
2020-09-28 16:00:00,0.446,168.53050000000002,2.249,34.942,BR49,16,0,0
2020-09-28 17:00:00,0.8300000000000001,239.6305,4.194,49.9785,BR49,17,0,0
2020-09-28 18:00:00,0.621,242.31350000000003,2.9625,49.8435,BR49,18,0,0
2020-09-28 19:00:00,0.799,238.6035,3.4755000000000003,50.005,BR49,19,0,0
2020-09-28 20:00:00,0.64,237.84250000000003,2.7955,50.008,BR49,20,0,0
2020-09-28 21:00:00,0.5680000000000001,238.431,2.5255,49.979,BR49,21,0,0
2020-09-28 22:00:00,0.601,238.892,2.575,50.0065,BR49,22,0,0
2020-09-28 23:00:00,0.846,240.087,3.6535,49.9915,BR49,23,0,0
2020-09-29 00:00:00,1.4,239.2735,6.0725,49.9665,BR49,0,1,0
2020-09-29 01:00:00,1.4489999999999998,243.132,6.2845,50.008,BR49,1,1,0
2020-09-29 02:00:00,1.351,245.999,5.846,50.001,BR49,2,1,0
2020-09-29 03:00:00,1.391,248.4255,6.032,50.024,BR49,3,1,0
2020-09-29 04:00:00,1.417,251.157,6.146,49.9995,BR49,4,1,0
2020-09-29 05:00:00,1.4529999999999998,251.8695,6.2715000000000005,50.0095,BR49,5,1,0
2020-09-29 06:00:00,1.419,253.716,6.175,49.9865,BR49,6,1,0
2020-09-29 07:00:00,1.341,255.781,5.811,49.9755,BR49,7,1,0
2020-09-29 08:00:00,0.355,252.519,1.491,49.9985,BR49,8,1,0
2020-09-29 09:00:00,0.308,244.8285,1.362,49.9935,BR49,9,1,0
2020-09-29 10:00:00,0.415,242.266,1.853,50.017,BR49,10,1,0
2020-09-29 11:00:00,0.925,215.3685,4.7905,44.926,BR49,11,1,0
2020-09-29 12:00:00,0.399,220.0825,1.8745,44.979,BR49,12,1,0
2020-09-29 13:00:00,0.447,247.139,1.914,50.016000000000005,BR49,13,1,0
2020-09-29 14:00:00,0.41,249.62,1.7475,49.968,BR49,14,1,0
2020-09-29 15:00:00,0.406,175.7405,1.7745000000000002,34.971500000000006,BR49,15,1,0
2020-09-29 16:00:00,0.657,246.019,3.01,49.9875,BR49,16,1,0
2020-09-29 17:00:00,0.362,235.167,1.6455000000000002,47.526,BR49,17,1,0
2020-09-29 18:00:00,0.648,244.3375,2.8435,49.998000000000005,BR49,18,1,0
2020-09-29 19:00:00,0.5810000000000001,242.041,2.483,50.0545,BR49,19,1,0
2020-09-29 20:00:00,0.431,241.398,1.8945,50.0225,BR49,20,1,0
2020-09-29 21:00:00,0.45,228.748,2.188,47.504000000000005,BR49,21,1,0
2020-09-29 22:00:00,0.618,242.0705,2.641,50.021,BR49,22,1,0
2020-09-29 23:00:00,0.538,243.5725,2.3065,49.975,BR49,23,1,0
2020-09-30 00:00:00,0.792,243.582,3.398,50.023,BR49,0,2,0
2020-09-30 01:00:00,1.422,244.304,6.1265,50.0225,BR49,1,2,0
2020-09-30 02:00:00,1.466,246.579,6.321,49.9895,BR49,2,2,0
2020-09-30 03:00:00,1.384,248.7975,6.019,50.0225,BR49,3,2,0
2020-09-30 04:00:00,1.3770000000000002,250.383,6.015,49.9965,BR49,4,2,0
2020-09-30 05:00:00,1.257,239.6235,5.7655,47.4935,BR49,5,2,0
2020-09-30 06:00:00,1.204,230.575,5.42,45.037,BR49,6,2,0
2020-09-30 07:00:00,1.032,257.9525,4.455,50.0205,BR49,7,2,0
2020-09-30 08:00:00,0.311,253.8515,1.315,49.9885,BR49,8,2,0
2020-09-30 09:00:00,0.2759999999999999,245.517,1.214,49.998000000000005,BR49,9,2,0
2020-09-30 10:00:00,0.327,243.775,1.4335,50.0305,BR49,10,2,0
2020-09-30 11:00:00,0.417,242.589,1.804,50.024,BR49,11,2,0
2020-09-30 12:00:00,0.416,181.8945,1.9695,37.46,BR49,12,2,0
2020-09-30 13:00:00,0.469,248.29,2.131,50.004000000000005,BR49,13,2,0
2020-09-30 14:00:00,0.447,237.7205,1.985,47.5265,BR49,14,2,0
2020-09-30 15:00:00,0.651,247.4535,2.738,50.0085,BR49,15,2,0
2020-09-30 16:00:00,0.497,246.6995,2.1465,49.9935,BR49,16,2,0
2020-09-30 17:00:00,0.569,196.7175,3.008,40.029,BR49,17,2,0
2020-09-30 18:00:00,0.501,242.2255,2.361,50.0365,BR49,18,2,0
2020-09-30 19:00:00,0.634,239.9425,2.8125,50.021,BR49,19,2,0
2020-09-30 20:00:00,0.613,239.6135,2.759,50.0405,BR49,20,2,0
2020-09-30 21:00:00,0.609,241.1395,2.7465,50.04,BR49,21,2,0
2020-09-30 22:00:00,0.621,242.30300000000005,2.792,50.034000000000006,BR49,22,2,0
2020-09-30 23:00:00,0.436,245.587,1.9125,50.013,BR49,23,2,0
2020-10-01 00:00:00,0.861,246.4795,3.717,50.022000000000006,BR49,0,3,0
2020-10-01 01:00:00,1.362,247.949,5.9045000000000005,50.024,BR49,1,3,0
2020-10-01 02:00:00,1.398,249.721,6.1005,50.026,BR49,2,3,0
2020-10-01 03:00:00,1.4,250.925,6.119,50.0165,BR49,3,3,0
2020-10-01 04:00:00,1.388,251.0525,6.0715,50.006,BR49,4,3,0
2020-10-01 05:00:00,1.393,252.0465,6.104,49.995,BR49,5,3,0
2020-10-01 06:00:00,1.4429999999999998,256.985,6.2895,50.0295,BR49,6,3,0
2020-10-01 07:00:00,0.459,256.44,1.8825,50.033,BR49,7,3,0
2020-10-01 08:00:00,0.398,252.6435,1.6454999999999995,50.0495,BR49,8,3,0
2020-10-01 09:00:00,0.44,245.868,1.8975,50.03,BR49,9,3,0
2020-10-01 10:00:00,0.679,242.436,3.489,50.03,BR49,10,3,0
2020-10-01 11:00:00,0.403,219.249,1.9385,45.0465,BR49,11,3,0
2020-10-01 12:00:00,0.649,244.6425,2.87,50.0475,BR49,12,3,0
2020-10-01 13:00:00,0.412,184.2765,1.963,37.52,BR49,13,3,0
2020-10-01 14:00:00,0.485,247.0775,2.268,50.038,BR49,14,3,0
2020-10-01 15:00:00,0.436,249.0995,2.0125,50.029,BR49,15,3,0
2020-10-01 16:00:00,0.527,235.2505,2.5170000000000003,47.5145,BR49,16,3,0
2020-10-01 17:00:00,0.526,250.3485,2.309,50.0335,BR49,17,3,0
2020-10-01 18:00:00,0.614,244.195,2.7885,50.03,BR49,18,3,0
2020-10-01 19:00:00,0.829,240.1735,3.6045,50.021,BR49,19,3,0
2020-10-01 20:00:00,0.632,241.352,2.8375,50.0235,BR49,20,3,0
2020-10-01 21:00:00,0.553,241.774,2.514,50.034,BR49,21,3,0
2020-10-01 22:00:00,0.6900000000000001,240.91350000000003,3.059,50.02,BR49,22,3,0
2020-10-01 23:00:00,1.023,242.5195,4.4445,50.0065,BR49,23,3,0
2020-10-02 00:00:00,0.941,243.702,4.0135,49.9615,BR49,0,4,0
2020-10-02 01:00:00,1.171,246.8505,5.0375,50.010000000000005,BR49,1,4,0
2020-10-02 02:00:00,1.504,247.837,6.5695,49.9955,BR49,2,4,0
2020-10-02 03:00:00,1.506,250.0395,6.580499999999999,50.006,BR49,3,4,0
2020-10-02 04:00:00,1.483,249.772,6.4985,49.991,BR49,4,4,0
2020-10-02 05:00:00,1.131,252.258,4.901,50.014,BR49,5,4,0
2020-10-02 06:00:00,0.956,256.9785,4.0555,50.023,BR49,6,4,0
2020-10-02 07:00:00,0.496,258.868,2.08,50.0635,BR49,7,4,0
2020-10-02 08:00:00,0.369,257.3785,1.5345,50.0655,BR49,8,4,0
2020-10-02 09:00:00,0.462,250.5645,1.9375,50.1,BR49,9,4,0
2020-10-02 10:00:00,0.501,247.0255,2.0985,50.0405,BR49,10,4,0
2020-10-02 11:00:00,0.502,245.6045,2.149,49.9605,BR49,11,4,0
2020-10-02 12:00:00,0.537,244.3985,2.2805,49.9625,BR49,12,4,0
2020-10-02 13:00:00,0.794,246.367,3.4845,49.9975,BR49,13,4,0
2020-10-02 14:00:00,0.461,250.5025,1.948,49.9985,BR49,14,4,0
2020-10-02 15:00:00,0.61,251.5805,2.496,49.997,BR49,15,4,0
2020-10-02 16:00:00,0.529,248.547,2.2165,49.925,BR49,16,4,0
2020-10-02 17:00:00,0.726,248.119,3.096,49.9865,BR49,17,4,0
2020-10-02 18:00:00,0.518,244.491,2.229,50.0315,BR49,18,4,0
2020-10-02 19:00:00,0.497,239.799,2.186,50.015,BR49,19,4,0
2020-10-02 20:00:00,0.584,239.7805,2.639,50.010000000000005,BR49,20,4,0
2020-10-02 21:00:00,0.634,240.5665,3.0085,50.0315,BR49,21,4,0
2020-10-02 22:00:00,0.626,241.346,2.7315,50.015,BR49,22,4,0
2020-10-02 23:00:00,0.551,243.13,2.4225000000000003,49.994,BR49,23,4,0
2020-10-03 00:00:00,0.896,218.0555,4.174,45.015,BR49,0,5,1
2020-10-03 01:00:00,1.558,243.749,6.854000000000001,50.010000000000005,BR49,1,5,1
2020-10-03 02:00:00,1.637,245.891,7.147499999999999,50.005,BR49,2,5,1
2020-10-03 03:00:00,1.58,247.4145,6.925,50.0095,BR49,3,5,1
2020-10-03 04:00:00,1.276,249.2095,5.6370000000000005,50.0175,BR49,4,5,1
2020-10-03 05:00:00,1.44,249.229,6.324,49.9665,BR49,5,5,1
2020-10-03 06:00:00,1.471,254.346,6.448,49.9945,BR49,6,5,1
2020-10-03 07:00:00,0.752,255.076,3.255,50.018,BR49,7,5,1
2020-10-03 08:00:00,0.445,250.474,1.8915,50.0115,BR49,8,5,1
2020-10-03 09:00:00,1.012,240.582,4.647,50.0195,BR49,9,5,1
2020-10-03 10:00:00,0.673,240.6655,3.1965,50.017,BR49,10,5,1
2020-10-03 11:00:00,0.502,216.5905,2.4505,45.016000000000005,BR49,11,5,1
2020-10-03 12:00:00,0.551,242.025,2.5375,49.994,BR49,12,5,1
2020-10-03 13:00:00,0.577,244.556,2.506,49.998000000000005,BR49,13,5,1
2020-10-03 14:00:00,0.399,183.42,1.7215,37.469,BR49,14,5,1
2020-10-03 15:00:00,0.639,169.8125,3.0175,34.9775,BR49,15,5,1
2020-10-03 16:00:00,0.745,245.753,3.458,49.987,BR49,16,5,1
2020-10-03 17:00:00,0.631,245.277,2.7825,50.0185,BR49,17,5,1
2020-10-03 18:00:00,0.64,237.9995,2.8395,50.0085,BR49,18,5,1
2020-10-03 19:00:00,0.823,237.283,3.893,50.0355,BR49,19,5,1
2020-10-03 20:00:00,0.441,240.9105,2.0475,50.031,BR49,20,5,1
2020-10-03 21:00:00,0.481,240.8815,2.2095,50.026,BR49,21,5,1
2020-10-03 22:00:00,0.478,242.2595,2.1695,50.0385,BR49,22,5,1
2020-10-03 23:00:00,0.589,245.037,2.616,50.018,BR49,23,5,1
2020-10-04 00:00:00,0.595,245.67,2.6655,50.025,BR49,0,6,1
2020-10-04 01:00:00,0.493,247.849,2.1555,50.007,BR49,1,6,1
2020-10-04 02:00:00,1.61,246.8525,7.029999999999999,50.007,BR49,2,6,1
2020-10-04 03:00:00,1.463,249.6605,6.455,50.0,BR49,3,6,1
2020-10-04 04:00:00,1.158,213.8485,5.289,42.498000000000005,BR49,4,6,1
2020-10-04 05:00:00,1.528,251.121,6.9155,50.0205,BR49,5,6,1
2020-10-04 06:00:00,0.411,258.6685,1.823,50.010000000000005,BR49,6,6,1
2020-10-04 07:00:00,0.397,261.3485,1.661,50.039,BR49,7,6,1
2020-10-04 08:00:00,0.712,255.26550000000003,3.0535,50.0095,BR49,8,6,1
2020-10-04 09:00:00,0.45,248.1385,1.908,50.002,BR49,9,6,1
2020-10-04 10:00:00,0.531,207.5745,2.5115,42.5325,BR49,10,6,1
2020-10-04 11:00:00,0.672,242.618,3.118,49.9955,BR49,11,6,1
2020-10-04 12:00:00,0.649,243.044,2.873,50.0005,BR49,12,6,1
2020-10-04 13:00:00,0.943,245.329,4.5095,50.0265,BR49,13,6,1
2020-10-04 14:00:00,0.483,251.13,2.052,50.0345,BR49,14,6,1
2020-10-04 15:00:00,0.589,252.644,2.439,50.0375,BR49,15,6,1
2020-10-04 16:00:00,1.194,251.7195,4.9715,50.015,BR49,16,6,1
2020-10-04 17:00:00,1.404,247.819,5.968,50.0275,BR49,17,6,1
2020-10-04 18:00:00,0.493,244.064,2.0915,50.036,BR49,18,6,1
2020-10-04 19:00:00,0.613,242.2225,2.609,50.0355,BR49,19,6,1
2020-10-04 20:00:00,0.668,243.1665,2.8405,50.008,BR49,20,6,1
2020-10-04 21:00:00,0.498,246.3205,2.1505,50.0025,BR49,21,6,1
2020-10-04 22:00:00,0.636,244.8915,2.6985,50.044,BR49,22,6,1
2020-10-04 23:00:00,0.638,246.3985,2.7445,50.0335,BR49,23,6,1
2020-10-05 00:00:00,0.513,247.679,2.2115,50.005,BR49,0,0,0
2020-10-05 01:00:00,0.486,249.648,2.086,49.9945,BR49,1,0,0
2020-10-05 02:00:00,0.479,252.1875,2.0475,50.010000000000005,BR49,2,0,0
2020-10-05 03:00:00,0.477,254.6115,2.0215,50.0135,BR49,3,0,0
2020-10-05 04:00:00,0.4649999999999999,255.7125,1.9705,49.99,BR49,4,0,0
2020-10-05 05:00:00,0.421,254.5345,1.786,50.0075,BR49,5,0,0
2020-10-05 06:00:00,0.598,256.9955,2.6765,50.0275,BR49,6,0,0
2020-10-05 07:00:00,0.358,257.86150000000004,1.509,49.9915,BR49,7,0,0
2020-10-05 08:00:00,0.449,254.595,1.921,50.0445,BR49,8,0,0
2020-10-05 09:00:00,0.268,208.5585,1.3435,42.503,BR49,9,0,0
2020-10-05 10:00:00,0.274,240.2865,1.3415,50.0225,BR49,10,0,0
2020-10-05 11:00:00,0.44,236.867,2.1615,50.0015,BR49,11,0,0
2020-10-05 12:00:00,0.377,237.728,1.7505,49.9815,BR49,12,0,0
2020-10-05 13:00:00,0.467,242.499,2.098,50.0015,BR49,13,0,0
2020-10-05 14:00:00,0.354,246.715,1.638,49.9955,BR49,14,0,0
2020-10-05 15:00:00,0.587,247.326,2.5865,49.961,BR49,15,0,0
2020-10-05 16:00:00,0.365,246.124,1.5675,49.951,BR49,16,0,0
2020-10-05 17:00:00,0.339,245.5495,1.508,49.957,BR49,17,0,0
2020-10-05 18:00:00,0.479,241.4295,2.069,49.875,BR49,18,0,0
2020-10-05 19:00:00,0.474,240.31,2.1235,50.03,BR49,19,0,0
2020-10-05 20:00:00,0.3969999999999999,241.5565,1.7884999999999998,50.0305,BR49,20,0,0
2020-10-05 21:00:00,0.368,242.3755,1.658,50.035,BR49,21,0,0
2020-10-05 22:00:00,0.358,242.018,1.6235,49.9935,BR49,22,0,0
2020-10-05 23:00:00,0.341,242.368,1.6004999999999998,49.949,BR49,23,0,0
2020-10-06 00:00:00,0.348,243.6545,1.634,50.0195,BR49,0,1,0
2020-10-06 01:00:00,0.353,244.95,1.6509999999999998,50.0135,BR49,1,1,0
2020-10-06 02:00:00,0.298,247.8295,1.404,50.039,BR49,2,1,0
2020-10-06 03:00:00,0.345,248.66,1.5655,50.035,BR49,3,1,0
2020-10-06 04:00:00,0.246,250.395,1.1869999999999998,49.9925,BR49,4,1,0
2020-10-06 05:00:00,0.21,251.63,1.0355,49.982,BR49,5,1,0
2020-10-06 06:00:00,0.471,253.574,2.238,50.03,BR49,6,1,0
2020-10-06 07:00:00,0.275,254.7705,1.242,50.0585,BR49,7,1,0
2020-10-06 08:00:00,0.245,251.221,1.146,50.0595,BR49,8,1,0
2020-10-06 09:00:00,0.224,243.024,1.089,50.0195,BR49,9,1,0
2020-10-06 10:00:00,0.2799999999999999,240.6045,1.4085,50.010000000000005,BR49,10,1,0
2020-10-06 11:00:00,0.243,239.653,1.246,50.0285,BR49,11,1,0
2020-10-06 12:00:00,0.313,240.325,1.489,50.0275,BR49,12,1,0
2020-10-06 13:00:00,0.577,216.79450000000003,2.785,44.9995,BR49,13,1,0
2020-10-06 14:00:00,0.425,245.55900000000003,1.9715,49.926,BR49,14,1,0
2020-10-06 15:00:00,0.356,246.4335,1.5525,50.0015,BR49,15,1,0
2020-10-06 16:00:00,0.473,242.5955,2.0465,49.9915,BR49,16,1,0
2020-10-06 17:00:00,0.337,244.128,1.566,49.933,BR49,17,1,0
2020-10-06 18:00:00,0.533,241.41350000000003,2.284,49.954,BR49,18,1,0
2020-10-06 19:00:00,0.487,211.901,2.43,44.99,BR49,19,1,0
2020-10-06 20:00:00,0.519,240.263,2.3095,50.0405,BR49,20,1,0
2020-10-06 21:00:00,0.417,241.717,1.9625,50.0325,BR49,21,1,0
2020-10-06 22:00:00,0.405,241.3065,1.9125,50.037,BR49,22,1,0
2020-10-06 23:00:00,0.354,242.273,1.732,49.996,BR49,23,1,0
2020-10-07 00:00:00,0.268,244.1985,1.3055,49.992,BR49,0,2,0
2020-10-07 01:00:00,0.313,245.288,1.457,50.022000000000006,BR49,1,2,0
2020-10-07 02:00:00,0.396,247.23,1.8235,50.0335,BR49,2,2,0
2020-10-07 03:00:00,1.114,247.41,4.974,50.0125,BR49,3,2,0
2020-10-07 04:00:00,1.102,248.468,4.907,50.034000000000006,BR49,4,2,0
2020-10-07 05:00:00,0.363,250.086,1.6135000000000002,49.988,BR49,5,2,0
2020-10-07 06:00:00,1.1720000000000002,253.1655,5.2115,50.0,BR49,6,2,0
2020-10-07 07:00:00,1.331,252.9995,5.87,50.0415,BR49,7,2,0
2020-10-07 08:00:00,0.387,248.854,1.6725,50.023,BR49,8,2,0
2020-10-07 09:00:00,0.394,240.18400000000003,1.7335,49.9845,BR49,9,2,0
2020-10-07 10:00:00,0.339,240.261,1.5255,49.9935,BR49,10,2,0
2020-10-07 11:00:00,0.3429999999999999,242.3885,1.544,49.997,BR49,11,2,0
2020-10-07 12:00:00,0.265,240.643,1.188,50.024,BR49,12,2,0
2020-10-07 13:00:00,0.316,242.6435,1.488,50.0025,BR49,13,2,0
2020-10-07 14:00:00,0.546,245.054,2.6655,49.982,BR49,14,2,0
2020-10-07 15:00:00,0.299,246.6135,1.3199999999999998,49.9955,BR49,15,2,0
2020-10-07 16:00:00,0.377,243.498,1.72,49.998000000000005,BR49,16,2,0
2020-10-07 17:00:00,0.344,247.0325,1.5385,49.9945,BR49,17,2,0
2020-10-07 18:00:00,0.011,12.3025,0.065,2.496,BR49,18,2,0
2020-10-07 19:00:00,0.529,222.2495,2.734,47.5245,BR49,19,2,0
2020-10-07 20:00:00,0.5680000000000001,239.9265,2.8185,50.0235,BR49,20,2,0
2020-10-07 21:00:00,0.432,242.6615,2.1565000000000003,50.0175,BR49,21,2,0
2020-10-07 22:00:00,0.413,242.983,1.849,49.9955,BR49,22,2,0
2020-10-07 23:00:00,1.223,244.153,5.3695,50.0125,BR49,23,2,0
2020-10-08 00:00:00,1.414,244.6715,6.2615,50.0105,BR49,0,3,0
2020-10-08 01:00:00,1.432,245.67800000000005,6.3245,50.0105,BR49,1,3,0
2020-10-08 02:00:00,1.333,247.667,5.9575,50.0245,BR49,2,3,0
2020-10-08 03:00:00,0.844,249.5215,3.794,50.0235,BR49,3,3,0
2020-10-08 04:00:00,0.727,251.439,3.2785,50.0095,BR49,4,3,0
2020-10-08 05:00:00,1.261,250.753,5.6585,50.0095,BR49,5,3,0
2020-10-08 06:00:00,1.296,255.1255,5.815,50.0115,BR49,6,3,0
2020-10-08 07:00:00,1.308,257.7105,5.796,49.984,BR49,7,3,0
2020-10-08 08:00:00,1.229,251.897,5.4945,49.9875,BR49,8,3,0
2020-10-08 09:00:00,0.321,244.05,1.4380000000000002,50.021,BR49,9,3,0
2020-10-08 10:00:00,0.314,241.487,1.479,50.0205,BR49,10,3,0
2020-10-08 11:00:00,0.317,241.05900000000003,1.512,50.0145,BR49,11,3,0
2020-10-08 12:00:00,0.321,242.0765,1.5765,50.0105,BR49,12,3,0
2020-10-08 13:00:00,0.285,246.2535,1.5095,50.0255,BR49,13,3,0
2020-10-08 14:00:00,0.517,248.0285,2.4745,49.9655,BR49,14,3,0
2020-10-08 15:00:00,0.44,250.086,1.8415,50.032,BR49,15,3,0
2020-10-08 16:00:00,0.413,249.433,1.7545000000000002,49.982,BR49,16,3,0
2020-10-08 17:00:00,0.27,248.3145,1.2405,49.9565,BR49,17,3,0
2020-10-08 18:00:00,0.493,243.342,2.1415,49.9105,BR49,18,3,0
2020-10-08 19:00:00,0.532,240.879,2.3095,49.9945,BR49,19,3,0
2020-10-08 20:00:00,0.441,242.4225,1.907,50.0145,BR49,20,3,0
2020-10-08 21:00:00,0.4,245.735,1.7805,50.02,BR49,21,3,0
2020-10-08 22:00:00,0.39,244.576,1.763,50.0235,BR49,22,3,0
2020-10-08 23:00:00,0.329,244.709,1.548,50.0265,BR49,23,3,0
2020-10-09 00:00:00,0.287,242.79450000000003,1.453,50.0065,BR49,0,4,0
2020-10-09 01:00:00,0.307,244.9615,1.542,49.9585,BR49,1,4,0
2020-10-09 02:00:00,0.238,247.207,1.231,49.9775,BR49,2,4,0
2020-10-09 03:00:00,0.218,248.917,1.129,50.013,BR49,3,4,0
2020-10-09 04:00:00,0.244,250.5225,1.1715,50.011,BR49,4,4,0
2020-10-09 05:00:00,0.278,251.3635,1.349,49.988,BR49,5,4,0
2020-10-09 06:00:00,0.2769999999999999,256.805,1.3485,49.9825,BR49,6,4,0
2020-10-09 07:00:00,0.268,256.7545,1.3125,50.027,BR49,7,4,0
2020-10-09 08:00:00,0.211,252.315,1.0315,49.9975,BR49,8,4,0
2020-10-09 09:00:00,0.212,243.72600000000003,1.0275,50.013,BR49,9,4,0
2020-10-09 10:00:00,0.603,239.0705,3.184,49.9635,BR49,10,4,0
2020-10-09 11:00:00,0.36,240.3185,1.628,49.968,BR49,11,4,0
2020-10-09 12:00:00,0.223,242.656,1.135,49.975,BR49,12,4,0
2020-10-09 13:00:00,0.225,196.449,1.1215,40.0235,BR49,13,4,0
2020-10-09 14:00:00,0.377,200.7565,1.8945,40.0045,BR49,14,4,0
2020-10-09 15:00:00,0.414,251.09,1.843,50.005,BR49,15,4,0
2020-10-09 16:00:00,0.448,248.17,1.892,50.0135,BR49,16,4,0
2020-10-09 17:00:00,0.297,247.641,1.3265,50.0115,BR49,17,4,0
2020-10-09 18:00:00,0.4619999999999999,244.3535,2.242,50.0215,BR49,18,4,0
2020-10-09 19:00:00,0.53,242.18400000000003,2.407,50.0275,BR49,19,4,0
2020-10-09 20:00:00,0.317,223.163,1.4945,45.008,BR49,20,4,0
2020-10-09 21:00:00,0.3379999999999999,249.7635,1.493,50.015,BR49,21,4,0
2020-10-09 22:00:00,0.322,248.791,1.4395,49.985,BR49,22,4,0
2020-10-09 23:00:00,0.31,250.5185,1.382,50.0015,BR49,23,4,0
2020-10-10 00:00:00,0.1709999999999999,125.48,0.8320000000000001,25.0005,BR49,0,5,1
2020-10-10 01:00:00,0.392,250.728,2.2405,50.022000000000006,BR49,1,5,1
2020-10-10 02:00:00,0.382,252.6715,1.794,50.0115,BR49,2,5,1
2020-10-10 03:00:00,0.414,254.0755,1.834,50.0025,BR49,3,5,1
2020-10-10 04:00:00,0.3299999999999999,255.2115,1.461,50.02,BR49,4,5,1
2020-10-10 05:00:00,0.331,256.168,1.4565,49.9795,BR49,5,5,1
2020-10-10 06:00:00,0.272,261.089,1.215,50.0165,BR49,6,5,1
2020-10-10 07:00:00,0.218,259.192,1.0285,50.0325,BR49,7,5,1
2020-10-10 08:00:00,0.178,251.6895,0.853,50.03,BR49,8,5,1
2020-10-10 09:00:00,0.164,246.6685,0.7785,50.039,BR49,9,5,1
2020-10-10 10:00:00,0.2289999999999999,244.386,1.04,50.014,BR49,10,5,1
2020-10-10 11:00:00,0.199,243.526,0.984,49.996500000000005,BR49,11,5,1
2020-10-10 12:00:00,0.221,245.691,1.077,50.003,BR49,12,5,1
2020-10-10 13:00:00,0.255,223.513,1.284,45.003,BR49,13,5,1
2020-10-10 14:00:00,0.305,250.04,1.362,50.0005,BR49,14,5,1
2020-10-10 15:00:00,0.341,252.654,1.5525,50.0345,BR49,15,5,1
2020-10-10 16:00:00,0.31,250.7725,1.4565,50.0045,BR49,16,5,1
2020-10-10 17:00:00,0.317,247.8105,1.44,49.941500000000005,BR49,17,5,1
2020-10-10 18:00:00,0.393,242.266,1.82,50.0,BR49,18,5,1
2020-10-10 19:00:00,0.854,239.9775,4.0665,50.028,BR49,19,5,1
2020-10-10 20:00:00,0.445,242.998,1.976,50.017,BR49,20,5,1
2020-10-10 21:00:00,0.396,245.304,1.793,50.036,BR49,21,5,1
2020-10-10 22:00:00,0.323,232.294,1.628,47.497,BR49,22,5,1
2020-10-10 23:00:00,0.3389999999999999,245.98650000000004,1.5379999999999998,50.0145,BR49,23,5,1
2020-10-11 00:00:00,0.418,246.657,1.848,50.031,BR49,0,6,1
2020-10-11 01:00:00,0.382,248.3465,1.6920000000000002,49.993,BR49,1,6,1
2020-10-11 02:00:00,0.289,249.6555,1.349,50.0305,BR49,2,6,1
2020-10-11 03:00:00,0.283,251.7055,1.3110000000000002,50.0355,BR49,3,6,1
2020-10-11 04:00:00,0.352,252.6505,1.558,50.0215,BR49,4,6,1
2020-10-11 05:00:00,0.369,252.8885,1.551,50.0135,BR49,5,6,1
2020-10-11 06:00:00,0.393,257.039,1.6225,50.0235,BR49,6,6,1
2020-10-11 07:00:00,0.361,258.281,1.5470000000000002,50.0515,BR49,7,6,1
2020-10-11 08:00:00,0.328,254.1265,1.486,50.027,BR49,8,6,1
2020-10-11 09:00:00,0.405,248.3305,1.7795,50.0355,BR49,9,6,1
2020-10-11 10:00:00,0.911,244.825,4.1975,50.0265,BR49,10,6,1
2020-10-11 11:00:00,0.38,221.133,1.954,45.0235,BR49,11,6,1
2020-10-11 12:00:00,0.381,245.504,1.78,50.0255,BR49,12,6,1
2020-10-11 13:00:00,0.257,247.974,1.2765,50.0505,BR49,13,6,1
2020-10-11 14:00:00,0.258,250.7715,1.2505000000000002,50.032,BR49,14,6,1
2020-10-11 15:00:00,0.284,254.006,1.2935,50.0315,BR49,15,6,1
2020-10-11 16:00:00,0.3,251.598,1.351,50.036,BR49,16,6,1
2020-10-11 17:00:00,0.156,252.175,0.8109999999999999,49.98,BR49,17,6,1
2020-10-11 18:00:00,0.414,247.9255,1.745,50.023,BR49,18,6,1
2020-10-11 19:00:00,0.456,245.354,2.001,50.044,BR49,19,6,1
2020-10-11 20:00:00,0.692,245.855,3.097,50.0,BR49,20,6,1
2020-10-11 21:00:00,0.486,246.555,2.1795,50.022000000000006,BR49,21,6,1
2020-10-11 22:00:00,0.5,247.9845,2.2495000000000003,50.051,BR49,22,6,1
2020-10-11 23:00:00,0.459,247.6665,2.01,50.010000000000005,BR49,23,6,1
2020-10-12 00:00:00,0.494,247.87,2.1515,50.018,BR49,0,0,0
2020-10-12 01:00:00,0.4679999999999999,250.339,2.0125,50.0015,BR49,1,0,0
2020-10-12 02:00:00,0.4659999999999999,251.856,1.987,50.0175,BR49,2,0,0
2020-10-12 03:00:00,0.399,227.3345,1.9945,45.0115,BR49,3,0,0
2020-10-12 04:00:00,0.4059999999999999,254.317,1.8195,50.012,BR49,4,0,0
2020-10-12 05:00:00,0.613,255.965,2.702,50.0345,BR49,5,0,0
2020-10-12 06:00:00,0.495,261.206,2.07,50.0425,BR49,6,0,0
2020-10-12 07:00:00,0.389,259.553,1.6485,50.038,BR49,7,0,0
2020-10-12 08:00:00,0.358,254.041,1.521,50.0145,BR49,8,0,0
2020-10-12 09:00:00,0.227,244.909,1.0995,50.016000000000005,BR49,9,0,0
2020-10-12 10:00:00,0.208,168.985,0.9465,35.0675,BR49,10,0,0
2020-10-12 11:00:00,0.306,181.743,1.6475000000000002,37.532,BR49,11,0,0
2020-10-12 12:00:00,0.388,243.904,1.935,49.974,BR49,12,0,0
2020-10-12 13:00:00,0.316,247.57800000000003,1.4085,49.992,BR49,13,0,0
2020-10-12 14:00:00,0.365,248.789,1.5505,49.9725,BR49,14,0,0
2020-10-12 15:00:00,0.386,249.939,1.652,50.006,BR49,15,0,0
2020-10-12 16:00:00,0.41,248.972,1.7745000000000002,50.009,BR49,16,0,0
2020-10-12 17:00:00,0.274,246.142,1.3199999999999998,49.9855,BR49,17,0,0
2020-10-12 18:00:00,0.399,243.216,1.8395,50.002,BR49,18,0,0
2020-10-12 19:00:00,0.715,240.7345,3.5675,50.031,BR49,19,0,0
2020-10-12 20:00:00,0.409,243.8095,1.8725,50.021,BR49,20,0,0
2020-10-12 21:00:00,0.456,244.86550000000005,2.05,50.0375,BR49,21,0,0
2020-10-12 22:00:00,0.523,243.5475,2.2945,50.0135,BR49,22,0,0
2020-10-12 23:00:00,0.487,244.3055,2.1420000000000003,49.9895,BR49,23,0,0
2020-10-13 00:00:00,0.432,245.2585,1.9105,50.001,BR49,0,1,0
2020-10-13 01:00:00,0.374,247.444,1.6625,50.0055,BR49,1,1,0
2020-10-13 02:00:00,0.369,249.533,1.6305,50.015,BR49,2,1,0
2020-10-13 03:00:00,0.374,250.93,1.6515,50.03,BR49,3,1,0
2020-10-13 04:00:00,0.373,251.468,1.6305,50.009,BR49,4,1,0
2020-10-13 05:00:00,0.344,252.9495,1.5035,50.0185,BR49,5,1,0
2020-10-13 06:00:00,0.284,257.6685,1.269,50.0315,BR49,6,1,0
2020-10-13 07:00:00,0.366,259.586,1.5845,50.033,BR49,7,1,0
2020-10-13 08:00:00,0.266,253.9105,1.198,50.004000000000005,BR49,8,1,0
2020-10-13 09:00:00,0.373,244.548,1.606,50.0235,BR49,9,1,0
2020-10-13 10:00:00,0.272,242.9825,1.2775,50.0325,BR49,10,1,0
2020-10-13 11:00:00,0.271,243.452,1.2515,49.985,BR49,11,1,0
2020-10-13 12:00:00,0.346,242.3785,1.6105,49.9895,BR49,12,1,0
2020-10-13 13:00:00,0.214,246.639,1.0845,50.027,BR49,13,1,0
2020-10-13 14:00:00,0.593,248.7125,2.8815,49.989,BR49,14,1,0
2020-10-13 15:00:00,0.295,250.62,1.334,50.027,BR49,15,1,0
2020-10-13 16:00:00,0.305,248.8395,1.405,50.004,BR49,16,1,0
2020-10-13 17:00:00,0.224,246.567,1.071,49.9965,BR49,17,1,0
2020-10-13 18:00:00,0.264,240.772,1.2675,50.010000000000005,BR49,18,1,0
2020-10-13 19:00:00,0.309,231.287,1.5315,47.5305,BR49,19,1,0
2020-10-13 20:00:00,0.381,246.975,1.6649999999999998,50.0375,BR49,20,1,0
2020-10-13 21:00:00,0.456,247.111,1.956,50.0305,BR49,21,1,0
2020-10-13 22:00:00,0.456,247.2005,1.997,50.063,BR49,22,1,0
2020-10-13 23:00:00,0.452,247.941,1.9575,50.035,BR49,23,1,0
2020-10-14 00:00:00,0.375,223.2955,1.883,45.016000000000005,BR49,0,2,0
2020-10-14 01:00:00,0.357,251.7585,1.6175000000000002,50.006,BR49,1,2,0
2020-10-14 02:00:00,0.356,253.8095,1.573,50.0465,BR49,2,2,0
2020-10-14 03:00:00,0.354,254.971,1.5565,50.024,BR49,3,2,0
2020-10-14 04:00:00,0.305,255.332,1.355,49.999,BR49,4,2,0
2020-10-14 05:00:00,0.647,256.5075,2.912,49.9505,BR49,5,2,0
2020-10-14 06:00:00,0.293,261.262,1.2405,50.0035,BR49,6,2,0
2020-10-14 07:00:00,0.318,257.8315,1.356,50.0195,BR49,7,2,0
2020-10-14 08:00:00,0.225,252.551,1.0305,49.9945,BR49,8,2,0
2020-10-14 09:00:00,0.293,245.243,1.342,50.03,BR49,9,2,0
2020-10-14 10:00:00,0.368,244.7975,1.6445,50.066,BR49,10,2,0
2020-10-14 11:00:00,0.005,12.2265,0.0775,2.5015,BR49,11,2,0
2020-10-14 12:00:00,0.439,205.6125,2.329,42.5005,BR49,12,2,0
2020-10-14 13:00:00,0.359,248.4305,1.9125,50.0015,BR49,13,2,0
2020-10-14 14:00:00,0.332,249.53000000000003,1.5725,50.0015,BR49,14,2,0
2020-10-14 15:00:00,0.273,251.654,1.2345000000000002,50.006,BR49,15,2,0
2020-10-14 16:00:00,0.295,250.8405,1.447,49.9865,BR49,16,2,0
2020-10-14 17:00:00,0.312,250.801,1.384,49.997,BR49,17,2,0
2020-10-14 18:00:00,0.437,242.2635,1.9485,49.978,BR49,18,2,0
2020-10-14 19:00:00,1.121,241.0675,5.7045,50.0245,BR49,19,2,0
2020-10-14 20:00:00,0.517,245.172,2.3525,50.0315,BR49,20,2,0
2020-10-14 21:00:00,0.437,246.479,1.971,50.041,BR49,21,2,0
2020-10-14 22:00:00,0.478,246.0055,2.1575,50.013,BR49,22,2,0
2020-10-14 23:00:00,0.405,248.326,1.8765,50.012,BR49,23,2,0
2020-10-15 00:00:00,0.32,250.84250000000003,1.472,49.991,BR49,0,3,0
2020-10-15 01:00:00,0.316,254.06350000000003,1.4495,50.0045,BR49,1,3,0
2020-10-15 02:00:00,0.29,254.441,1.354,49.9975,BR49,2,3,0
2020-10-15 03:00:00,0.275,255.3625,1.2925,49.997,BR49,3,3,0
2020-10-15 04:00:00,0.229,257.046,1.119,49.9545,BR49,4,3,0
2020-10-15 05:00:00,0.182,257.977,0.8805,49.944,BR49,5,3,0
2020-10-15 06:00:00,0.188,262.5805,0.8685,50.0265,BR49,6,3,0
2020-10-15 07:00:00,0.211,260.7125,0.955,50.0305,BR49,7,3,0
2020-10-15 08:00:00,0.183,255.5575,0.869,50.052,BR49,8,3,0
2020-10-15 09:00:00,0.617,245.7435,2.8815,50.036,BR49,9,3,0
2020-10-15 10:00:00,0.878,241.468,4.4425,50.029,BR49,10,3,0
2020-10-15 11:00:00,0.486,240.71,2.1795,49.9995,BR49,11,3,0
2020-10-15 12:00:00,0.475,238.3735,2.1655,50.0135,BR49,12,3,0
2020-10-15 13:00:00,0.304,244.418,1.4325,50.013,BR49,13,3,0
2020-10-15 14:00:00,0.239,247.7695,1.1395,50.0095,BR49,14,3,0
2020-10-15 15:00:00,0.3429999999999999,248.7905,1.4745,49.959,BR49,15,3,0
2020-10-15 16:00:00,0.447,246.617,1.936,49.906,BR49,16,3,0
2020-10-15 17:00:00,0.379,247.0795,1.6085,49.968,BR49,17,3,0
2020-10-15 18:00:00,0.337,215.3965,1.787,44.9555,BR49,18,3,0
2020-10-15 19:00:00,0.304,239.1175,1.4245,50.0355,BR49,19,3,0
2020-10-15 20:00:00,0.371,243.105,1.652,50.0205,BR49,20,3,0
2020-10-15 21:00:00,0.362,244.3535,1.587,50.0455,BR49,21,3,0
2020-10-15 22:00:00,0.447,242.352,1.9405,50.0285,BR49,22,3,0
2020-10-15 23:00:00,0.462,244.304,2.054,50.007,BR49,23,3,0
2020-10-16 00:00:00,0.436,246.0455,1.9245,50.0025,BR49,0,4,0
2020-10-16 01:00:00,0.374,248.3985,1.6575,49.9575,BR49,1,4,0
2020-10-16 02:00:00,0.386,249.8665,1.6934999999999998,49.9865,BR49,2,4,0
2020-10-16 03:00:00,0.363,251.672,1.6115,49.97,BR49,3,4,0
2020-10-16 04:00:00,0.353,252.5415,1.5615,50.0085,BR49,4,4,0
2020-10-16 05:00:00,0.287,254.0435,1.2765,49.941,BR49,5,4,0
2020-10-16 06:00:00,0.261,258.1585,1.1315,50.023,BR49,6,4,0
2020-10-16 07:00:00,0.366,255.652,1.537,50.0015,BR49,7,4,0
2020-10-16 08:00:00,0.347,250.5645,1.49,49.986,BR49,8,4,0
2020-10-16 09:00:00,0.34,243.7105,1.523,49.982,BR49,9,4,0
2020-10-16 10:00:00,0.635,242.10700000000003,3.0135,49.993,BR49,10,4,0
2020-10-16 11:00:00,0.317,242.18,1.458,49.961,BR49,11,4,0
2020-10-16 12:00:00,0.434,240.62150000000003,1.9715,49.972,BR49,12,4,0
2020-10-16 13:00:00,0.367,243.1765,1.6155000000000002,49.9575,BR49,13,4,0
2020-10-16 14:00:00,0.5690000000000001,247.3185,2.3785,49.938,BR49,14,4,0
2020-10-16 15:00:00,0.713,249.9085,3.1495,49.9735,BR49,15,4,0
2020-10-16 16:00:00,0.407,227.368,1.923,45.014,BR49,16,4,0
2020-10-16 17:00:00,0.431,250.9735,1.943,49.9555,BR49,17,4,0
2020-10-16 18:00:00,0.582,244.1265,2.638,49.9205,BR49,18,4,0
2020-10-16 19:00:00,0.583,243.504,2.588,50.0325,BR49,19,4,0
2020-10-16 20:00:00,0.515,246.242,2.3625,50.0295,BR49,20,4,0
2020-10-16 21:00:00,0.282,148.77349999999998,1.4355,30.021,BR49,21,4,0
2020-10-16 22:00:00,0.446,244.098,2.2670000000000003,49.978,BR49,22,4,0
2020-10-16 23:00:00,0.375,246.4925,1.749,49.98,BR49,23,4,0
2020-10-17 00:00:00,0.351,247.9235,1.5665,50.0115,BR49,0,5,1
2020-10-17 01:00:00,0.347,249.78450000000004,1.524,50.010000000000005,BR49,1,5,1
2020-10-17 02:00:00,0.359,251.028,1.581,50.002,BR49,2,5,1
2020-10-17 03:00:00,0.376,252.147,1.675,49.97,BR49,3,5,1
2020-10-17 04:00:00,0.363,252.42,1.575,50.0005,BR49,4,5,1
2020-10-17 05:00:00,0.355,252.843,1.5135,49.9965,BR49,5,5,1
2020-10-17 06:00:00,0.195,192.4075,0.877,37.5115,BR49,6,5,1
2020-10-17 07:00:00,0.411,254.6395,2.033,50.0185,BR49,7,5,1
2020-10-17 08:00:00,0.621,250.6715,2.829,50.011,BR49,8,5,1
2020-10-17 09:00:00,0.542,244.7785,2.4745,50.024,BR49,9,5,1
2020-10-17 10:00:00,0.291,245.264,1.332,49.9935,BR49,10,5,1
2020-10-17 11:00:00,0.533,245.6575,2.615,50.0125,BR49,11,5,1
2020-10-17 12:00:00,1.14,244.423,5.717499999999999,49.9205,BR49,12,5,1
2020-10-17 13:00:00,0.644,248.474,3.186,50.022000000000006,BR49,13,5,1
2020-10-17 14:00:00,0.258,252.564,1.1705,49.982,BR49,14,5,1
2020-10-17 15:00:00,0.415,253.09250000000003,1.7079999999999995,49.9445,BR49,15,5,1
2020-10-17 16:00:00,0.434,250.629,1.8065,49.9725,BR49,16,5,1
2020-10-17 17:00:00,0.387,251.384,1.626,49.9645,BR49,17,5,1
2020-10-17 18:00:00,0.373,245.7135,1.5855,49.907,BR49,18,5,1
2020-10-17 19:00:00,0.41,248.2735,1.736,50.014,BR49,19,5,1
2020-10-17 20:00:00,0.374,251.423,1.5655,49.9975,BR49,20,5,1
2020-10-17 21:00:00,0.383,252.1205,1.5765,50.0045,BR49,21,5,1
2020-10-17 22:00:00,0.364,250.7105,1.515,50.018,BR49,22,5,1
2020-10-17 23:00:00,0.383,250.9465,1.6454999999999995,49.9705,BR49,23,5,1
2020-10-18 00:00:00,0.325,252.491,1.443,49.966,BR49,0,6,1
2020-10-18 01:00:00,0.298,254.114,1.2985000000000002,49.971,BR49,1,6,1
2020-10-18 02:00:00,0.299,255.333,1.3050000000000002,49.9295,BR49,2,6,1
2020-10-18 03:00:00,0.296,256.881,1.2845,49.919,BR49,3,6,1
2020-10-18 04:00:00,0.307,258.577,1.3145,49.9975,BR49,4,6,1
2020-10-18 05:00:00,0.291,258.5585,1.2435,49.9675,BR49,5,6,1
2020-10-18 06:00:00,0.414,260.9785,1.8205,50.0205,BR49,6,6,1
2020-10-18 07:00:00,0.608,258.0535,2.728,50.0465,BR49,7,6,1
2020-10-18 08:00:00,0.273,254.048,1.164,50.0545,BR49,8,6,1
2020-10-18 09:00:00,0.987,246.724,4.538,50.0205,BR49,9,6,1
2020-10-18 10:00:00,0.55,246.5715,2.8440000000000003,50.0065,BR49,10,6,1
2020-10-18 11:00:00,0.304,246.628,1.415,50.0075,BR49,11,6,1
2020-10-18 12:00:00,0.2339999999999999,247.2285,1.098,49.9705,BR49,12,6,1
2020-10-18 13:00:00,0.232,251.183,1.084,50.0045,BR49,13,6,1
2020-10-18 14:00:00,0.1709999999999999,151.8425,0.9125,29.9825,BR49,14,6,1
2020-10-18 15:00:00,0.419,255.2955,2.027,50.0015,BR49,15,6,1
2020-10-18 16:00:00,0.278,257.669,1.2950000000000002,49.9895,BR49,16,6,1
2020-10-18 17:00:00,0.343,254.234,1.5095,50.001,BR49,17,6,1
2020-10-18 18:00:00,0.756,247.74050000000005,3.3950000000000005,50.023,BR49,18,6,1
2020-10-18 19:00:00,1.231,247.4025,6.147,50.006,BR49,19,6,1
2020-10-18 20:00:00,1.077,249.67800000000005,5.599,50.004000000000005,BR49,20,6,1
2020-10-18 21:00:00,0.676,251.8095,3.137,49.9855,BR49,21,6,1
2020-10-18 22:00:00,0.352,249.60100000000003,1.514,50.024,BR49,22,6,1
2020-10-18 23:00:00,0.257,251.1735,1.169,50.0185,BR49,23,6,1
2020-10-19 00:00:00,0.251,252.0165,1.136,49.997,BR49,0,0,0
2020-10-19 01:00:00,0.251,253.2165,1.13,50.0305,BR49,1,0,0
2020-10-19 02:00:00,0.251,254.6025,1.1345,50.0015,BR49,2,0,0
2020-10-19 03:00:00,0.249,255.7085,1.107,50.0025,BR49,3,0,0
2020-10-19 04:00:00,0.255,256.53200000000004,1.1335000000000002,50.0125,BR49,4,0,0
2020-10-19 05:00:00,0.265,256.69,1.159,49.991,BR49,5,0,0
2020-10-19 06:00:00,0.258,259.4615,1.1185,49.9845,BR49,6,0,0
2020-10-19 07:00:00,0.248,257.85900000000004,1.083,49.9935,BR49,7,0,0
2020-10-19 08:00:00,0.22,252.8435,0.963,49.9755,BR49,8,0,0
2020-10-19 09:00:00,0.318,245.543,1.574,50.0055,BR49,9,0,0
2020-10-19 10:00:00,0.704,244.742,3.4845,50.0075,BR49,10,0,0
2020-10-19 11:00:00,0.324,245.067,1.4355,50.0155,BR49,11,0,0
2020-10-19 12:00:00,0.454,246.5215,1.95,50.0245,BR49,12,0,0
2020-10-19 13:00:00,0.305,249.6015,1.312,50.0405,BR49,13,0,0
2020-10-19 14:00:00,0.194,253.16950000000003,0.89,49.954,BR49,14,0,0
2020-10-19 15:00:00,0.267,254.518,1.134,49.9795,BR49,15,0,0
2020-10-19 16:00:00,0.335,253.8355,1.388,50.0075,BR49,16,0,0
2020-10-19 17:00:00,0.303,250.827,1.292,49.9405,BR49,17,0,0
2020-10-19 18:00:00,0.301,247.1275,1.311,49.937,BR49,18,0,0
2020-10-19 19:00:00,0.322,249.6595,1.3515,50.0155,BR49,19,0,0
2020-10-19 20:00:00,0.249,251.9805,1.0735,49.996,BR49,20,0,0
2020-10-19 21:00:00,0.333,253.3275,1.3685,50.0305,BR49,21,0,0
2020-10-19 22:00:00,0.716,252.811,3.099,50.0205,BR49,22,0,0
2020-10-19 23:00:00,0.346,253.642,1.485,49.9885,BR49,23,0,0
2020-10-20 00:00:00,0.235,255.4275,1.0435,49.996500000000005,BR49,0,1,0
2020-10-20 01:00:00,0.232,255.8805,1.041,50.005,BR49,1,1,0
2020-10-20 02:00:00,0.243,257.239,1.0905,49.9965,BR49,2,1,0
2020-10-20 03:00:00,0.249,257.991,1.1115,50.0075,BR49,3,1,0
2020-10-20 04:00:00,0.242,258.468,1.072,50.003,BR49,4,1,0
2020-10-20 05:00:00,0.2329999999999999,259.626,0.995,50.0105,BR49,5,1,0
2020-10-20 06:00:00,0.446,261.47799999999995,1.983,49.9815,BR49,6,1,0
2020-10-20 07:00:00,0.252,261.457,1.05,49.9315,BR49,7,1,0
2020-10-20 08:00:00,0.6,255.2245,2.7,50.0055,BR49,8,1,0
2020-10-20 09:00:00,0.634,248.043,3.0275000000000003,49.9895,BR49,9,1,0
2020-10-20 10:00:00,0.125,237.867,0.7205,47.4895,BR49,10,1,0
2020-10-20 11:00:00,0.207,250.069,0.995,50.0115,BR49,11,1,0
2020-10-20 12:00:00,0.134,250.332,0.7,49.9505,BR49,12,1,0
2020-10-20 13:00:00,0.101,254.398,0.6055,50.002,BR49,13,1,0
2020-10-20 14:00:00,0.249,255.091,1.0665,49.89,BR49,14,1,0
2020-10-20 15:00:00,0.275,244.9205,1.2065,47.506,BR49,15,1,0
2020-10-20 16:00:00,0.19,113.4335,0.9985,22.4585,BR49,16,1,0
2020-10-20 17:00:00,0.304,254.1055,1.6465,49.974,BR49,17,1,0
2020-10-20 18:00:00,0.238,252.1655,1.097,50.0055,BR49,18,1,0
2020-10-20 19:00:00,0.32,251.5985,1.3755000000000002,50.0315,BR49,19,1,0
2020-10-20 20:00:00,0.217,254.0825,0.9945,50.016000000000005,BR49,20,1,0
2020-10-20 21:00:00,0.241,253.9435,1.0675,50.031,BR49,21,1,0
2020-10-20 22:00:00,0.247,251.5065,1.0715,50.03,BR49,22,1,0
2020-10-20 23:00:00,0.237,252.3195,1.0425,50.001,BR49,23,1,0
2020-10-21 00:00:00,0.266,253.293,1.15,50.003,BR49,0,2,0
2020-10-21 01:00:00,0.237,255.0165,1.037,49.993,BR49,1,2,0
2020-10-21 02:00:00,0.245,255.784,1.0805,50.004000000000005,BR49,2,2,0
2020-10-21 03:00:00,0.249,257.3275,1.0965,49.9955,BR49,3,2,0
2020-10-21 04:00:00,0.251,257.0775,1.091,49.9715,BR49,4,2,0
2020-10-21 05:00:00,0.259,256.68850000000003,1.1215,49.9795,BR49,5,2,0
2020-10-21 06:00:00,0.27,259.092,1.153,50.02,BR49,6,2,0
2020-10-21 07:00:00,0.2789999999999999,258.9665,1.1995,50.0235,BR49,7,2,0
2020-10-21 08:00:00,0.639,252.8145,2.922,50.0065,BR49,8,2,0
2020-10-21 09:00:00,0.303,248.2145,1.4175,50.019,BR49,9,2,0
2020-10-21 10:00:00,0.156,208.8875,0.806,42.5075,BR49,10,2,0
2020-10-21 11:00:00,0.213,246.7575,1.051,50.018,BR49,11,2,0
2020-10-21 12:00:00,0.159,185.2255,0.918,37.505,BR49,12,2,0
2020-10-21 13:00:00,0.218,251.48200000000003,1.115,50.057,BR49,13,2,0
2020-10-21 14:00:00,0.305,241.484,1.3844999999999998,47.5185,BR49,14,2,0
2020-10-21 15:00:00,0.322,254.766,1.4305,50.0065,BR49,15,2,0
2020-10-21 16:00:00,0.61,251.50100000000003,2.8125,49.9845,BR49,16,2,0
2020-10-21 17:00:00,0.195,251.783,0.9545,50.0055,BR49,17,2,0
2020-10-21 18:00:00,0.239,247.3385,1.0665,50.037,BR49,18,2,0
2020-10-21 19:00:00,0.227,250.583,1.0095,50.0325,BR49,19,2,0
2020-10-21 20:00:00,0.352,253.827,1.4455,49.996500000000005,BR49,20,2,0
2020-10-21 21:00:00,0.555,254.9595,2.37,50.023,BR49,21,2,0
2020-10-21 22:00:00,0.239,254.8535,1.0755,50.0225,BR49,22,2,0
2020-10-21 23:00:00,0.225,255.3065,1.024,49.988,BR49,23,2,0
2020-10-22 00:00:00,0.173,256.785,0.8029999999999999,50.016000000000005,BR49,0,3,0
2020-10-22 01:00:00,0.135,258.139,0.6415,50.002,BR49,1,3,0
2020-10-22 02:00:00,0.128,259.0715,0.611,49.9985,BR49,2,3,0
2020-10-22 03:00:00,0.126,260.01,0.6025,50.0145,BR49,3,3,0
2020-10-22 04:00:00,0.141,260.48850000000004,0.6479999999999999,49.9995,BR49,4,3,0
2020-10-22 05:00:00,0.122,259.6825,0.6005,50.003,BR49,5,3,0
2020-10-22 06:00:00,0.135,261.4205,0.634,50.0025,BR49,6,3,0
2020-10-22 07:00:00,0.223,258.8985,1.002,50.027,BR49,7,3,0
2020-10-22 08:00:00,0.243,253.123,1.038,50.019,BR49,8,3,0
2020-10-22 09:00:00,0.573,246.61,2.814,50.033,BR49,9,3,0
2020-10-22 10:00:00,0.2029999999999999,245.4305,0.9745,49.986,BR49,10,3,0
2020-10-22 11:00:00,0.173,245.5025,0.837,50.0065,BR49,11,3,0
2020-10-22 12:00:00,0.163,247.236,0.7715,50.0165,BR49,12,3,0
2020-10-22 13:00:00,0.126,214.822,0.841,42.544,BR49,13,3,0
2020-10-22 14:00:00,0.46,255.284,2.2025,50.004000000000005,BR49,14,3,0
2020-10-22 15:00:00,0.414,256.38,1.9145,50.017,BR49,15,3,0
2020-10-22 16:00:00,0.227,254.8335,1.1084999999999998,50.0095,BR49,16,3,0
2020-10-22 17:00:00,0.211,250.0,1.0035,49.984,BR49,17,3,0
2020-10-22 18:00:00,0.308,247.9865,1.357,50.0185,BR49,18,3,0
2020-10-22 19:00:00,0.732,247.0335,3.305,50.029,BR49,19,3,0
2020-10-22 20:00:00,0.267,250.391,1.2855,50.011,BR49,20,3,0
2020-10-22 21:00:00,0.247,252.4605,1.0855,50.032,BR49,21,3,0
2020-10-22 22:00:00,0.248,251.8,1.0945,50.0115,BR49,22,3,0
2020-10-22 23:00:00,0.192,253.776,0.918,49.9975,BR49,23,3,0
2020-10-23 00:00:00,0.176,254.7305,0.8220000000000001,50.0145,BR49,0,4,0
2020-10-23 01:00:00,0.179,255.0725,0.8545,50.015,BR49,1,4,0
2020-10-23 02:00:00,0.173,255.6815,0.836,50.0225,BR49,2,4,0
2020-10-23 03:00:00,0.184,256.9295,0.875,50.021,BR49,3,4,0
2020-10-23 04:00:00,0.224,257.321,1.0025,49.98,BR49,4,4,0
2020-10-23 05:00:00,0.197,256.99,0.9315,49.9985,BR49,5,4,0
2020-10-23 06:00:00,0.209,258.72950000000003,0.9055,50.013,BR49,6,4,0
2020-10-23 07:00:00,0.265,258.5045,1.13,50.015,BR49,7,4,0
2020-10-23 08:00:00,0.245,252.071,1.0565,50.0405,BR49,8,4,0
2020-10-23 09:00:00,0.249,245.717,1.0845,50.042,BR49,9,4,0
2020-10-23 10:00:00,0.706,243.72,3.63,49.9915,BR49,10,4,0
2020-10-23 11:00:00,0.432,243.85700000000003,2.3525,49.991,BR49,11,4,0
2020-10-23 12:00:00,0.302,246.2475,1.35,49.9865,BR49,12,4,0
2020-10-23 13:00:00,0.472,251.737,2.141,50.0065,BR49,13,4,0
2020-10-23 14:00:00,0.909,254.705,4.146,49.9685,BR49,14,4,0
2020-10-23 15:00:00,0.333,256.06350000000003,1.4495,49.9345,BR49,15,4,0
2020-10-23 16:00:00,0.346,254.497,1.4905,50.007,BR49,16,4,0
2020-10-23 17:00:00,0.217,238.0825,1.0895,47.5025,BR49,17,4,0
2020-10-23 18:00:00,0.284,235.0675,1.296,50.5335,BR49,18,4,0
2020-10-23 19:00:00,0.298,248.812,1.313,50.039,BR49,19,4,0
2020-10-23 20:00:00,0.245,251.5625,1.111,49.9945,BR49,20,4,0
2020-10-23 21:00:00,0.273,254.2145,1.1995,50.0205,BR49,21,4,0
2020-10-23 22:00:00,0.29,252.7395,1.2725,50.016000000000005,BR49,22,4,0
2020-10-23 23:00:00,0.253,253.2525,1.1285,49.978,BR49,23,4,0
2020-10-24 00:00:00,0.194,254.5775,0.9945,50.010000000000005,BR49,0,5,1
2020-10-24 01:00:00,0.2,254.98200000000003,1.0165000000000002,50.0,BR49,1,5,1
2020-10-24 02:00:00,0.192,256.453,0.9785,49.9815,BR49,2,5,1
2020-10-24 03:00:00,0.258,257.4345,1.199,50.0145,BR49,3,5,1
2020-10-24 04:00:00,0.205,257.175,1.016,49.9775,BR49,4,5,1
2020-10-24 05:00:00,0.184,255.645,0.947,49.909,BR49,5,5,1
2020-10-24 06:00:00,0.2029999999999999,257.1645,0.9885,49.994,BR49,6,5,1
2020-10-24 07:00:00,0.223,258.128,1.0145,50.0135,BR49,7,5,1
2020-10-24 08:00:00,0.215,253.0565,0.98,50.0555,BR49,8,5,1
2020-10-24 09:00:00,0.689,245.513,3.2045000000000003,50.0265,BR49,9,5,1
2020-10-24 10:00:00,0.415,247.329,1.9755,50.02,BR49,10,5,1
2020-10-24 11:00:00,0.126,249.6935,0.6735,50.0235,BR49,11,5,1
2020-10-24 12:00:00,0.196,250.388,0.913,49.986,BR49,12,5,1
2020-10-24 13:00:00,0.206,255.3925,0.9465,50.0255,BR49,13,5,1
2020-10-24 14:00:00,0.72,255.912,3.1965,49.996,BR49,14,5,1
2020-10-24 15:00:00,0.364,257.0185,1.466,50.0195,BR49,15,5,1
2020-10-24 16:00:00,0.188,254.145,0.921,49.9615,BR49,16,5,1
2020-10-24 17:00:00,0.285,251.29,1.2455,49.9935,BR49,17,5,1
2020-10-24 18:00:00,0.241,246.3865,1.104,50.02,BR49,18,5,1
2020-10-24 19:00:00,0.244,249.7545,1.074,50.031,BR49,19,5,1
2020-10-24 20:00:00,0.256,252.109,1.129,50.003,BR49,20,5,1
2020-10-24 21:00:00,0.287,253.0435,1.2425000000000002,50.014,BR49,21,5,1
2020-10-24 22:00:00,0.248,254.212,1.101,50.0205,BR49,22,5,1
2020-10-24 23:00:00,0.25,256.2465,1.1715,49.9875,BR49,23,5,1
2020-10-25 00:00:00,0.205,256.681,1.0335,50.0345,BR49,0,6,1
2020-10-25 01:00:00,0.204,256.909,1.0665,50.0005,BR49,1,6,1
2020-10-25 02:00:00,0.252,257.8315,1.225,50.005,BR49,2,6,1
2020-10-25 03:00:00,0.196,258.7125,1.0485,49.9975,BR49,3,6,1
2020-10-25 04:00:00,0.186,258.713,1.012,49.9825,BR49,4,6,1
2020-10-25 05:00:00,0.189,257.913,1.009,49.995,BR49,5,6,1
2020-10-25 06:00:00,0.193,259.6335,1.0215,50.009,BR49,6,6,1
2020-10-25 07:00:00,0.187,260.327,1.001,49.9705,BR49,7,6,1
2020-10-25 08:00:00,0.212,261.272,1.04,50.0335,BR49,8,6,1
2020-10-25 09:00:00,0.276,257.9275,1.355,50.0235,BR49,9,6,1
2020-10-25 10:00:00,0.505,254.8315,2.4275,50.001,BR49,10,6,1
2020-10-25 11:00:00,0.189,256.623,0.91,50.02,BR49,11,6,1
2020-10-25 12:00:00,0.159,191.5095,0.834,37.524,BR49,12,6,1
2020-10-25 13:00:00,0.331,254.8755,1.5475,50.003,BR49,13,6,1
2020-10-25 14:00:00,0.31,257.105,1.382,49.996,BR49,14,6,1
2020-10-25 15:00:00,0.303,256.93850000000003,1.2945,50.013,BR49,15,6,1
2020-10-25 16:00:00,0.2329999999999999,254.0295,1.0295,49.972,BR49,16,6,1
2020-10-25 17:00:00,0.305,253.311,1.301,49.954,BR49,17,6,1
2020-10-25 18:00:00,0.275,251.413,1.2685,50.0435,BR49,18,6,1
2020-10-25 19:00:00,0.555,253.2195,2.4495,50.018,BR49,19,6,1
2020-10-25 20:00:00,0.2289999999999999,254.7085,1.0095,49.935,BR49,20,6,1
2020-10-25 21:00:00,0.23,255.97200000000004,1.0215,50.0145,BR49,21,6,1
2020-10-25 22:00:00,0.212,256.0935,0.965,50.038,BR49,22,6,1
2020-10-25 23:00:00,0.227,258.0995,0.9845,50.0105,BR49,23,6,1
2020-10-26 00:00:00,0.235,258.6095,1.036,50.0175,BR49,0,0,0
2020-10-26 01:00:00,0.218,258.3755,0.9905,50.008,BR49,1,0,0
2020-10-26 02:00:00,0.264,259.4405,1.1435,50.0285,BR49,2,0,0
2020-10-26 03:00:00,0.23,260.439,1.0895,50.013,BR49,3,0,0
2020-10-26 04:00:00,0.188,260.7465,0.9645,50.013,BR49,4,0,0
2020-10-26 05:00:00,0.186,259.6625,0.9365,50.037,BR49,5,0,0
2020-10-26 06:00:00,0.17,261.276,0.8154999999999999,50.0215,BR49,6,0,0
2020-10-26 07:00:00,0.18,260.2405,0.8564999999999999,50.003,BR49,7,0,0
2020-10-26 08:00:00,0.288,254.935,1.4035,50.0045,BR49,8,0,0
2020-10-26 09:00:00,0.416,249.2045,1.934,50.008,BR49,9,0,0
2020-10-26 10:00:00,0.209,246.4325,1.0645,50.0155,BR49,10,0,0
2020-10-26 11:00:00,0.079,110.373,0.5780000000000001,22.5155,BR49,11,0,0
2020-10-26 12:00:00,0.146,124.8275,0.7975,25.005000000000003,BR49,12,0,0
2020-10-26 13:00:00,0.206,254.5415,1.0255,50.045,BR49,13,0,0
2020-10-26 14:00:00,0.17,258.945,0.8875,49.991,BR49,14,0,0
2020-10-26 15:00:00,0.115,260.95050000000003,0.7375,49.988,BR49,15,0,0
2020-10-26 16:00:00,0.134,219.6085,0.7889999999999999,42.4975,BR49,16,0,0
2020-10-26 17:00:00,0.231,254.868,1.0725,49.9735,BR49,17,0,0
2020-10-26 18:00:00,0.2329999999999999,244.61550000000005,1.112,50.005,BR49,18,0,0
2020-10-26 19:00:00,0.269,251.365,1.2105,50.06,BR49,19,0,0
2020-10-26 20:00:00,0.25,252.9295,1.1315,50.0255,BR49,20,0,0
2020-10-26 21:00:00,0.298,253.7485,1.354,50.0375,BR49,21,0,0
2020-10-26 22:00:00,0.249,254.493,1.1175000000000002,50.0365,BR49,22,0,0
2020-10-26 23:00:00,0.259,256.0905,1.201,50.0295,BR49,23,0,0
2020-10-27 00:00:00,0.193,256.336,0.8664999999999999,50.0115,BR49,0,1,0
2020-10-27 01:00:00,0.207,256.8535,0.9305,50.010000000000005,BR49,1,1,0
2020-10-27 02:00:00,0.188,257.6465,0.849,49.988,BR49,2,1,0
2020-10-27 03:00:00,0.184,259.067,0.8365,50.021,BR49,3,1,0
2020-10-27 04:00:00,0.248,259.2985,1.075,50.0365,BR49,4,1,0
2020-10-27 05:00:00,0.207,257.709,0.9875,49.999,BR49,5,1,0
2020-10-27 06:00:00,0.2,259.0165,0.966,49.993,BR49,6,1,0
2020-10-27 07:00:00,0.616,257.08849999999995,2.9045,49.9985,BR49,7,1,0
2020-10-27 08:00:00,0.19,251.2935,0.94,49.987,BR49,8,1,0
2020-10-27 09:00:00,0.212,248.6295,0.998,50.001,BR49,9,1,0
2020-10-27 10:00:00,0.187,249.7025,0.961,50.0175,BR49,10,1,0
2020-10-27 11:00:00,0.368,249.9625,1.7414999999999998,50.003,BR49,11,1,0
2020-10-27 12:00:00,0.438,250.09,1.959,50.010000000000005,BR49,12,1,0
2020-10-27 13:00:00,0.381,253.1775,1.643,50.020500000000006,BR49,13,1,0
2020-10-27 14:00:00,0.235,256.596,1.129,49.9645,BR49,14,1,0
2020-10-27 15:00:00,0.1699999999999999,257.07550000000003,0.9505,49.929,BR49,15,1,0
2020-10-27 16:00:00,0.237,254.3415,1.162,49.8795,BR49,16,1,0
2020-10-27 17:00:00,0.126,239.91950000000003,0.696,47.456,BR49,17,1,0
2020-10-27 18:00:00,0.1709999999999999,249.1945,0.8470000000000001,50.0025,BR49,18,1,0
2020-10-27 19:00:00,0.641,250.42800000000005,3.1645,50.041,BR49,19,1,0
2020-10-27 20:00:00,0.29,253.441,1.3795,50.0345,BR49,20,1,0
2020-10-27 21:00:00,0.214,256.174,0.986,50.0365,BR49,21,1,0
2020-10-27 22:00:00,0.328,256.7605,1.3805,50.0385,BR49,22,1,0
2020-10-27 23:00:00,0.316,257.2085,1.3815,50.0115,BR49,23,1,0
2020-10-28 00:00:00,0.216,258.8375,0.9725,50.0135,BR49,0,2,0
2020-10-28 01:00:00,0.175,259.3295,0.8095000000000001,50.006,BR49,1,2,0
2020-10-28 02:00:00,0.179,260.202,0.8265,50.008500000000005,BR49,2,2,0
2020-10-28 03:00:00,0.1689999999999999,261.1125,0.7925,49.993,BR49,3,2,0
2020-10-28 04:00:00,0.173,260.8605,0.8,50.0125,BR49,4,2,0
2020-10-28 05:00:00,0.16,258.6065,0.7529999999999999,49.96,BR49,5,2,0
2020-10-28 06:00:00,0.215,259.5215,0.944,49.898,BR49,6,2,0
2020-10-28 07:00:00,0.229,259.154,1.0145,49.9825,BR49,7,2,0
2020-10-28 08:00:00,0.235,252.4475,1.0375,50.0245,BR49,8,2,0
2020-10-28 09:00:00,0.5539999999999999,246.3625,2.5135,50.027,BR49,9,2,0
2020-10-28 10:00:00,0.185,246.325,0.9425,50.0075,BR49,10,2,0
2020-10-28 11:00:00,0.153,245.9175,0.9545,50.0045,BR49,11,2,0
2020-10-28 12:00:00,0.159,248.0,0.866,50.005,BR49,12,2,0
2020-10-28 13:00:00,0.108,255.5125,0.6365000000000001,50.032,BR49,13,2,0
2020-10-28 14:00:00,0.099,256.637,0.619,50.0005,BR49,14,2,0
2020-10-28 15:00:00,0.106,244.6075,0.622,47.5125,BR49,15,2,0
2020-10-28 16:00:00,0.154,229.3865,0.8615,45.003,BR49,16,2,0
2020-10-28 17:00:00,0.145,201.9545,0.8035,39.9575,BR49,17,2,0
2020-10-28 18:00:00,0.239,249.491,1.0955,49.9385,BR49,18,2,0
2020-10-28 19:00:00,0.36,251.2285,1.6185000000000005,50.037,BR49,19,2,0
2020-10-28 20:00:00,0.443,251.438,1.961,50.0275,BR49,20,2,0
2020-10-28 21:00:00,0.283,254.4695,1.201,50.0305,BR49,21,2,0
2020-10-28 22:00:00,0.2799999999999999,255.92800000000005,1.1875,50.0065,BR49,22,2,0
2020-10-28 23:00:00,0.221,257.6285,0.9665,49.936,BR49,23,2,0
2020-10-29 00:00:00,0.206,257.3575,0.8855000000000001,49.9445,BR49,0,3,0
2020-10-29 01:00:00,0.2,258.7585,0.866,49.971,BR49,1,3,0
2020-10-29 02:00:00,0.143,167.8215,0.783,32.5015,BR49,2,3,0
2020-10-29 03:00:00,0.24,259.2895,1.1605,49.9705,BR49,3,3,0
2020-10-29 04:00:00,0.294,259.2025,1.3235,49.9125,BR49,4,3,0
2020-10-29 05:00:00,0.266,256.8585,1.1305,49.892,BR49,5,3,0
2020-10-29 06:00:00,0.218,257.1005,0.9715,49.967,BR49,6,3,0
2020-10-29 07:00:00,0.18,254.003,0.8045,49.979,BR49,7,3,0
2020-10-29 08:00:00,0.18,237.734,0.868,47.516000000000005,BR49,8,3,0
2020-10-29 09:00:00,0.307,246.6875,1.532,49.983,BR49,9,3,0
2020-10-29 10:00:00,0.17,213.7295,0.9365,42.4975,BR49,10,3,0
2020-10-29 11:00:00,0.186,255.29450000000003,0.8859999999999999,50.0195,BR49,11,3,0
2020-10-29 12:00:00,0.277,252.57800000000003,1.1965,50.007,BR49,12,3,0
2020-10-29 13:00:00,0.221,257.0005,0.9825,50.0005,BR49,13,3,0
2020-10-29 14:00:00,0.1989999999999999,258.7185,0.8755000000000001,49.9815,BR49,14,3,0
2020-10-29 15:00:00,0.183,260.915,0.8255000000000001,49.974,BR49,15,3,0
2020-10-29 16:00:00,0.184,258.508,0.8215,49.9735,BR49,16,3,0
2020-10-29 17:00:00,0.24,255.4285,1.006,49.9705,BR49,17,3,0
2020-10-29 18:00:00,0.273,252.8555,1.1675,50.001,BR49,18,3,0
2020-10-29 19:00:00,0.195,253.8505,0.8734999999999999,50.0085,BR49,19,3,0
2020-10-29 20:00:00,0.212,256.1735,0.9525,50.043,BR49,20,3,0
2020-10-29 21:00:00,0.227,257.571,0.9855,50.0185,BR49,21,3,0
2020-10-29 22:00:00,0.209,258.545,0.93,50.012,BR49,22,3,0
2020-10-29 23:00:00,0.16,259.8185,0.752,49.974,BR49,23,3,0
2020-10-30 00:00:00,0.207,260.886,0.898,49.985,BR49,0,4,0
2020-10-30 01:00:00,0.227,260.9895,0.9985,49.952,BR49,1,4,0
2020-10-30 02:00:00,0.205,262.591,0.907,50.0165,BR49,2,4,0
2020-10-30 03:00:00,0.163,262.782,0.7515,50.0115,BR49,3,4,0
2020-10-30 04:00:00,0.139,262.1885,0.65,49.9865,BR49,4,4,0
2020-10-30 05:00:00,0.283,258.57800000000003,1.3219999999999998,49.972,BR49,5,4,0
2020-10-30 06:00:00,0.159,260.49850000000004,0.7725,49.9765,BR49,6,4,0
2020-10-30 07:00:00,0.159,258.468,0.751,49.971500000000006,BR49,7,4,0
2020-10-30 08:00:00,0.174,253.959,0.8135,49.9755,BR49,8,4,0
2020-10-30 09:00:00,0.4649999999999999,250.739,2.222,50.001,BR49,9,4,0
2020-10-30 10:00:00,0.159,250.3205,0.8045,49.9895,BR49,10,4,0
2020-10-30 11:00:00,0.197,250.8485,0.933,49.9645,BR49,11,4,0
2020-10-30 12:00:00,0.228,253.334,1.0175,49.9095,BR49,12,4,0
2020-10-30 13:00:00,0.186,256.797,0.8965,49.9875,BR49,13,4,0
2020-10-30 14:00:00,0.173,259.379,0.8025,49.934000000000005,BR49,14,4,0
2020-10-30 15:00:00,0.193,259.903,0.835,49.9625,BR49,15,4,0
2020-10-30 16:00:00,0.154,257.744,0.7224999999999999,49.947,BR49,16,4,0
2020-10-30 17:00:00,0.157,256.018,0.724,49.944,BR49,17,4,0
2020-10-30 18:00:00,0.266,252.506,1.1285,50.013,BR49,18,4,0
2020-10-30 19:00:00,0.281,254.6085,1.175,50.0335,BR49,19,4,0
2020-10-30 20:00:00,0.266,256.2585,1.1015,49.997,BR49,20,4,0
2020-10-30 21:00:00,0.615,256.933,2.608,50.0335,BR49,21,4,0
2020-10-30 22:00:00,0.344,258.5435,1.4125,50.039,BR49,22,4,0
2020-10-30 23:00:00,0.236,258.854,1.0375,49.999,BR49,23,4,0
2020-10-31 00:00:00,0.175,260.4845,0.8240000000000001,50.0045,BR49,0,5,1
2020-10-31 01:00:00,0.228,260.4275,0.98,49.99,BR49,1,5,1
2020-10-31 02:00:00,0.249,261.027,1.041,50.0075,BR49,2,5,1
2020-10-31 03:00:00,0.242,261.437,1.0055,50.0015,BR49,3,5,1
2020-10-31 04:00:00,0.271,260.837,1.0924999999999998,49.973,BR49,4,5,1
2020-10-31 05:00:00,0.2299999999999999,258.778,0.989,49.908,BR49,5,5,1
2020-10-31 06:00:00,0.175,260.8525,0.7725,49.978,BR49,6,5,1
2020-10-31 07:00:00,0.191,257.4685,0.825,50.0205,BR49,7,5,1
2020-10-31 08:00:00,0.152,253.2395,0.7455,50.0205,BR49,8,5,1
2020-10-31 09:00:00,0.16,247.995,0.7795,50.0115,BR49,9,5,1
2020-10-31 10:00:00,0.137,249.925,0.7070000000000001,50.0165,BR49,10,5,1
2020-10-31 11:00:00,0.103,50.0235,0.5509999999999999,10.0005,BR49,11,5,1
2020-10-31 12:00:00,0.0849999999999999,75.354,0.5575,15.002,BR49,12,5,1
2020-10-31 13:00:00,0.266,165.5825,1.3075,32.4995,BR49,13,5,1
2020-10-31 14:00:00,0.156,128.0895,0.772,24.994,BR49,14,5,1
2020-10-31 15:00:00,0.48,258.366,2.266,49.9715,BR49,15,5,1
2020-10-31 16:00:00,0.32,258.02,1.515,49.998000000000005,BR49,16,5,1
2020-10-31 17:00:00,0.273,256.13800000000003,1.2155,49.972,BR49,17,5,1
2020-10-31 18:00:00,0.248,254.006,1.1305,50.0245,BR49,18,5,1
2020-10-31 19:00:00,0.213,254.871,0.962,50.023,BR49,19,5,1
2020-10-31 20:00:00,0.221,257.145,1.002,50.027,BR49,20,5,1
2020-10-31 21:00:00,0.257,259.3215,1.0815,50.031,BR49,21,5,1
2020-10-31 22:00:00,0.2299999999999999,259.735,1.0035,50.026,BR49,22,5,1
2020-10-31 23:00:00,0.172,261.1455,0.8089999999999999,50.0135,BR49,23,5,1
2020-11-01 00:00:00,0.217,261.815,0.917,50.018,BR49,0,6,1
2020-11-01 01:00:00,0.263,262.02750000000003,1.0775,49.9975,BR49,1,6,1
2020-11-01 02:00:00,0.262,262.974,1.0915,50.007,BR49,2,6,1
2020-11-01 03:00:00,0.251,263.9195,1.0425,50.0285,BR49,3,6,1
2020-11-01 04:00:00,0.188,263.5105,0.8005000000000001,49.988,BR49,4,6,1
2020-11-01 05:00:00,0.182,262.4075,0.763,50.038,BR49,5,6,1
2020-11-01 06:00:00,0.177,263.305,0.748,50.0285,BR49,6,6,1
2020-11-01 07:00:00,0.195,261.297,0.8234999999999999,50.0175,BR49,7,6,1
2020-11-01 08:00:00,0.501,256.4605,2.128,50.0175,BR49,8,6,1
2020-11-01 09:00:00,0.3429999999999999,254.5935,1.479,49.9975,BR49,9,6,1
2020-11-01 10:00:00,0.14,254.8775,0.7235,49.981,BR49,10,6,1
2020-11-01 11:00:00,0.189,253.337,0.968,49.9935,BR49,11,6,1
2020-11-01 12:00:00,0.217,251.965,1.061,49.954,BR49,12,6,1
2020-11-01 13:00:00,0.194,255.134,0.9535,50.014,BR49,13,6,1
2020-11-01 14:00:00,0.157,259.7875,0.7929999999999999,50.0315,BR49,14,6,1
2020-11-01 15:00:00,0.154,263.156,0.7815,50.033,BR49,15,6,1
2020-11-01 16:00:00,0.109,246.884,0.6525000000000001,47.4745,BR49,16,6,1
2020-11-01 17:00:00,0.398,257.1175,1.9325,50.007,BR49,17,6,1
2020-11-01 18:00:00,0.197,250.5215,0.9105,50.0325,BR49,18,6,1
2020-11-01 19:00:00,0.237,252.694,1.0555,49.993,BR49,19,6,1
2020-11-01 20:00:00,0.324,255.331,1.3935,50.0055,BR49,20,6,1
2020-11-01 21:00:00,0.2279999999999999,256.5865,1.0215,50.011,BR49,21,6,1
2020-11-01 22:00:00,0.187,232.0215,1.004,45.031,BR49,22,6,1
2020-11-01 23:00:00,0.158,259.793,0.7855,50.036,BR49,23,6,1
2020-11-02 00:00:00,0.169,260.021,0.7769999999999999,50.0275,BR49,0,0,0
2020-11-02 01:00:00,0.184,260.6195,0.7835,50.027,BR49,1,0,0
2020-11-02 02:00:00,0.183,261.6695,0.769,50.019,BR49,2,0,0
2020-11-02 03:00:00,0.18,262.4295,0.762,50.0145,BR49,3,0,0
2020-11-02 04:00:00,0.235,261.59000000000003,0.954,50.0015,BR49,4,0,0
2020-11-02 05:00:00,0.216,260.1315,0.9085,50.0125,BR49,5,0,0
2020-11-02 06:00:00,0.136,261.8585,0.627,50.0255,BR49,6,0,0
2020-11-02 07:00:00,0.121,258.214,0.584,50.0185,BR49,7,0,0
2020-11-02 08:00:00,0.167,251.1805,0.774,50.029,BR49,8,0,0
2020-11-02 09:00:00,0.226,248.066,1.068,50.022000000000006,BR49,9,0,0
2020-11-02 10:00:00,0.435,250.727,1.9845,49.9925,BR49,10,0,0
2020-11-02 11:00:00,0.281,250.4545,1.232,50.0345,BR49,11,0,0
2020-11-02 12:00:00,0.193,251.833,0.9095,49.981,BR49,12,0,0
2020-11-02 13:00:00,0.228,259.9325,0.9805,49.9905,BR49,13,0,0
2020-11-02 14:00:00,0.24,259.2785,1.034,49.8995,BR49,14,0,0
2020-11-02 15:00:00,0.064,64.4935,0.286,12.502,BR49,15,0,0
2020-11-02 16:00:00,0.2009999999999999,164.541,1.1324999999999998,32.5095,BR49,16,0,0
2020-11-02 17:00:00,0.642,252.7305,3.153,49.941500000000005,BR49,17,0,0
2020-11-02 18:00:00,0.279,251.914,1.2175,49.996,BR49,18,0,0
2020-11-02 19:00:00,0.248,252.7545,1.0945,50.0155,BR49,19,0,0
2020-11-02 20:00:00,0.245,255.386,1.0745,50.0185,BR49,20,0,0
2020-11-02 21:00:00,0.268,257.52200000000005,1.1625,49.9975,BR49,21,0,0
2020-11-02 22:00:00,0.228,258.6805,1.01,50.0345,BR49,22,0,0
2020-11-02 23:00:00,0.131,260.543,0.6699999999999999,50.026,BR49,23,0,0
2020-11-03 00:00:00,0.218,261.0245,0.9165,50.0105,BR49,0,1,0
2020-11-03 01:00:00,0.218,261.559,0.919,50.015,BR49,1,1,0
2020-11-03 02:00:00,0.213,262.579,0.8960000000000001,50.015,BR49,2,1,0
2020-11-03 03:00:00,0.176,263.4815,0.746,50.0355,BR49,3,1,0
2020-11-03 04:00:00,0.177,263.06,0.7455,50.02,BR49,4,1,0
2020-11-03 05:00:00,0.159,262.1705,0.675,50.03,BR49,5,1,0
2020-11-03 06:00:00,0.151,264.165,0.6735,49.998000000000005,BR49,6,1,0
2020-11-03 07:00:00,0.117,258.283,0.5535,49.987,BR49,7,1,0
2020-11-03 08:00:00,0.152,252.3085,0.7,50.0105,BR49,8,1,0
2020-11-03 09:00:00,0.298,248.6415,1.4355,50.0185,BR49,9,1,0
2020-11-03 10:00:00,0.308,249.204,1.48,50.027,BR49,10,1,0
2020-11-03 11:00:00,0.206,250.0775,0.9415,50.0295,BR49,11,1,0
2020-11-03 12:00:00,0.229,252.89,1.0625,50.0215,BR49,12,1,0
2020-11-03 13:00:00,0.127,257.221,0.651,50.0425,BR49,13,1,0
2020-11-03 14:00:00,0.154,259.25,0.721,50.017,BR49,14,1,0
2020-11-03 15:00:00,0.191,262.9605,0.8724999999999999,50.002,BR49,15,1,0
2020-11-03 16:00:00,0.251,260.0765,1.0699999999999998,49.965,BR49,16,1,0
2020-11-03 17:00:00,0.207,258.364,0.9465,49.9805,BR49,17,1,0
2020-11-03 18:00:00,0.49,253.5725,2.186,50.013,BR49,18,1,0
2020-11-03 19:00:00,0.2769999999999999,252.641,1.2025,50.0355,BR49,19,1,0
2020-11-03 20:00:00,0.2319999999999999,255.516,1.003,50.011,BR49,20,1,0
2020-11-03 21:00:00,0.2309999999999999,257.73400000000004,0.9875,50.0255,BR49,21,1,0
2020-11-03 22:00:00,0.263,257.541,1.1075,50.024,BR49,22,1,0
2020-11-03 23:00:00,0.24,260.267,1.0335,50.0385,BR49,23,1,0
2020-11-04 00:00:00,0.225,261.6945,0.973,50.022000000000006,BR49,0,2,0
2020-11-04 01:00:00,0.195,262.457,0.8225,49.9865,BR49,1,2,0
2020-11-04 02:00:00,0.1709999999999999,262.8475,0.716,50.011,BR49,2,2,0
2020-11-04 03:00:00,0.1659999999999999,262.781,0.6995,49.9745,BR49,3,2,0
2020-11-04 04:00:00,0.155,260.986,0.6585,49.9655,BR49,4,2,0
2020-11-04 05:00:00,0.13,260.779,0.5700000000000001,49.998000000000005,BR49,5,2,0
2020-11-04 06:00:00,0.133,264.3855,0.6025,50.033,BR49,6,2,0
2020-11-04 07:00:00,0.146,262.19,0.6505,50.0095,BR49,7,2,0
2020-11-04 08:00:00,0.133,256.1295,0.589,49.998000000000005,BR49,8,2,0
2020-11-04 09:00:00,0.119,247.7445,0.5625,50.0075,BR49,9,2,0
2020-11-04 10:00:00,0.238,246.6655,1.2075,49.991,BR49,10,2,0
2020-11-04 11:00:00,0.19,247.82,0.8950000000000001,50.0125,BR49,11,2,0
2020-11-04 12:00:00,0.214,251.3155,0.9725,49.9835,BR49,12,2,0
2020-11-04 13:00:00,0.206,257.781,0.932,50.0205,BR49,13,2,0
2020-11-04 14:00:00,0.157,256.679,0.765,49.941,BR49,14,2,0
2020-11-04 15:00:00,0.201,258.9785,0.929,49.921,BR49,15,2,0
2020-11-04 16:00:00,0.2309999999999999,255.49050000000005,1.0255,49.97,BR49,16,2,0
2020-11-04 17:00:00,0.235,255.3095,1.018,49.997,BR49,17,2,0
2020-11-04 18:00:00,0.223,200.848,1.138,40.004000000000005,BR49,18,2,0
2020-11-04 19:00:00,0.245,254.2065,1.11,50.033,BR49,19,2,0
2020-11-04 20:00:00,0.276,257.597,1.1695,50.021,BR49,20,2,0
2020-11-04 21:00:00,0.265,258.6865,1.125,50.031,BR49,21,2,0
2020-11-04 22:00:00,0.22,258.4785,0.954,50.0175,BR49,22,2,0
2020-11-04 23:00:00,0.233,260.721,1.003,50.0335,BR49,23,2,0
2020-11-05 00:00:00,0.19,261.8875,0.889,50.0305,BR49,0,3,0
2020-11-05 01:00:00,0.178,262.8005,0.791,50.023,BR49,1,3,0
2020-11-05 02:00:00,0.148,262.7995,0.7060000000000001,50.0325,BR49,2,3,0
2020-11-05 03:00:00,0.142,264.0835,0.6335,50.0325,BR49,3,3,0
2020-11-05 04:00:00,0.133,263.1605,0.603,50.0325,BR49,4,3,0
2020-11-05 05:00:00,0.129,262.5305,0.5735,50.016000000000005,BR49,5,3,0
2020-11-05 06:00:00,0.119,265.973,0.546,50.027,BR49,6,3,0
2020-11-05 07:00:00,0.156,260.6485,0.688,49.998000000000005,BR49,7,3,0
2020-11-05 08:00:00,0.192,254.19700000000003,0.86,50.005,BR49,8,3,0
2020-11-05 09:00:00,0.63,247.7845,3.0485,49.9745,BR49,9,3,0
2020-11-05 10:00:00,0.24,248.305,1.2225,50.002,BR49,10,3,0
2020-11-05 11:00:00,0.121,225.573,0.671,45.021,BR49,11,3,0
2020-11-05 12:00:00,0.192,250.7415,0.9185,50.0155,BR49,12,3,0
2020-11-05 13:00:00,0.209,255.7675,0.9585,50.002,BR49,13,3,0
2020-11-05 14:00:00,0.203,206.2895,0.8925000000000001,39.9585,BR49,14,3,0
2020-11-05 15:00:00,0.301,245.96,1.548,47.498000000000005,BR49,15,3,0
2020-11-05 16:00:00,0.188,259.669,0.882,49.9755,BR49,16,3,0
2020-11-05 17:00:00,0.191,255.529,0.8564999999999999,49.8415,BR49,17,3,0
2020-11-05 18:00:00,0.248,254.207,1.0735,49.9575,BR49,18,3,0
2020-11-05 19:00:00,0.326,254.026,1.389,50.016000000000005,BR49,19,3,0
2020-11-05 20:00:00,0.289,257.45050000000003,1.22,50.0035,BR49,20,3,0
2020-11-05 21:00:00,0.3419999999999999,258.2755,1.398,50.0445,BR49,21,3,0
2020-11-05 22:00:00,0.276,256.8495,1.19,50.023,BR49,22,3,0
2020-11-05 23:00:00,0.205,258.902,0.8975,50.008,BR49,23,3,0
2020-11-06 00:00:00,0.174,260.289,0.753,50.003,BR49,0,4,0
2020-11-06 01:00:00,0.165,261.7575,0.715,50.0,BR49,1,4,0
2020-11-06 02:00:00,0.159,262.6095,0.687,50.0015,BR49,2,4,0
2020-11-06 03:00:00,0.157,263.796,0.6785,50.005,BR49,3,4,0
2020-11-06 04:00:00,0.119,249.9315,0.572,47.48,BR49,4,4,0
2020-11-06 05:00:00,0.257,261.998,1.1015,49.978,BR49,5,4,0
2020-11-06 06:00:00,0.197,264.31100000000004,0.8584999999999999,49.9875,BR49,6,4,0
2020-11-06 07:00:00,0.514,259.171,2.405,49.986,BR49,7,4,0
2020-11-06 08:00:00,0.147,252.9685,0.697,50.0045,BR49,8,4,0
2020-11-06 09:00:00,0.177,246.6715,0.8230000000000001,50.0395,BR49,9,4,0
2020-11-06 10:00:00,0.159,245.073,0.749,49.997,BR49,10,4,0
2020-11-06 11:00:00,0.2789999999999999,247.433,1.2315,49.979,BR49,11,4,0
2020-11-06 12:00:00,0.308,250.75,1.3215,49.997,BR49,12,4,0
2020-11-06 13:00:00,0.2339999999999999,254.4925,1.107,50.0285,BR49,13,4,0
2020-11-06 14:00:00,0.278,255.5195,1.174,49.983,BR49,14,4,0
2020-11-06 15:00:00,0.547,256.894,2.3775,50.0255,BR49,15,4,0
2020-11-06 16:00:00,0.425,255.4635,1.7655,50.024,BR49,16,4,0
2020-11-06 17:00:00,0.41,255.29450000000003,1.7100000000000002,50.004000000000005,BR49,17,4,0
2020-11-06 18:00:00,0.457,253.5095,1.857,50.0295,BR49,18,4,0
2020-11-06 19:00:00,0.665,253.125,2.794,50.045,BR49,19,4,0
2020-11-06 20:00:00,0.462,255.1685,1.8695,50.0565,BR49,20,4,0
2020-11-06 21:00:00,0.335,257.831,1.369,50.042,BR49,21,4,0
2020-11-06 22:00:00,0.278,257.8695,1.1555,50.0205,BR49,22,4,0
2020-11-06 23:00:00,0.197,259.92600000000004,0.8869999999999999,50.0335,BR49,23,4,0
2020-11-07 00:00:00,0.169,261.173,0.7474999999999999,50.0075,BR49,0,5,1
2020-11-07 01:00:00,0.148,262.2355,0.65,49.983,BR49,1,5,1
2020-11-07 02:00:00,0.212,262.746,0.8695,49.957,BR49,2,5,1
2020-11-07 03:00:00,0.199,262.991,0.8619999999999999,49.982,BR49,3,5,1
2020-11-07 04:00:00,0.158,263.183,0.6945,49.975,BR49,4,5,1
2020-11-07 05:00:00,0.156,261.1025,0.6835,49.959500000000006,BR49,5,5,1
2020-11-07 06:00:00,0.177,264.158,0.7605000000000001,49.9895,BR49,6,5,1
2020-11-07 07:00:00,0.16,261.3485,0.6875,49.9535,BR49,7,5,1
2020-11-07 08:00:00,0.145,255.5405,0.6555,49.9865,BR49,8,5,1
2020-11-07 09:00:00,0.109,250.8755,0.5215,50.016000000000005,BR49,9,5,1
2020-11-07 10:00:00,0.105,223.2145,0.5700000000000001,45.035,BR49,10,5,1
2020-11-07 11:00:00,0.15,222.372,0.852,44.9865,BR49,11,5,1
2020-11-07 12:00:00,0.579,249.2225,2.943,49.983,BR49,12,5,1
2020-11-07 13:00:00,0.298,254.267,1.287,49.987,BR49,13,5,1
2020-11-07 14:00:00,0.21,257.3175,0.9895,50.0105,BR49,14,5,1
2020-11-07 15:00:00,0.153,258.822,0.788,50.0145,BR49,15,5,1
2020-11-07 16:00:00,0.179,257.2205,0.8574999999999999,50.0075,BR49,16,5,1
2020-11-07 17:00:00,0.161,258.562,0.775,50.0005,BR49,17,5,1
2020-11-07 18:00:00,0.183,254.0735,0.8335000000000001,50.0315,BR49,18,5,1
2020-11-07 19:00:00,0.25,253.45,1.1135,50.055,BR49,19,5,1
2020-11-07 20:00:00,0.253,256.5975,1.1025,50.0105,BR49,20,5,1
2020-11-07 21:00:00,0.259,258.0785,1.122,50.0325,BR49,21,5,1
2020-11-07 22:00:00,0.254,258.5365,1.059,49.996,BR49,22,5,1
2020-11-07 23:00:00,0.187,260.8995,0.8195,50.0085,BR49,23,5,1
2020-11-08 00:00:00,0.154,262.1745,0.6715,50.0335,BR49,0,6,1
2020-11-08 01:00:00,0.1669999999999999,262.82550000000003,0.7065,49.995,BR49,1,6,1
2020-11-08 02:00:00,0.173,263.4425,0.725,50.0065,BR49,2,6,1
2020-11-08 03:00:00,0.173,263.7395,0.73,49.972,BR49,3,6,1
2020-11-08 04:00:00,0.1689999999999999,264.103,0.722,49.9825,BR49,4,6,1
2020-11-08 05:00:00,0.229,262.3775,0.9235,49.9405,BR49,5,6,1
2020-11-08 06:00:00,0.196,264.73850000000004,0.8310000000000001,50.0175,BR49,6,6,1
2020-11-08 07:00:00,0.181,263.477,0.7565,50.013,BR49,7,6,1
2020-11-08 08:00:00,0.6599999999999999,260.059,2.951,50.018,BR49,8,6,1
2020-11-08 09:00:00,0.208,251.464,0.932,49.9705,BR49,9,6,1
2020-11-08 10:00:00,0.212,249.746,0.9595,49.988,BR49,10,6,1
2020-11-08 11:00:00,0.806,250.0985,3.283,49.983,BR49,11,6,1
2020-11-08 12:00:00,0.758,252.1465,3.111,49.989,BR49,12,6,1
2020-11-08 13:00:00,0.257,258.506,1.1845,50.008,BR49,13,6,1
2020-11-08 14:00:00,0.221,260.048,0.998,49.9945,BR49,14,6,1
2020-11-08 15:00:00,0.213,261.039,0.9695,50.022000000000006,BR49,15,6,1
2020-11-08 16:00:00,0.507,259.7815,2.389,49.9955,BR49,16,6,1
2020-11-08 17:00:00,0.422,255.6565,1.912,50.035,BR49,17,6,1
2020-11-08 18:00:00,0.24,251.1315,1.0305,50.041,BR49,18,6,1
2020-11-08 19:00:00,0.329,253.246,1.396,50.0295,BR49,19,6,1
2020-11-08 20:00:00,0.366,256.2325,1.539,50.0045,BR49,20,6,1
2020-11-08 21:00:00,0.266,257.608,1.115,50.0315,BR49,21,6,1
2020-11-08 22:00:00,0.26,258.071,1.0710000000000002,50.004,BR49,22,6,1
2020-11-08 23:00:00,0.173,260.6445,0.7885,50.0095,BR49,23,6,1
2020-11-09 00:00:00,0.159,260.68600000000004,0.7535000000000001,49.9995,BR49,0,0,0
2020-11-09 01:00:00,0.184,261.214,0.8355,50.012,BR49,1,0,0
2020-11-09 02:00:00,0.172,261.966,0.79,50.0025,BR49,2,0,0
2020-11-09 03:00:00,0.219,262.3285,0.9425,50.0005,BR49,3,0,0
2020-11-09 04:00:00,0.191,261.985,0.8724999999999999,50.018,BR49,4,0,0
2020-11-09 05:00:00,0.156,259.5855,0.7235,49.992,BR49,5,0,0
2020-11-09 06:00:00,0.1679999999999999,261.618,0.7699999999999999,49.976,BR49,6,0,0
2020-11-09 07:00:00,0.172,259.8675,0.7825,49.9875,BR49,7,0,0
2020-11-09 08:00:00,0.16,254.01550000000003,0.734,50.0225,BR49,8,0,0
2020-11-09 09:00:00,0.251,246.0585,1.1095000000000002,49.9885,BR49,9,0,0
2020-11-09 10:00:00,0.423,244.146,2.028,49.971,BR49,10,0,0
2020-11-09 11:00:00,0.626,246.2815,2.898,50.0125,BR49,11,0,0
2020-11-09 12:00:00,0.36,249.1565,1.5779999999999998,49.9675,BR49,12,0,0
2020-11-09 13:00:00,0.291,174.35250000000002,1.476,35.023,BR49,13,0,0
2020-11-09 14:00:00,0.334,254.0895,1.5799999999999998,50.031,BR49,14,0,0
2020-11-09 15:00:00,0.286,258.9235,1.207,50.009,BR49,15,0,0
2020-11-09 16:00:00,0.288,256.552,1.263,49.9795,BR49,16,0,0
2020-11-09 17:00:00,0.289,254.6825,1.2654999999999998,50.026,BR49,17,0,0
2020-11-09 18:00:00,0.2779999999999999,251.2495,1.1955,50.04,BR49,18,0,0
2020-11-09 19:00:00,0.267,251.568,1.156,50.0155,BR49,19,0,0
2020-11-09 20:00:00,0.251,253.677,1.067,50.021,BR49,20,0,0
2020-11-09 21:00:00,0.331,256.5235,1.3445,50.034000000000006,BR49,21,0,0
2020-11-09 22:00:00,0.288,257.3095,1.1885,50.046,BR49,22,0,0
2020-11-09 23:00:00,0.186,259.4315,0.795,50.0195,BR49,23,0,0
2020-11-10 00:00:00,0.178,260.6245,0.7595,49.9875,BR49,0,1,0
2020-11-10 01:00:00,0.151,261.6035,0.6655,49.995,BR49,1,1,0
2020-11-10 02:00:00,0.188,262.71,0.845,50.015,BR49,2,1,0
2020-11-10 03:00:00,0.172,263.166,0.784,50.002,BR49,3,1,0
2020-11-10 04:00:00,0.174,263.2665,0.7895,50.0045,BR49,4,1,0
2020-11-10 05:00:00,0.193,261.4825,0.8525,50.026,BR49,5,1,0
2020-11-10 06:00:00,0.177,261.572,0.7975000000000001,50.0,BR49,6,1,0
2020-11-10 07:00:00,0.192,259.7855,0.8505,50.0355,BR49,7,1,0
2020-11-10 08:00:00,0.274,256.0035,1.3005,50.0335,BR49,8,1,0
2020-11-10 09:00:00,0.396,246.7925,2.04,50.0405,BR49,9,1,0
2020-11-10 10:00:00,0.227,246.9335,1.0619999999999998,50.0225,BR49,10,1,0
2020-11-10 11:00:00,0.194,250.526,0.906,50.0315,BR49,11,1,0
2020-11-10 12:00:00,0.1979999999999999,252.2575,0.902,49.982,BR49,12,1,0
2020-11-10 13:00:00,0.21,257.143,0.9405,50.017,BR49,13,1,0
2020-11-10 14:00:00,0.246,257.889,1.0779999999999998,50.0155,BR49,14,1,0
2020-11-10 15:00:00,0.249,261.708,1.056,50.0165,BR49,15,1,0
2020-11-10 16:00:00,0.6839999999999999,245.026,3.5185000000000004,47.4875,BR49,16,1,0
2020-11-10 17:00:00,0.566,215.8615,2.6255,42.469,BR49,17,1,0
2020-11-10 18:00:00,0.32,225.2445,1.4914999999999998,45.007,BR49,18,1,0
2020-11-10 19:00:00,0.318,253.957,1.3515,50.0225,BR49,19,1,0
2020-11-10 20:00:00,0.277,255.73,1.1945,50.0265,BR49,20,1,0
2020-11-10 21:00:00,0.277,257.602,1.194,50.0435,BR49,21,1,0
2020-11-10 22:00:00,0.429,257.829,1.9305,50.0,BR49,22,1,0
2020-11-10 23:00:00,0.176,260.26,0.795,50.02,BR49,23,1,0
2020-11-11 00:00:00,0.235,261.5535,1.013,50.0275,BR49,0,2,0
2020-11-11 01:00:00,0.263,261.9005,1.1615,49.989,BR49,1,2,0
2020-11-11 02:00:00,0.228,262.9625,1.0479999999999998,50.009,BR49,2,2,0
2020-11-11 03:00:00,0.1689999999999999,263.5235,0.791,50.001,BR49,3,2,0
2020-11-11 04:00:00,0.1699999999999999,263.65250000000003,0.771,50.0285,BR49,4,2,0
2020-11-11 05:00:00,0.194,261.74,0.8605,49.991,BR49,5,2,0
2020-11-11 06:00:00,0.3389999999999999,261.6555,1.543,49.9945,BR49,6,2,0
2020-11-11 07:00:00,0.219,259.954,0.986,50.0075,BR49,7,2,0
2020-11-11 08:00:00,0.222,256.091,0.964,49.9965,BR49,8,2,0
2020-11-11 09:00:00,0.308,249.0,1.3965,49.9935,BR49,9,2,0
2020-11-11 10:00:00,0.219,249.338,1.041,50.0055,BR49,10,2,0
2020-11-11 11:00:00,0.153,148.9985,0.7230000000000001,30.0105,BR49,11,2,0
2020-11-11 12:00:00,0.0,0.0,0.0,0.0,BR49,12,2,0
2020-11-11 13:00:00,0.525,252.731,2.409,50.0325,BR49,13,2,0
2020-11-11 14:00:00,0.615,215.219,2.965,42.445,BR49,14,2,0
2020-11-11 15:00:00,0.117,90.1685,0.6575,17.4875,BR49,15,2,0
2020-11-11 16:00:00,0.39,232.951,1.864,44.9605,BR49,16,2,0
2020-11-11 17:00:00,0.323,257.4315,1.4205,50.022,BR49,17,2,0
2020-11-11 18:00:00,0.345,251.114,1.5,50.038,BR49,18,2,0
2020-11-11 19:00:00,0.413,252.421,1.755,50.012,BR49,19,2,0
2020-11-11 20:00:00,0.239,254.1455,1.1385,50.0015,BR49,20,2,0
2020-11-11 21:00:00,0.301,257.695,1.2719999999999998,50.012,BR49,21,2,0
2020-11-11 22:00:00,0.242,258.847,1.0545,50.0075,BR49,22,2,0
2020-11-11 23:00:00,0.282,259.568,1.197,49.9975,BR49,23,2,0
2020-11-12 00:00:00,0.207,261.1225,0.9165,49.992,BR49,0,3,0
2020-11-12 01:00:00,0.144,262.094,0.688,49.9515,BR49,1,3,0
2020-11-12 02:00:00,0.159,262.7935,0.7110000000000001,49.978,BR49,2,3,0
2020-11-12 03:00:00,0.152,263.355,0.693,49.9655,BR49,3,3,0
2020-11-12 04:00:00,0.486,262.12,2.1895,49.9805,BR49,4,3,0
2020-11-12 05:00:00,0.247,259.6625,1.031,50.0305,BR49,5,3,0
2020-11-12 06:00:00,0.239,259.194,1.027,50.0285,BR49,6,3,0
2020-11-12 07:00:00,0.369,254.2815,1.6635000000000002,49.9875,BR49,7,3,0
2020-11-12 08:00:00,0.243,252.168,1.0475,50.0015,BR49,8,3,0
2020-11-12 09:00:00,0.253,248.811,1.111,49.965,BR49,9,3,0
2020-11-12 10:00:00,0.212,246.608,1.0065,49.9285,BR49,10,3,0
2020-11-12 11:00:00,0.221,249.229,0.9705,49.9955,BR49,11,3,0
2020-11-12 12:00:00,0.302,227.18,1.458,44.986,BR49,12,3,0
2020-11-12 13:00:00,0.271,255.8195,1.376,50.0175,BR49,13,3,0
2020-11-12 14:00:00,0.318,256.1875,1.4015,50.0185,BR49,14,3,0
2020-11-12 15:00:00,0.363,257.0205,1.483,50.0105,BR49,15,3,0
2020-11-12 16:00:00,0.261,256.162,1.0815,49.942,BR49,16,3,0
2020-11-12 17:00:00,0.719,254.55,3.2235,50.032,BR49,17,3,0
2020-11-12 18:00:00,0.426,252.3695,1.7535,50.05,BR49,18,3,0
2020-11-12 19:00:00,0.458,241.528,1.985,47.5155,BR49,19,3,0
2020-11-12 20:00:00,0.471,256.1695,1.947,49.9835,BR49,20,3,0
2020-11-12 21:00:00,0.474,257.9015,1.9355,50.006,BR49,21,3,0
2020-11-12 22:00:00,0.447,257.56800000000004,1.822,49.986,BR49,22,3,0
2020-11-12 23:00:00,0.405,259.6415,1.626,50.0065,BR49,23,3,0
2020-11-13 00:00:00,0.277,261.3,1.1195,50.0385,BR49,0,4,0
2020-11-13 01:00:00,0.268,262.467,1.082,50.002,BR49,1,4,0
2020-11-13 02:00:00,0.249,263.2205,1.006,50.0035,BR49,2,4,0
2020-11-13 03:00:00,0.231,263.668,0.924,49.9945,BR49,3,4,0
2020-11-13 04:00:00,0.236,263.183,0.948,50.04,BR49,4,4,0
2020-11-13 05:00:00,0.217,260.886,0.8785000000000001,50.0235,BR49,5,4,0
2020-11-13 06:00:00,0.229,258.393,0.932,50.025,BR49,6,4,0
2020-11-13 07:00:00,0.245,255.621,1.041,50.017,BR49,7,4,0
2020-11-13 08:00:00,0.297,252.7435,1.283,49.989,BR49,8,4,0
2020-11-13 09:00:00,0.304,237.022,1.377,47.451,BR49,9,4,0
2020-11-13 10:00:00,0.4039999999999999,248.265,1.8205,49.9535,BR49,10,4,0
2020-11-13 11:00:00,0.19,250.17,0.8875,50.006,BR49,11,4,0
2020-11-13 12:00:00,0.1709999999999999,252.458,0.799,50.0185,BR49,12,4,0
2020-11-13 13:00:00,0.211,255.9185,0.9555,50.049,BR49,13,4,0
2020-11-13 14:00:00,0.153,258.46,0.769,50.066500000000005,BR49,14,4,0
2020-11-13 15:00:00,0.136,257.70300000000003,0.726,50.0205,BR49,15,4,0
2020-11-13 16:00:00,0.184,258.2935,0.9405,50.0045,BR49,16,4,0
2020-11-13 17:00:00,0.266,244.5285,1.2965,47.5325,BR49,17,4,0
2020-11-13 18:00:00,0.269,216.394,1.3865,42.526,BR49,18,4,0
2020-11-13 19:00:00,0.282,256.3005,1.2395,50.024,BR49,19,4,0
2020-11-13 20:00:00,0.256,257.20050000000003,1.114,49.989,BR49,20,4,0
2020-11-13 21:00:00,0.337,258.413,1.3595,50.026,BR49,21,4,0
2020-11-13 22:00:00,0.31,259.06350000000003,1.2535,50.0005,BR49,22,4,0
2020-11-13 23:00:00,0.492,260.7945,2.13,50.0345,BR49,23,4,0
2020-11-14 00:00:00,0.194,262.52750000000003,0.797,49.978,BR49,0,5,1
2020-11-14 01:00:00,0.199,263.20500000000004,0.8244999999999999,49.9505,BR49,1,5,1
2020-11-14 02:00:00,0.216,264.493,0.876,50.003,BR49,2,5,1
2020-11-14 03:00:00,0.254,264.528,1.029,49.965500000000006,BR49,3,5,1
2020-11-14 04:00:00,0.194,263.069,0.806,49.8935,BR49,4,5,1
2020-11-14 05:00:00,0.189,261.3885,0.772,49.964,BR49,5,5,1
2020-11-14 06:00:00,0.163,259.812,0.696,50.0075,BR49,6,5,1
2020-11-14 07:00:00,0.207,258.2395,0.8634999999999999,50.06,BR49,7,5,1
2020-11-14 08:00:00,0.188,257.0895,0.8029999999999999,50.059000000000005,BR49,8,5,1
2020-11-14 09:00:00,0.181,255.1345,0.7785,50.0405,BR49,9,5,1
2020-11-14 10:00:00,0.188,253.497,0.857,49.9795,BR49,10,5,1
2020-11-14 11:00:00,0.147,256.607,0.741,49.982,BR49,11,5,1
2020-11-14 12:00:00,0.204,257.633,0.9315,49.9735,BR49,12,5,1
2020-11-14 13:00:00,0.179,258.033,0.82,50.0065,BR49,13,5,1
2020-11-14 14:00:00,0.545,258.6935,2.4095,50.0415,BR49,14,5,1
2020-11-14 15:00:00,0.857,257.07800000000003,3.6295,49.978,BR49,15,5,1
2020-11-14 16:00:00,0.264,259.5315,1.1175000000000002,49.994,BR49,16,5,1
2020-11-14 17:00:00,0.288,258.221,1.22,50.006,BR49,17,5,1
2020-11-14 18:00:00,0.377,255.93,1.566,50.078,BR49,18,5,1
2020-11-14 19:00:00,0.536,255.916,2.1645,50.0415,BR49,19,5,1
2020-11-14 20:00:00,0.497,256.9445,1.9855,49.9665,BR49,20,5,1
2020-11-14 21:00:00,0.46,257.665,1.8385,49.924,BR49,21,5,1
2020-11-14 22:00:00,0.47,258.014,1.872,49.9745,BR49,22,5,1
2020-11-14 23:00:00,0.355,260.755,1.4425,50.0005,BR49,23,5,1
2020-11-15 00:00:00,0.326,263.521,1.314,50.0,BR49,0,6,1
2020-11-15 01:00:00,0.319,264.3015,1.3085,49.961,BR49,1,6,1
2020-11-15 02:00:00,0.307,264.5,1.2605,49.8895,BR49,2,6,1
2020-11-15 03:00:00,0.303,265.181,1.238,49.972,BR49,3,6,1
2020-11-15 04:00:00,0.301,264.592,1.2225,49.954,BR49,4,6,1
2020-11-15 05:00:00,0.261,263.814,1.061,49.971,BR49,5,6,1
2020-11-15 06:00:00,0.273,264.6845,1.1,49.9695,BR49,6,6,1
2020-11-15 07:00:00,0.264,262.5645,1.0675,49.935500000000005,BR49,7,6,1
2020-11-15 08:00:00,0.2319999999999999,262.255,0.9495,49.919,BR49,8,6,1
2020-11-15 09:00:00,0.186,257.0085,0.8335000000000001,49.963,BR49,9,6,1
2020-11-15 10:00:00,0.166,255.659,0.7765000000000001,49.9875,BR49,10,6,1
2020-11-15 11:00:00,0.593,256.4465,2.6445,49.956,BR49,11,6,1
2020-11-15 12:00:00,0.241,258.75100000000003,1.08,49.9795,BR49,12,6,1
2020-11-15 13:00:00,0.284,260.443,1.2085,50.0125,BR49,13,6,1
2020-11-15 14:00:00,0.252,263.2875,1.0945,49.992,BR49,14,6,1
2020-11-15 15:00:00,0.129,265.0935,0.679,49.9905,BR49,15,6,1
2020-11-15 16:00:00,0.181,266.607,0.8465,49.987,BR49,16,6,1
2020-11-15 17:00:00,0.324,262.8845,1.3615,50.009,BR49,17,6,1
2020-11-15 18:00:00,0.608,256.6685,2.7365000000000004,50.0,BR49,18,6,1
2020-11-15 19:00:00,0.723,256.017,3.3575000000000004,49.9835,BR49,19,6,1
2020-11-15 20:00:00,0.165,143.315,0.8535,27.487,BR49,20,6,1
2020-11-15 21:00:00,0.423,251.247,1.988,47.52,BR49,21,6,1
2020-11-15 22:00:00,0.181,107.2585,0.875,20.0185,BR49,22,6,1
2020-11-15 23:00:00,0.043,40.083,0.2734999999999999,7.5125,BR49,23,6,1
2020-11-16 00:00:00,0.0,,,,BR49,0,0,0
2020-11-16 01:00:00,0.0,,,,BR49,1,0,0
2020-11-16 02:00:00,0.0,,,,BR49,2,0,0
2020-11-16 03:00:00,0.0,,,,BR49,3,0,0
2020-11-16 04:00:00,0.0,,,,BR49,4,0,0
2020-11-16 05:00:00,0.0,,,,BR49,5,0,0
2020-11-16 06:00:00,0.0,,,,BR49,6,0,0
2020-11-16 07:00:00,0.0,,,,BR49,7,0,0
2020-11-16 08:00:00,0.0,,,,BR49,8,0,0
2020-11-16 09:00:00,0.0,,,,BR49,9,0,0
2020-11-16 10:00:00,0.0,,,,BR49,10,0,0
2020-11-16 11:00:00,0.0,,,,BR49,11,0,0
2020-11-16 12:00:00,0.0,,,,BR49,12,0,0
2020-11-16 13:00:00,0.0,,,,BR49,13,0,0
2020-11-16 14:00:00,0.0,,,,BR49,14,0,0
2020-11-16 15:00:00,0.0,,,,BR49,15,0,0
2020-11-16 16:00:00,0.0,,,,BR49,16,0,0
2020-11-16 17:00:00,0.0,,,,BR49,17,0,0
2020-11-16 18:00:00,0.0,,,,BR49,18,0,0
2020-11-16 19:00:00,0.0,,,,BR49,19,0,0
2020-11-16 20:00:00,0.0,,,,BR49,20,0,0
2020-11-16 21:00:00,0.0,,,,BR49,21,0,0
2020-11-16 22:00:00,0.0,,,,BR49,22,0,0
2020-11-16 23:00:00,0.0,,,,BR49,23,0,0
2020-11-17 00:00:00,0.244,263.23400000000004,1.0699999999999998,50.006,BR49,0,1,0
2020-11-17 01:00:00,0.251,263.8815,1.0775,49.98,BR49,1,1,0
2020-11-17 02:00:00,0.265,264.144,1.1145,49.967,BR49,2,1,0
2020-11-17 03:00:00,0.292,263.73850000000004,1.1949999999999998,49.9785,BR49,3,1,0
2020-11-17 04:00:00,0.315,262.6445,1.284,49.9505,BR49,4,1,0
2020-11-17 05:00:00,0.249,262.9375,1.0525,50.0345,BR49,5,1,0
2020-11-17 06:00:00,0.218,264.4285,0.927,50.028,BR49,6,1,0
2020-11-17 07:00:00,0.195,261.658,0.82,50.017,BR49,7,1,0
2020-11-17 08:00:00,0.309,256.3325,1.461,49.989,BR49,8,1,0
2020-11-17 09:00:00,0.089,151.05599999999998,0.4474999999999999,29.9825,BR49,9,1,0
2020-11-17 10:00:00,0.247,237.568,1.4315,47.5325,BR49,10,1,0
2020-11-17 11:00:00,0.367,200.45,1.6735,40.0275,BR49,11,1,0
2020-11-17 12:00:00,0.154,188.752,0.8744999999999999,37.4945,BR49,12,1,0
2020-11-17 13:00:00,0.173,258.03200000000004,0.843,50.0345,BR49,13,1,0
2020-11-17 14:00:00,0.252,260.2345,1.039,50.0,BR49,14,1,0
2020-11-17 15:00:00,0.251,262.1005,1.0515,49.996500000000005,BR49,15,1,0
2020-11-17 16:00:00,0.2009999999999999,260.929,0.8665,49.9875,BR49,16,1,0
2020-11-17 17:00:00,0.26,255.1095,1.075,50.0305,BR49,17,1,0
2020-11-17 18:00:00,0.322,250.6495,1.3535,50.03,BR49,18,1,0
2020-11-17 19:00:00,0.302,253.195,1.2485,50.0125,BR49,19,1,0
2020-11-17 20:00:00,0.35,255.84,1.4175,50.0055,BR49,20,1,0
2020-11-17 21:00:00,0.37,256.871,1.4945,49.998000000000005,BR49,21,1,0
2020-11-17 22:00:00,0.354,257.554,1.416,50.0085,BR49,22,1,0
2020-11-17 23:00:00,0.188,258.989,0.8465,49.955,BR49,23,1,0
2020-11-18 00:00:00,0.166,260.5155,0.7695000000000001,49.9985,BR49,0,2,0
2020-11-18 01:00:00,0.177,261.3385,0.75,49.982,BR49,1,2,0
2020-11-18 02:00:00,0.215,262.796,0.8985,50.021,BR49,2,2,0
2020-11-18 03:00:00,0.183,263.217,0.8085000000000001,50.0505,BR49,3,2,0
2020-11-18 04:00:00,0.142,262.637,0.6505,50.0275,BR49,4,2,0
2020-11-18 05:00:00,0.137,261.15500000000003,0.617,49.9725,BR49,5,2,0
2020-11-18 06:00:00,0.129,262.355,0.5955,49.9465,BR49,6,2,0
2020-11-18 07:00:00,0.135,260.3285,0.6115,49.985,BR49,7,2,0
2020-11-18 08:00:00,0.13,253.742,0.6,50.0105,BR49,8,2,0
2020-11-18 09:00:00,0.132,250.547,0.617,50.0155,BR49,9,2,0
2020-11-18 10:00:00,0.125,249.49650000000003,0.6455,50.0,BR49,10,2,0
2020-11-18 11:00:00,0.189,250.138,0.8535,50.0075,BR49,11,2,0
2020-11-18 12:00:00,0.172,253.603,0.7805,49.9825,BR49,12,2,0
2020-11-18 13:00:00,0.482,257.369,2.108,50.0325,BR49,13,2,0
2020-11-18 14:00:00,0.349,246.0175,1.6195,47.513,BR49,14,2,0
2020-11-18 15:00:00,0.256,260.9765,1.076,49.953,BR49,15,2,0
2020-11-18 16:00:00,0.259,258.342,1.099,49.933,BR49,16,2,0
2020-11-18 17:00:00,0.255,255.729,1.074,50.003,BR49,17,2,0
2020-11-18 18:00:00,0.263,251.8455,1.1215,50.0085,BR49,18,2,0
2020-11-18 19:00:00,0.273,254.118,1.1385,50.023,BR49,19,2,0
2020-11-18 20:00:00,0.279,257.4045,1.1665,49.996,BR49,20,2,0
2020-11-18 21:00:00,0.293,257.865,1.2105,50.0125,BR49,21,2,0
2020-11-18 22:00:00,0.244,257.6305,1.0475,50.0185,BR49,22,2,0
2020-11-18 23:00:00,0.242,260.0475,1.021,50.031,BR49,23,2,0
2020-11-19 00:00:00,0.198,261.7695,0.8865000000000001,50.0135,BR49,0,3,0
2020-11-19 01:00:00,0.191,262.5555,0.8335000000000001,50.0145,BR49,1,3,0
2020-11-19 02:00:00,0.139,263.18,0.6100000000000001,49.9995,BR49,2,3,0
2020-11-19 03:00:00,0.152,263.934,0.663,50.009,BR49,3,3,0
2020-11-19 04:00:00,0.147,263.8265,0.646,49.988,BR49,4,3,0
2020-11-19 05:00:00,0.122,262.3535,0.5455,50.001,BR49,5,3,0
2020-11-19 06:00:00,0.127,264.28200000000004,0.6045,49.9915,BR49,6,3,0
2020-11-19 07:00:00,0.102,261.7445,0.5295,49.996,BR49,7,3,0
2020-11-19 08:00:00,0.128,216.527,0.6945,42.5065,BR49,8,3,0
2020-11-19 09:00:00,0.255,247.0085,1.2440000000000002,49.9465,BR49,9,3,0
2020-11-19 10:00:00,0.2799999999999999,247.74050000000005,1.3245,50.0295,BR49,10,3,0
2020-11-19 11:00:00,0.183,251.7005,0.853,50.047,BR49,11,3,0
2020-11-19 12:00:00,0.2019999999999999,253.871,0.9045,50.018,BR49,12,3,0
2020-11-19 13:00:00,0.229,257.5145,1.0074999999999998,50.033,BR49,13,3,0
2020-11-19 14:00:00,0.102,129.676,0.4615,24.98,BR49,14,3,0
2020-11-19 15:00:00,0.2009999999999999,208.375,1.0619999999999998,39.98,BR49,15,3,0
2020-11-19 16:00:00,0.346,219.923,1.6555,42.491,BR49,16,3,0
2020-11-19 17:00:00,0.411,255.731,1.7425000000000002,49.963,BR49,17,3,0
2020-11-19 18:00:00,0.53,252.579,2.2605,49.98,BR49,18,3,0
2020-11-19 19:00:00,0.336,253.323,1.423,50.0105,BR49,19,3,0
2020-11-19 20:00:00,0.274,254.7245,1.1535,49.9715,BR49,20,3,0
2020-11-19 21:00:00,0.281,257.131,1.16,50.0105,BR49,21,3,0
2020-11-19 22:00:00,0.285,258.1565,1.1614999999999998,49.99,BR49,22,3,0
2020-11-19 23:00:00,0.213,261.0225,0.9015,49.9905,BR49,23,3,0
2020-11-20 00:00:00,0.429,261.242,1.711,49.984,BR49,0,4,0
2020-11-20 01:00:00,0.251,261.898,1.0539999999999998,49.9205,BR49,1,4,0
2020-11-20 02:00:00,0.1709999999999999,262.591,0.7725000000000001,49.9735,BR49,2,4,0
2020-11-20 03:00:00,0.137,262.4565,0.633,49.959,BR49,3,4,0
2020-11-20 04:00:00,0.164,261.3955,0.7145,49.985,BR49,4,4,0
2020-11-20 05:00:00,0.199,260.037,0.8400000000000001,49.995,BR49,5,4,0
2020-11-20 06:00:00,0.2019999999999999,260.95,0.8415000000000001,50.005,BR49,6,4,0
2020-11-20 07:00:00,0.182,258.0495,0.7625,50.0245,BR49,7,4,0
2020-11-20 08:00:00,0.152,250.941,0.6685,50.015,BR49,8,4,0
2020-11-20 09:00:00,0.179,246.924,0.7795,50.002,BR49,9,4,0
2020-11-20 10:00:00,0.195,246.826,0.9085,50.0325,BR49,10,4,0
2020-11-20 11:00:00,0.185,249.9635,0.8195,49.9865,BR49,11,4,0
2020-11-20 12:00:00,0.29,200.176,1.4075,39.9645,BR49,12,4,0
2020-11-20 13:00:00,0.511,255.5805,2.269,50.04,BR49,13,4,0
2020-11-20 14:00:00,0.254,258.9925,1.121,49.993,BR49,14,4,0
2020-11-20 15:00:00,0.349,260.981,1.423,50.015,BR49,15,4,0
2020-11-20 16:00:00,0.25,259.8355,1.045,49.9875,BR49,16,4,0
2020-11-20 17:00:00,0.331,256.8715,1.338,50.0015,BR49,17,4,0
2020-11-20 18:00:00,0.286,252.564,1.215,50.014,BR49,18,4,0
2020-11-20 19:00:00,0.243,253.6185,1.0455,50.0375,BR49,19,4,0
2020-11-20 20:00:00,0.273,255.04,1.164,49.995,BR49,20,4,0
2020-11-20 21:00:00,0.211,257.3715,0.954,50.0215,BR49,21,4,0
2020-11-20 22:00:00,0.216,259.0085,0.935,50.0165,BR49,22,4,0
2020-11-20 23:00:00,0.214,261.27200000000005,0.9465,50.016000000000005,BR49,23,4,0
2020-11-21 00:00:00,0.127,262.41700000000003,0.6405000000000001,49.994,BR49,0,5,1
2020-11-21 01:00:00,0.133,263.2945,0.6345,49.9915,BR49,1,5,1
2020-11-21 02:00:00,0.124,263.475,0.5505000000000001,49.9605,BR49,2,5,1
2020-11-21 03:00:00,0.138,262.6445,0.6005,49.9185,BR49,3,5,1
2020-11-21 04:00:00,0.131,262.095,0.5765,49.918,BR49,4,5,1
2020-11-21 05:00:00,0.127,260.814,0.562,49.9985,BR49,5,5,1
2020-11-21 06:00:00,0.146,262.117,0.6415,50.0315,BR49,6,5,1
2020-11-21 07:00:00,0.328,257.903,1.569,50.045,BR49,7,5,1
2020-11-21 08:00:00,0.122,253.139,0.5865,50.0275,BR49,8,5,1
2020-11-21 09:00:00,0.134,247.4045,0.6925,49.9775,BR49,9,5,1
2020-11-21 10:00:00,0.388,250.282,1.8080000000000005,50.029,BR49,10,5,1
2020-11-21 11:00:00,0.146,254.7915,0.763,50.0395,BR49,11,5,1
2020-11-21 12:00:00,0.149,257.646,0.808,49.988,BR49,12,5,1
2020-11-21 13:00:00,0.136,259.9005,0.7025,50.0235,BR49,13,5,1
2020-11-21 14:00:00,0.188,262.2785,0.8925000000000001,49.9555,BR49,14,5,1
2020-11-21 15:00:00,0.113,263.981,0.6625,49.9995,BR49,15,5,1
2020-11-21 16:00:00,0.115,260.641,0.639,49.959,BR49,16,5,1
2020-11-21 17:00:00,0.207,257.5425,0.9405,49.9855,BR49,17,5,1
2020-11-21 18:00:00,0.181,252.1585,0.8305,50.003,BR49,18,5,1
2020-11-21 19:00:00,0.449,254.6,2.0025,50.0225,BR49,19,5,1
2020-11-21 20:00:00,0.324,256.6185,1.3515,50.0185,BR49,20,5,1
2020-11-21 21:00:00,0.306,258.606,1.282,50.011,BR49,21,5,1
2020-11-21 22:00:00,0.275,259.879,1.1335000000000002,50.0465,BR49,22,5,1
2020-11-21 23:00:00,0.217,261.90500000000003,0.9565,50.0025,BR49,23,5,1
2020-11-22 00:00:00,0.151,263.1055,0.7525000000000001,49.9895,BR49,0,6,1
2020-11-22 01:00:00,0.1709999999999999,263.59450000000004,0.7985,49.9895,BR49,1,6,1
2020-11-22 02:00:00,0.145,264.141,0.704,50.0155,BR49,2,6,1
2020-11-22 03:00:00,0.153,264.6175,0.7035,50.0,BR49,3,6,1
2020-11-22 04:00:00,0.172,263.805,0.7645000000000001,49.9555,BR49,4,6,1
2020-11-22 05:00:00,0.2009999999999999,263.2945,0.844,49.9895,BR49,5,6,1
2020-11-22 06:00:00,0.179,262.6295,0.8,49.964,BR49,6,6,1
2020-11-22 07:00:00,0.268,259.2035,1.335,49.905,BR49,7,6,1
2020-11-22 08:00:00,0.14,255.531,0.6385,50.022000000000006,BR49,8,6,1
2020-11-22 09:00:00,0.197,249.3645,0.8710000000000001,49.9875,BR49,9,6,1
2020-11-22 10:00:00,0.162,249.159,0.7175,50.0115,BR49,10,6,1
2020-11-22 11:00:00,0.13,254.768,0.646,49.983,BR49,11,6,1
2020-11-22 12:00:00,0.185,254.157,0.8455,49.9685,BR49,12,6,1
2020-11-22 13:00:00,0.568,256.539,2.5045,50.0035,BR49,13,6,1
2020-11-22 14:00:00,0.25,261.3295,1.1065,50.0035,BR49,14,6,1
2020-11-22 15:00:00,0.611,262.5285,2.8440000000000003,49.9795,BR49,15,6,1
2020-11-22 16:00:00,0.898,259.3985,4.1675,49.9445,BR49,16,6,1
2020-11-22 17:00:00,0.393,257.14,1.7434999999999998,49.9995,BR49,17,6,1
2020-11-22 18:00:00,0.262,254.488,1.1675,50.0435,BR49,18,6,1
2020-11-22 19:00:00,0.226,255.6055,0.9815,50.0045,BR49,19,6,1
2020-11-22 20:00:00,0.245,257.1575,1.037,49.9895,BR49,20,6,1
2020-11-22 21:00:00,0.213,258.45050000000003,0.9125,50.016,BR49,21,6,1
2020-11-22 22:00:00,0.186,259.46,0.8230000000000001,49.981,BR49,22,6,1
2020-11-22 23:00:00,0.245,261.81350000000003,1.0245000000000002,50.011,BR49,23,6,1
2020-11-23 00:00:00,0.185,263.672,0.8195,50.0255,BR49,0,0,0
2020-11-23 01:00:00,0.094,263.871,0.601,50.014,BR49,1,0,0
2020-11-23 02:00:00,0.15,264.7845,0.771,50.027,BR49,2,0,0
2020-11-23 03:00:00,0.16,263.1965,0.821,49.9905,BR49,3,0,0
2020-11-23 04:00:00,0.118,263.794,0.613,50.0,BR49,4,0,0
2020-11-23 05:00:00,0.132,262.907,0.6495,49.9875,BR49,5,0,0
2020-11-23 06:00:00,0.13,262.0515,0.63,49.975,BR49,6,0,0
2020-11-23 07:00:00,0.203,257.8365,0.932,49.9095,BR49,7,0,0
2020-11-23 08:00:00,0.178,126.5995,0.8385,24.981,BR49,8,0,0
2020-11-23 09:00:00,0.316,233.7,1.6555,47.4585,BR49,9,0,0
2020-11-23 10:00:00,0.191,222.7035,0.996,44.9715,BR49,10,0,0
2020-11-23 11:00:00,0.29,237.8965,1.4455,47.5105,BR49,11,0,0
2020-11-23 12:00:00,0.2769999999999999,252.391,1.2475,49.968,BR49,12,0,0
2020-11-23 13:00:00,0.16,256.02,0.7455,50.0395,BR49,13,0,0
2020-11-23 14:00:00,0.164,257.6805,0.7575000000000001,49.9665,BR49,14,0,0
2020-11-23 15:00:00,0.148,246.869,0.6900000000000001,47.442,BR49,15,0,0
2020-11-23 16:00:00,0.156,219.3045,0.931,42.426,BR49,16,0,0
2020-11-23 17:00:00,0.636,254.528,2.777,49.946,BR49,17,0,0
2020-11-23 18:00:00,0.366,251.845,1.5745,49.9785,BR49,18,0,0
2020-11-23 19:00:00,0.251,253.573,1.083,50.023,BR49,19,0,0
2020-11-23 20:00:00,0.289,255.513,1.204,49.959,BR49,20,0,0
2020-11-23 21:00:00,0.283,257.8275,1.1869999999999998,50.04,BR49,21,0,0
2020-11-23 22:00:00,0.247,258.7765,1.0779999999999998,50.0155,BR49,22,0,0
2020-11-23 23:00:00,0.218,260.923,0.954,50.023,BR49,23,0,0
2020-11-24 00:00:00,0.154,260.96,0.7485,49.9875,BR49,0,1,0
2020-11-24 01:00:00,0.14,261.879,0.702,49.9975,BR49,1,1,0
2020-11-24 02:00:00,0.144,262.7355,0.7175,50.007,BR49,2,1,0
2020-11-24 03:00:00,0.149,263.152,0.7445,50.0105,BR49,3,1,0
2020-11-24 04:00:00,0.154,262.8195,0.783,49.9925,BR49,4,1,0
2020-11-24 05:00:00,0.095,261.40500000000003,0.583,49.9755,BR49,5,1,0
2020-11-24 06:00:00,0.123,261.6175,0.6535,50.004000000000005,BR49,6,1,0
2020-11-24 07:00:00,0.318,245.117,1.655,47.516000000000005,BR49,7,1,0
2020-11-24 08:00:00,0.173,215.7695,0.959,42.4585,BR49,8,1,0
2020-11-24 09:00:00,0.1679999999999999,235.0265,0.8699999999999999,47.4515,BR49,9,1,0
2020-11-24 10:00:00,0.31,221.9935,1.7045,44.976,BR49,10,1,0
2020-11-24 11:00:00,0.416,248.9435,1.8765,50.0175,BR49,11,1,0
2020-11-24 12:00:00,0.3389999999999999,251.9585,1.439,49.984,BR49,12,1,0
2020-11-24 13:00:00,0.189,217.365,0.9365,42.493,BR49,13,1,0
2020-11-24 14:00:00,0.193,260.025,0.869,49.9835,BR49,14,1,0
2020-11-24 15:00:00,0.348,260.81350000000003,1.5935,50.0105,BR49,15,1,0
2020-11-24 16:00:00,0.211,260.4975,0.903,49.9985,BR49,16,1,0
2020-11-24 17:00:00,0.238,255.002,1.0015,50.0015,BR49,17,1,0
2020-11-24 18:00:00,0.272,251.77,1.1555,50.0135,BR49,18,1,0
2020-11-24 19:00:00,0.267,254.044,1.131,50.022000000000006,BR49,19,1,0
2020-11-24 20:00:00,0.29,256.4725,1.203,50.024,BR49,20,1,0
2020-11-24 21:00:00,0.294,256.671,1.224,50.0165,BR49,21,1,0
2020-11-24 22:00:00,0.248,258.702,1.043,50.0375,BR49,22,1,0
2020-11-24 23:00:00,0.224,260.83849999999995,0.93,50.064,BR49,23,1,0
2020-11-25 00:00:00,0.173,261.411,0.757,50.0055,BR49,0,2,0
2020-11-25 01:00:00,0.175,261.467,0.765,49.9625,BR49,1,2,0
2020-11-25 02:00:00,0.224,261.6705,0.9309999999999998,49.995,BR49,2,2,0
2020-11-25 03:00:00,0.212,261.96750000000003,0.8875,50.0165,BR49,3,2,0
2020-11-25 04:00:00,0.199,261.6365,0.8390000000000001,49.9995,BR49,4,2,0
2020-11-25 05:00:00,0.25,259.947,1.02,50.0065,BR49,5,2,0
2020-11-25 06:00:00,0.224,260.5955,0.9455,50.011,BR49,6,2,0
2020-11-25 07:00:00,0.312,258.46750000000003,1.3345,49.9895,BR49,7,2,0
2020-11-25 08:00:00,0.249,253.151,1.0785,50.0295,BR49,8,2,0
2020-11-25 09:00:00,0.163,246.896,0.7270000000000001,49.956,BR49,9,2,0
2020-11-25 10:00:00,0.1999999999999999,249.244,0.901,49.989,BR49,10,2,0
2020-11-25 11:00:00,0.213,252.002,0.957,50.006,BR49,11,2,0
2020-11-25 12:00:00,0.194,254.496,0.8505,50.0035,BR49,12,2,0
2020-11-25 13:00:00,0.5569999999999999,257.7745,2.5235,50.048,BR49,13,2,0
2020-11-25 14:00:00,0.396,194.028,2.008,37.5375,BR49,14,2,0
2020-11-25 15:00:00,0.25,261.327,1.148,49.996,BR49,15,2,0
2020-11-25 16:00:00,0.19,259.5835,0.8484999999999999,49.9945,BR49,16,2,0
2020-11-25 17:00:00,0.307,258.15500000000003,1.296,50.006,BR49,17,2,0
2020-11-25 18:00:00,0.357,255.2395,1.441,50.0445,BR49,18,2,0
2020-11-25 19:00:00,0.332,256.5495,1.3775,50.02,BR49,19,2,0
2020-11-25 20:00:00,0.342,257.834,1.391,50.0405,BR49,20,2,0
2020-11-25 21:00:00,0.237,259.82,0.999,50.0205,BR49,21,2,0
2020-11-25 22:00:00,0.218,260.3785,0.94,50.009,BR49,22,2,0
2020-11-25 23:00:00,0.26,262.1495,1.0835,50.029,BR49,23,2,0
2020-11-26 00:00:00,0.239,263.6825,1.0125,50.032,BR49,0,3,0
2020-11-26 01:00:00,0.155,263.351,0.7735000000000001,50.0225,BR49,1,3,0
2020-11-26 02:00:00,0.182,264.033,0.8099999999999999,50.003,BR49,2,3,0
2020-11-26 03:00:00,0.288,264.1365,1.174,50.023,BR49,3,3,0
2020-11-26 04:00:00,0.178,263.7625,0.8019999999999999,50.040000000000006,BR49,4,3,0
2020-11-26 05:00:00,0.19,262.5095,0.8154999999999999,50.029,BR49,5,3,0
2020-11-26 06:00:00,0.183,262.62350000000004,0.7955,50.0695,BR49,6,3,0
2020-11-26 07:00:00,0.688,258.915,3.1595,49.9685,BR49,7,3,0
2020-11-26 08:00:00,0.354,253.8385,1.641,49.9635,BR49,8,3,0
2020-11-26 09:00:00,0.158,247.924,0.6955,49.9745,BR49,9,3,0
2020-11-26 10:00:00,0.19,246.8665,0.8654999999999999,49.9935,BR49,10,3,0
2020-11-26 11:00:00,0.206,250.359,0.9305,50.021,BR49,11,3,0
2020-11-26 12:00:00,0.308,254.8745,1.412,49.99,BR49,12,3,0
2020-11-26 13:00:00,0.227,257.9555,0.964,50.033,BR49,13,3,0
2020-11-26 14:00:00,0.278,261.135,1.139,50.0075,BR49,14,3,0
2020-11-26 15:00:00,0.2019999999999999,263.34000000000003,0.8634999999999999,49.994,BR49,15,3,0
2020-11-26 16:00:00,0.225,260.216,0.96,49.92,BR49,16,3,0
2020-11-26 17:00:00,0.318,256.787,1.334,50.0015,BR49,17,3,0
2020-11-26 18:00:00,0.357,254.682,1.4685,50.027,BR49,18,3,0
2020-11-26 19:00:00,0.321,255.7155,1.3625,50.0505,BR49,19,3,0
2020-11-26 20:00:00,0.595,257.70050000000003,2.528,50.0315,BR49,20,3,0
2020-11-26 21:00:00,0.336,258.498,1.384,50.0205,BR49,21,3,0
2020-11-26 22:00:00,0.353,260.2155,1.4300000000000002,50.0175,BR49,22,3,0
2020-11-26 23:00:00,0.313,262.4155,1.267,50.0105,BR49,23,3,0
2020-11-27 00:00:00,0.216,250.5205,1.0145,47.5015,BR49,0,4,0
2020-11-27 01:00:00,0.185,265.0035,0.835,50.0305,BR49,1,4,0
2020-11-27 02:00:00,0.174,265.6675,0.7849999999999999,50.022000000000006,BR49,2,4,0
2020-11-27 03:00:00,0.2009999999999999,265.41,0.857,50.0035,BR49,3,4,0
2020-11-27 04:00:00,0.221,264.8505,0.9035,50.0105,BR49,4,4,0
2020-11-27 05:00:00,0.268,263.8345,1.0905,50.0005,BR49,5,4,0
2020-11-27 06:00:00,0.198,264.2635,0.833,49.9755,BR49,6,4,0
2020-11-27 07:00:00,0.144,261.0885,0.6375,49.958,BR49,7,4,0
2020-11-27 08:00:00,0.138,254.3995,0.6174999999999999,49.9235,BR49,8,4,0
2020-11-27 09:00:00,0.104,246.419,0.5065000000000001,49.9985,BR49,9,4,0
2020-11-27 10:00:00,0.5559999999999999,246.0345,2.5775,50.0455,BR49,10,4,0
2020-11-27 11:00:00,0.211,249.6755,0.9265,50.0155,BR49,11,4,0
2020-11-27 12:00:00,0.209,225.993,0.9965,45.008,BR49,12,4,0
2020-11-27 13:00:00,0.926,253.788,4.1235,50.064,BR49,13,4,0
2020-11-27 14:00:00,0.244,259.277,1.039,50.018,BR49,14,4,0
2020-11-27 15:00:00,0.298,261.843,1.231,49.992,BR49,15,4,0
2020-11-27 16:00:00,0.279,247.283,1.3115,47.4865,BR49,16,4,0
2020-11-27 17:00:00,0.411,257.2045,1.752,50.032,BR49,17,4,0
2020-11-27 18:00:00,0.33,255.016,1.4185,50.0,BR49,18,4,0
2020-11-27 19:00:00,0.331,253.5175,1.411,50.002,BR49,19,4,0
2020-11-27 20:00:00,0.79,255.2985,3.362,50.025,BR49,20,4,0
2020-11-27 21:00:00,0.263,258.11,1.121,50.0265,BR49,21,4,0
2020-11-27 22:00:00,0.181,259.23850000000004,0.8324999999999999,50.038,BR49,22,4,0
2020-11-27 23:00:00,0.26,261.192,1.0605,50.0415,BR49,23,4,0
2020-11-28 00:00:00,0.338,261.464,1.3545,49.995,BR49,0,5,1
2020-11-28 01:00:00,0.267,262.108,1.103,49.965,BR49,1,5,1
2020-11-28 02:00:00,0.2329999999999999,262.5625,0.9675,50.0215,BR49,2,5,1
2020-11-28 03:00:00,0.238,262.7835,0.9825,50.0005,BR49,3,5,1
2020-11-28 04:00:00,0.299,263.141,1.206,49.984,BR49,4,5,1
2020-11-28 05:00:00,0.208,263.218,0.889,50.0085,BR49,5,5,1
2020-11-28 06:00:00,0.219,264.182,0.893,50.001,BR49,6,5,1
2020-11-28 07:00:00,0.117,260.941,0.5545,50.005,BR49,7,5,1
2020-11-28 08:00:00,0.134,254.588,0.689,50.016000000000005,BR49,8,5,1
2020-11-28 09:00:00,0.326,244.8635,1.773,49.998000000000005,BR49,9,5,1
2020-11-28 10:00:00,0.955,242.7815,5.1275,49.978,BR49,10,5,1
2020-11-28 11:00:00,0.921,244.397,5.0185,49.9865,BR49,11,5,1
2020-11-28 12:00:00,0.434,248.7065,2.273,49.9765,BR49,12,5,1
2020-11-28 13:00:00,0.183,255.495,0.8460000000000001,50.024,BR49,13,5,1
2020-11-28 14:00:00,0.142,258.4855,0.696,50.039,BR49,14,5,1
2020-11-28 15:00:00,0.115,262.6555,0.6625,50.013,BR49,15,5,1
2020-11-28 16:00:00,0.219,259.3195,1.012,49.9885,BR49,16,5,1
2020-11-28 17:00:00,0.251,256.331,1.1324999999999998,49.958,BR49,17,5,1
2020-11-28 18:00:00,0.273,252.337,1.181,49.98,BR49,18,5,1
2020-11-28 19:00:00,0.289,254.5795,1.239,50.011,BR49,19,5,1
2020-11-28 20:00:00,0.211,256.174,0.953,50.017,BR49,20,5,1
2020-11-28 21:00:00,0.219,257.085,0.951,50.027,BR49,21,5,1
2020-11-28 22:00:00,0.256,257.324,1.0870000000000002,50.03,BR49,22,5,1
2020-11-28 23:00:00,0.316,259.461,1.2970000000000002,49.9955,BR49,23,5,1
2020-11-29 00:00:00,0.177,261.6395,0.7705,49.998000000000005,BR49,0,6,1
2020-11-29 01:00:00,0.146,261.8055,0.677,49.9635,BR49,1,6,1
2020-11-29 02:00:00,0.255,261.8965,1.034,49.969,BR49,2,6,1
2020-11-29 03:00:00,0.244,262.2215,1.0225,49.951,BR49,3,6,1
2020-11-29 04:00:00,0.207,261.42999999999995,0.868,49.956,BR49,4,6,1
2020-11-29 05:00:00,0.199,262.047,0.8310000000000001,49.9725,BR49,5,6,1
2020-11-29 06:00:00,0.185,262.62350000000004,0.756,49.996500000000005,BR49,6,6,1
2020-11-29 07:00:00,0.435,257.912,1.9255,50.013,BR49,7,6,1
2020-11-29 08:00:00,0.219,252.6775,1.0245,50.0345,BR49,8,6,1
2020-11-29 09:00:00,0.182,243.8165,0.8545,49.9895,BR49,9,6,1
2020-11-29 10:00:00,0.148,248.6455,0.709,49.957,BR49,10,6,1
2020-11-29 11:00:00,0.457,251.1005,2.042,49.9425,BR49,11,6,1
2020-11-29 12:00:00,0.354,215.97,1.6759999999999995,42.5055,BR49,12,6,1
2020-11-29 13:00:00,0.253,255.2875,1.165,50.014,BR49,13,6,1
2020-11-29 14:00:00,0.18,258.095,0.8535,50.022000000000006,BR49,14,6,1
2020-11-29 15:00:00,0.2,260.537,0.908,50.015,BR49,15,6,1
2020-11-29 16:00:00,0.477,259.725,2.1615,50.014,BR49,16,6,1
2020-11-29 17:00:00,0.297,257.059,1.241,50.0155,BR49,17,6,1
2020-11-29 18:00:00,0.27,252.3665,1.1789999999999998,50.024,BR49,18,6,1
2020-11-29 19:00:00,0.207,254.8945,0.928,50.002,BR49,19,6,1
2020-11-29 20:00:00,0.216,256.0715,0.9535,49.9315,BR49,20,6,1
2020-11-29 21:00:00,0.261,258.07800000000003,1.1035,49.992,BR49,21,6,1
2020-11-29 22:00:00,0.199,257.8245,0.8734999999999999,50.0175,BR49,22,6,1
2020-11-29 23:00:00,0.143,259.9715,0.6555,50.022000000000006,BR49,23,6,1
2020-11-30 00:00:00,0.179,260.884,0.7925,49.9995,BR49,0,0,0
2020-11-30 01:00:00,0.183,261.803,0.757,49.9915,BR49,1,0,0
2020-11-30 02:00:00,0.254,262.362,1.0265,49.99,BR49,2,0,0
2020-11-30 03:00:00,0.183,262.6945,0.7655000000000001,49.995,BR49,3,0,0
2020-11-30 04:00:00,0.178,263.017,0.7465,49.982,BR49,4,0,0
2020-11-30 05:00:00,0.125,196.5995,0.5325,37.492,BR49,5,0,0
2020-11-30 06:00:00,0.227,249.39900000000003,1.1525,47.4865,BR49,6,0,0
2020-11-30 07:00:00,0.18,259.705,0.7765,49.9705,BR49,7,0,0
2020-11-30 08:00:00,0.19,253.765,0.8099999999999999,50.003,BR49,8,0,0
2020-11-30 09:00:00,0.192,232.648,0.9305,47.5095,BR49,9,0,0
2020-11-30 10:00:00,0.112,48.371500000000005,0.8560000000000001,9.996,BR49,10,0,0
2020-11-30 11:00:00,0.616,246.31350000000003,3.1235,50.022000000000006,BR49,11,0,0
2020-11-30 12:00:00,0.51,251.271,2.4375,49.975,BR49,12,0,0
2020-11-30 13:00:00,0.148,204.3585,0.8085000000000001,39.972,BR49,13,0,0
2020-11-30 14:00:00,0.258,258.7845,1.191,49.981,BR49,14,0,0
2020-11-30 15:00:00,0.331,261.67400000000004,1.59,49.9885,BR49,15,0,0
2020-11-30 16:00:00,0.103,258.3915,0.6125,49.9915,BR49,16,0,0
2020-11-30 17:00:00,0.113,255.3305,0.6165,50.0165,BR49,17,0,0
2020-11-30 18:00:00,0.165,251.5025,0.7675,50.026,BR49,18,0,0
2020-11-30 19:00:00,0.252,254.105,1.1035,50.0235,BR49,19,0,0
2020-11-30 20:00:00,0.249,256.579,1.104,50.0145,BR49,20,0,0
2020-11-30 21:00:00,0.184,258.379,0.835,50.0125,BR49,21,0,0
2020-11-30 22:00:00,0.208,258.111,0.914,50.007,BR49,22,0,0
2020-11-30 23:00:00,0.194,260.42400000000004,0.8515,50.0115,BR49,23,0,0
2020-12-01 00:00:00,0.175,261.4955,0.7655000000000001,49.99,BR49,0,1,0
2020-12-01 01:00:00,0.134,262.2935,0.6295,50.005,BR49,1,1,0
2020-12-01 02:00:00,0.147,263.0715,0.649,50.001,BR49,2,1,0
2020-12-01 03:00:00,0.128,263.649,0.5725,49.9895,BR49,3,1,0
2020-12-01 04:00:00,0.157,262.952,0.686,49.999,BR49,4,1,0
2020-12-01 05:00:00,0.134,261.70500000000004,0.596,49.9915,BR49,5,1,0
2020-12-01 06:00:00,0.134,262.533,0.5885,49.998000000000005,BR49,6,1,0
2020-12-01 07:00:00,0.315,258.298,1.4235,50.053,BR49,7,1,0
2020-12-01 08:00:00,0.117,253.4015,0.5205,50.0495,BR49,8,1,0
2020-12-01 09:00:00,0.205,206.2295,0.944,42.547,BR49,9,1,0
2020-12-01 10:00:00,0.186,241.9615,0.9315,50.0165,BR49,10,1,0
2020-12-01 11:00:00,0.276,245.8525,1.346,50.0015,BR49,11,1,0
2020-12-01 12:00:00,0.31,250.047,1.3785,50.0095,BR49,12,1,0
2020-12-01 13:00:00,0.146,256.6025,0.7835,50.054,BR49,13,1,0
2020-12-01 14:00:00,0.101,220.2325,0.6575,42.543,BR49,14,1,0
2020-12-01 15:00:00,0.106,242.0805,0.7065,47.517,BR49,15,1,0
2020-12-01 16:00:00,0.117,259.824,0.702,50.0155,BR49,16,1,0
2020-12-01 17:00:00,0.163,256.95050000000003,0.8125,50.023,BR49,17,1,0
2020-12-01 18:00:00,0.185,251.032,0.8459999999999999,49.9995,BR49,18,1,0
2020-12-01 19:00:00,0.2019999999999999,254.006,0.904,49.9945,BR49,19,1,0
2020-12-01 20:00:00,0.194,257.0235,0.861,49.992,BR49,20,1,0
2020-12-01 21:00:00,0.214,259.315,0.944,50.0405,BR49,21,1,0
2020-12-01 22:00:00,0.293,260.287,1.2045,50.03,BR49,22,1,0
2020-12-01 23:00:00,0.303,261.42600000000004,1.247,50.0225,BR49,23,1,0
2020-12-02 00:00:00,0.195,262.4915,0.8195,49.991,BR49,0,2,0
2020-12-02 01:00:00,0.157,262.718,0.674,49.983,BR49,1,2,0
2020-12-02 02:00:00,0.161,263.5495,0.686,49.984,BR49,2,2,0
2020-12-02 03:00:00,0.143,264.293,0.6185,49.9935,BR49,3,2,0
2020-12-02 04:00:00,0.159,264.153,0.6849999999999999,50.0255,BR49,4,2,0
2020-12-02 05:00:00,0.164,263.3235,0.7005,49.988,BR49,5,2,0
2020-12-02 06:00:00,0.16,264.2,0.662,50.004000000000005,BR49,6,2,0
2020-12-02 07:00:00,0.449,258.6765,2.0485,50.0245,BR49,7,2,0
2020-12-02 08:00:00,0.139,252.91950000000003,0.6075,50.0375,BR49,8,2,0
2020-12-02 09:00:00,0.163,246.0615,0.731,50.0115,BR49,9,2,0
2020-12-02 10:00:00,0.189,245.039,0.8644999999999999,49.993,BR49,10,2,0
2020-12-02 11:00:00,0.317,221.9045,1.529,45.009,BR49,11,2,0
2020-12-02 12:00:00,0.2269999999999999,250.57,1.0485,49.959,BR49,12,2,0
2020-12-02 13:00:00,0.17,255.781,0.8554999999999999,50.038,BR49,13,2,0
2020-12-02 14:00:00,0.133,246.1165,0.7495,47.5325,BR49,14,2,0
2020-12-02 15:00:00,0.229,259.219,1.043,49.989,BR49,15,2,0
2020-12-02 16:00:00,0.111,192.8555,0.7070000000000001,37.4615,BR49,16,2,0
2020-12-02 17:00:00,0.515,254.2795,2.419,50.015,BR49,17,2,0
2020-12-02 18:00:00,0.214,251.463,0.987,50.004,BR49,18,2,0
2020-12-02 19:00:00,0.325,254.122,1.3915000000000002,50.0005,BR49,19,2,0
2020-12-02 20:00:00,0.225,256.2245,0.979,50.029,BR49,20,2,0
2020-12-02 21:00:00,0.237,257.271,1.019,50.0285,BR49,21,2,0
2020-12-02 22:00:00,0.2319999999999999,258.4765,0.973,50.019,BR49,22,2,0
2020-12-02 23:00:00,0.253,260.6375,1.0455,50.0335,BR49,23,2,0
2020-12-03 00:00:00,0.178,261.8775,0.7665,50.0115,BR49,0,3,0
2020-12-03 01:00:00,0.169,263.056,0.744,50.0255,BR49,1,3,0
2020-12-03 02:00:00,0.211,263.0375,0.8744999999999999,49.9985,BR49,2,3,0
2020-12-03 03:00:00,0.165,263.5425,0.7230000000000001,49.996,BR49,3,3,0
2020-12-03 04:00:00,0.166,263.36350000000004,0.6945,49.967,BR49,4,3,0
2020-12-03 05:00:00,0.143,261.7725,0.6195,49.989,BR49,5,3,0
2020-12-03 06:00:00,0.167,261.5005,0.7095,50.028,BR49,6,3,0
2020-12-03 07:00:00,0.404,257.421,1.8295,49.974,BR49,7,3,0
2020-12-03 08:00:00,0.234,252.5305,1.021,49.974,BR49,8,3,0
2020-12-03 09:00:00,0.1169999999999999,232.862,0.6025,47.4535,BR49,9,3,0
2020-12-03 10:00:00,0.119,244.5945,0.611,50.0015,BR49,10,3,0
2020-12-03 11:00:00,0.114,246.441,0.6265000000000001,49.979,BR49,11,3,0
2020-12-03 12:00:00,0.091,249.192,0.5555,50.001,BR49,12,3,0
2020-12-03 13:00:00,0.09,253.6005,0.5515000000000001,50.035,BR49,13,3,0
2020-12-03 14:00:00,0.093,256.67400000000004,0.5525,49.973,BR49,14,3,0
2020-12-03 15:00:00,0.107,258.7265,0.5955,50.001,BR49,15,3,0
2020-12-03 16:00:00,0.153,256.2125,0.7695000000000001,49.9725,BR49,16,3,0
2020-12-03 17:00:00,0.216,253.8495,1.0855,49.9555,BR49,17,3,0
2020-12-03 18:00:00,0.225,253.71,1.021,49.9395,BR49,18,3,0
2020-12-03 19:00:00,0.542,251.8895,2.4835000000000003,49.92,BR49,19,3,0
2020-12-03 20:00:00,0.154,255.8465,0.747,50.0135,BR49,20,3,0
2020-12-03 21:00:00,0.1699999999999999,257.711,0.8,50.024,BR49,21,3,0
2020-12-03 22:00:00,0.26,257.87350000000004,1.092,50.017,BR49,22,3,0
2020-12-03 23:00:00,0.219,260.49300000000005,0.9285,50.016,BR49,23,3,0
2020-12-04 00:00:00,0.17,261.409,0.7464999999999999,50.025,BR49,0,4,0
2020-12-04 01:00:00,0.174,262.1705,0.7325,50.0385,BR49,1,4,0
2020-12-04 02:00:00,0.167,262.7915,0.714,50.008,BR49,2,4,0
2020-12-04 03:00:00,0.2019999999999999,263.1955,0.8385,49.9965,BR49,3,4,0
2020-12-04 04:00:00,0.219,263.6805,0.9235,49.9935,BR49,4,4,0
2020-12-04 05:00:00,0.19,260.8115,0.8445,49.977,BR49,5,4,0
2020-12-04 06:00:00,0.152,261.6815,0.657,50.001,BR49,6,4,0
2020-12-04 07:00:00,0.344,258.357,1.5285,49.919,BR49,7,4,0
2020-12-04 08:00:00,0.189,253.306,0.8535,49.928,BR49,8,4,0
2020-12-04 09:00:00,0.142,244.4705,0.643,49.943,BR49,9,4,0
2020-12-04 10:00:00,0.14,244.42,0.7165,49.93,BR49,10,4,0
2020-12-04 11:00:00,0.084,246.969,0.5125,49.979,BR49,11,4,0
2020-12-04 12:00:00,0.114,248.0905,0.623,49.9815,BR49,12,4,0
2020-12-04 13:00:00,0.103,252.7,0.5835,50.0195,BR49,13,4,0
2020-12-04 14:00:00,0.098,255.824,0.5655,50.034,BR49,14,4,0
2020-12-04 15:00:00,0.159,257.6925,0.7585,49.9435,BR49,15,4,0
2020-12-04 16:00:00,0.051,103.2635,0.347,19.977,BR49,16,4,0
2020-12-04 17:00:00,0.313,252.54450000000003,1.5505,49.9465,BR49,17,4,0
2020-12-04 18:00:00,0.183,251.422,0.8859999999999999,49.97,BR49,18,4,0
2020-12-04 19:00:00,0.22,253.384,1.0055,50.0275,BR49,19,4,0
2020-12-04 20:00:00,0.194,255.7625,0.885,50.021,BR49,20,4,0
2020-12-04 21:00:00,0.2319999999999999,257.252,0.999,50.0735,BR49,21,4,0
2020-12-04 22:00:00,0.281,257.3025,1.1845,50.0115,BR49,22,4,0
2020-12-04 23:00:00,0.329,260.09000000000003,1.342,50.009,BR49,23,4,0
2020-12-05 00:00:00,0.207,261.51750000000004,0.8765000000000001,50.006,BR49,0,5,1
2020-12-05 01:00:00,0.207,262.4105,0.8789999999999999,50.0165,BR49,1,5,1
2020-12-05 02:00:00,0.206,263.069,0.8734999999999999,50.0035,BR49,2,5,1
2020-12-05 03:00:00,0.26,263.4055,1.064,50.019,BR49,3,5,1
2020-12-05 04:00:00,0.143,262.8975,0.6475000000000001,50.005,BR49,4,5,1
2020-12-05 05:00:00,0.133,261.312,0.6054999999999999,49.9825,BR49,5,5,1
2020-12-05 06:00:00,0.113,263.141,0.528,50.0205,BR49,6,5,1
2020-12-05 07:00:00,0.131,261.1675,0.608,49.9735,BR49,7,5,1
2020-12-05 08:00:00,0.254,254.188,1.2245,49.986,BR49,8,5,1
2020-12-05 09:00:00,0.12,247.917,0.5825,49.9365,BR49,9,5,1
2020-12-05 10:00:00,0.109,245.6555,0.563,50.0285,BR49,10,5,1
2020-12-05 11:00:00,0.082,250.582,0.5025000000000001,50.0535,BR49,11,5,1
2020-12-05 12:00:00,0.097,252.082,0.5905,50.0345,BR49,12,5,1
2020-12-05 13:00:00,0.137,255.984,0.757,50.0495,BR49,13,5,1
2020-12-05 14:00:00,0.088,258.9885,0.6020000000000001,50.0435,BR49,14,5,1
2020-12-05 15:00:00,0.112,259.672,0.674,50.03,BR49,15,5,1
2020-12-05 16:00:00,0.138,258.4235,0.74,50.023,BR49,16,5,1
2020-12-05 17:00:00,0.19,254.456,0.8885,50.0205,BR49,17,5,1
2020-12-05 18:00:00,0.346,253.60100000000003,1.6405,49.924,BR49,18,5,1
2020-12-05 19:00:00,0.187,255.1295,0.8595,49.965500000000006,BR49,19,5,1
2020-12-05 20:00:00,0.192,257.429,0.859,50.0275,BR49,20,5,1
2020-12-05 21:00:00,0.248,257.26750000000004,1.0585,50.010000000000005,BR49,21,5,1
2020-12-05 22:00:00,0.242,257.891,1.031,50.0055,BR49,22,5,1
2020-12-05 23:00:00,0.192,260.694,0.836,49.961,BR49,23,5,1
2020-12-06 00:00:00,0.182,262.111,0.7685,49.967,BR49,0,6,1
2020-12-06 01:00:00,0.173,262.85450000000003,0.74,49.9785,BR49,1,6,1
2020-12-06 02:00:00,0.159,263.194,0.6900000000000001,50.025,BR49,2,6,1
2020-12-06 03:00:00,0.2299999999999999,263.064,0.942,49.996,BR49,3,6,1
2020-12-06 04:00:00,0.199,263.16150000000005,0.85,49.968,BR49,4,6,1
2020-12-06 05:00:00,0.132,261.8015,0.5715,50.016000000000005,BR49,5,6,1
2020-12-06 06:00:00,0.145,262.416,0.6245,50.083,BR49,6,6,1
2020-12-06 07:00:00,0.124,259.174,0.5535,50.042,BR49,7,6,1
2020-12-06 08:00:00,0.314,252.766,1.44,50.011,BR49,8,6,1
2020-12-06 09:00:00,0.251,249.0155,1.217,50.0095,BR49,9,6,1
2020-12-06 10:00:00,0.133,246.381,0.674,50.0055,BR49,10,6,1
2020-12-06 11:00:00,0.2319999999999999,247.9925,1.0825,50.0175,BR49,11,6,1
2020-12-06 12:00:00,0.11,252.73200000000003,0.5985,50.0165,BR49,12,6,1
2020-12-06 13:00:00,0.141,256.721,0.692,50.0305,BR49,13,6,1
2020-12-06 14:00:00,0.164,259.471,0.7665,50.017,BR49,14,6,1
2020-12-06 15:00:00,0.189,261.382,0.8554999999999999,50.0075,BR49,15,6,1
2020-12-06 16:00:00,0.185,261.8465,0.8390000000000001,50.031,BR49,16,6,1
2020-12-06 17:00:00,0.215,256.5245,0.9465,50.055,BR49,17,6,1
2020-12-06 18:00:00,0.237,254.98,1.0845,50.0525,BR49,18,6,1
2020-12-06 19:00:00,0.262,255.3,1.144,49.965,BR49,19,6,1
2020-12-06 20:00:00,0.21,257.6335,0.948,49.931,BR49,20,6,1
2020-12-06 21:00:00,0.29,258.5455,1.2465,49.995,BR49,21,6,1
2020-12-06 22:00:00,0.244,259.271,1.0525,49.967,BR49,22,6,1
2020-12-06 23:00:00,0.253,261.507,1.0655,49.9745,BR49,23,6,1
2020-12-07 00:00:00,0.174,261.9195,0.743,50.0075,BR49,0,0,0
2020-12-07 01:00:00,0.211,262.3555,0.8835000000000001,50.0,BR49,1,0,0
2020-12-07 02:00:00,0.204,263.394,0.8785000000000001,50.0385,BR49,2,0,0
2020-12-07 03:00:00,0.1969999999999999,263.834,0.851,50.0315,BR49,3,0,0
2020-12-07 04:00:00,0.153,263.7105,0.6715,49.974,BR49,4,0,0
2020-12-07 05:00:00,0.146,262.6625,0.6405000000000001,49.979,BR49,5,0,0
2020-12-07 06:00:00,0.4599999999999999,261.8625,2.0485,50.0045,BR49,6,0,0
2020-12-07 07:00:00,0.36,258.7165,1.516,49.9095,BR49,7,0,0
2020-12-07 08:00:00,0.214,253.7325,0.928,49.9365,BR49,8,0,0
2020-12-07 09:00:00,0.243,243.748,1.1265,49.916,BR49,9,0,0
2020-12-07 10:00:00,0.18,247.9215,0.8455,49.97,BR49,10,0,0
2020-12-07 11:00:00,0.135,199.001,0.8009999999999999,40.026,BR49,11,0,0
2020-12-07 12:00:00,0.172,251.87150000000003,0.8939999999999999,50.0105,BR49,12,0,0
2020-12-07 13:00:00,0.2029999999999999,255.6575,0.9575,50.016000000000005,BR49,13,0,0
2020-12-07 14:00:00,0.424,258.078,1.959,50.0,BR49,14,0,0
2020-12-07 15:00:00,0.118,246.819,0.6905,47.4295,BR49,15,0,0
2020-12-07 16:00:00,0.119,261.557,0.6655,50.016000000000005,BR49,16,0,0
2020-12-07 17:00:00,0.115,256.1005,0.613,50.018,BR49,17,0,0
2020-12-07 18:00:00,0.196,253.0415,0.89,50.0435,BR49,18,0,0
2020-12-07 19:00:00,0.193,255.698,0.8935000000000001,50.028,BR49,19,0,0
2020-12-07 20:00:00,0.205,256.947,0.917,50.0235,BR49,20,0,0
2020-12-07 21:00:00,0.188,258.4315,0.8605,50.06,BR49,21,0,0
2020-12-07 22:00:00,0.279,258.44,1.138,50.0025,BR49,22,0,0
2020-12-07 23:00:00,0.439,260.679,1.749,50.037,BR49,23,0,0
2020-12-08 00:00:00,0.182,262.1105,0.7915,50.005,BR49,0,1,0
2020-12-08 01:00:00,0.213,262.8405,0.8855000000000001,50.012,BR49,1,1,0
2020-12-08 02:00:00,0.189,264.3605,0.8380000000000001,50.0165,BR49,2,1,0
2020-12-08 03:00:00,0.154,265.427,0.6555,50.0165,BR49,3,1,0
2020-12-08 04:00:00,0.152,265.643,0.6665,50.03,BR49,4,1,0
2020-12-08 05:00:00,0.123,264.1185,0.567,49.9915,BR49,5,1,0
2020-12-08 06:00:00,0.156,263.90700000000004,0.6625,50.0525,BR49,6,1,0
2020-12-08 07:00:00,0.2299999999999999,260.536,0.968,50.027,BR49,7,1,0
2020-12-08 08:00:00,0.38,255.4,1.753,50.0445,BR49,8,1,0
2020-12-08 09:00:00,0.145,249.0995,0.6639999999999999,50.018,BR49,9,1,0
2020-12-08 10:00:00,0.625,246.57,2.6220000000000003,50.0025,BR49,10,1,0
2020-12-08 11:00:00,0.104,246.1055,0.6060000000000001,50.0015,BR49,11,1,0
2020-12-08 12:00:00,0.408,249.185,1.902,49.9885,BR49,12,1,0
2020-12-08 13:00:00,0.173,250.4765,0.9695,49.982,BR49,13,1,0
2020-12-08 14:00:00,0.162,260.994,0.806,50.0005,BR49,14,1,0
2020-12-08 15:00:00,0.085,261.758,0.542,50.0205,BR49,15,1,0
2020-12-08 16:00:00,0.088,261.2925,0.5415,50.021,BR49,16,1,0
2020-12-08 17:00:00,0.169,255.9555,0.8154999999999999,50.028,BR49,17,1,0
2020-12-08 18:00:00,0.204,252.1725,0.9285,50.033,BR49,18,1,0
2020-12-08 19:00:00,0.212,255.3895,0.9535,50.034000000000006,BR49,19,1,0
2020-12-08 20:00:00,0.206,257.5685,0.9375,50.027,BR49,20,1,0
2020-12-08 21:00:00,0.215,258.2435,0.9545,49.999,BR49,21,1,0
2020-12-08 22:00:00,0.264,259.664,1.1345,50.013,BR49,22,1,0
2020-12-08 23:00:00,0.205,261.714,0.885,50.0445,BR49,23,1,0
2020-12-09 00:00:00,0.196,263.3965,0.858,50.03,BR49,0,2,0
2020-12-09 01:00:00,0.263,263.4185,1.0845,50.0015,BR49,1,2,0
2020-12-09 02:00:00,0.2309999999999999,263.9635,0.992,49.9995,BR49,2,2,0
2020-12-09 03:00:00,0.208,264.4825,0.8955,50.0135,BR49,3,2,0
2020-12-09 04:00:00,0.197,265.0915,0.8394999999999999,50.0325,BR49,4,2,0
2020-12-09 05:00:00,0.145,263.7285,0.6679999999999999,50.007,BR49,5,2,0
2020-12-09 06:00:00,0.158,263.733,0.716,50.028,BR49,6,2,0
2020-12-09 07:00:00,0.529,260.7705,2.466,50.015,BR49,7,2,0
2020-12-09 08:00:00,0.159,257.106,0.7264999999999999,50.0475,BR49,8,2,0
2020-12-09 09:00:00,0.1679999999999999,250.339,0.7685,50.002,BR49,9,2,0
2020-12-09 10:00:00,0.14,186.6265,0.665,37.525,BR49,10,2,0
2020-12-09 11:00:00,0.103,221.8555,0.7384999999999999,45.019,BR49,11,2,0
2020-12-09 12:00:00,0.441,250.5565,2.224,49.988,BR49,12,2,0
2020-12-09 13:00:00,0.115,255.5825,0.646,49.969,BR49,13,2,0
2020-12-09 14:00:00,0.172,260.2305,0.8220000000000001,49.9555,BR49,14,2,0
2020-12-09 15:00:00,0.03,52.5105,0.2024999999999999,9.9965,BR49,15,2,0
2020-12-09 16:00:00,0.16,260.9445,0.9775,50.024,BR49,16,2,0
2020-12-09 17:00:00,0.153,256.7755,0.763,50.0265,BR49,17,2,0
2020-12-09 18:00:00,0.212,254.2715,0.988,50.025,BR49,18,2,0
2020-12-09 19:00:00,0.1959999999999999,254.4425,0.936,50.032,BR49,19,2,0
2020-12-09 20:00:00,0.175,256.8295,0.8240000000000001,50.074,BR49,20,2,0
2020-12-09 21:00:00,0.217,258.049,0.9615,50.015,BR49,21,2,0
2020-12-09 22:00:00,0.192,232.114,0.874,44.9685,BR49,22,2,0
2020-12-09 23:00:00,0.257,246.902,1.2899999999999998,47.519,BR49,23,2,0
2020-12-10 00:00:00,0.153,262.47950000000003,0.7325,49.996500000000005,BR49,0,3,0
2020-12-10 01:00:00,0.148,263.654,0.713,50.023,BR49,1,3,0
2020-12-10 02:00:00,0.212,264.3715,0.9155,50.0125,BR49,2,3,0
2020-12-10 03:00:00,0.153,265.4275,0.729,50.003,BR49,3,3,0
2020-12-10 04:00:00,0.132,265.591,0.637,50.015,BR49,4,3,0
2020-12-10 05:00:00,0.144,263.9815,0.663,50.016,BR49,5,3,0
2020-12-10 06:00:00,0.144,264.2705,0.6355000000000001,50.037,BR49,6,3,0
2020-12-10 07:00:00,0.217,261.4195,0.911,50.0125,BR49,7,3,0
2020-12-10 08:00:00,0.168,258.016,0.7595,50.0105,BR49,8,3,0
2020-12-10 09:00:00,0.091,251.2155,0.472,50.018,BR49,9,3,0
2020-12-10 10:00:00,0.125,250.0525,0.642,50.0815,BR49,10,3,0
2020-12-10 11:00:00,0.074,250.906,0.4865,50.0685,BR49,11,3,0
2020-12-10 12:00:00,0.059,251.084,0.4755,50.034,BR49,12,3,0
2020-12-10 13:00:00,0.175,256.4325,0.858,50.043,BR49,13,3,0
2020-12-10 14:00:00,0.657,260.40250000000003,2.9535,50.0575,BR49,14,3,0
2020-12-10 15:00:00,0.314,224.127,1.4,42.5645,BR49,15,3,0
2020-12-10 16:00:00,0.134,221.957,0.7015,42.5225,BR49,16,3,0
2020-12-10 17:00:00,0.1349999999999999,207.3025,0.6985,40.0145,BR49,17,3,0
2020-12-10 18:00:00,0.219,256.3265,0.974,50.044,BR49,18,3,0
2020-12-10 19:00:00,0.243,255.862,1.031,50.0245,BR49,19,3,0
2020-12-10 20:00:00,0.204,258.545,0.919,50.027,BR49,20,3,0
2020-12-10 21:00:00,0.152,260.011,0.661,50.0135,BR49,21,3,0
2020-12-10 22:00:00,0.254,260.01750000000004,1.048,49.9865,BR49,22,3,0
2020-12-10 23:00:00,0.2019999999999999,262.237,0.8605,50.0235,BR49,23,3,0
2020-12-11 00:00:00,0.133,264.195,0.5650000000000001,50.0125,BR49,0,4,0
2020-12-11 01:00:00,0.125,264.903,0.533,50.0,BR49,1,4,0
2020-12-11 02:00:00,0.108,265.8995,0.461,50.009,BR49,2,4,0
2020-12-11 03:00:00,0.117,266.045,0.5205,49.9765,BR49,3,4,0
2020-12-11 04:00:00,0.102,266.8375,0.4505,49.9795,BR49,4,4,0
2020-12-11 05:00:00,0.11,265.8995,0.471,49.9605,BR49,5,4,0
2020-12-11 06:00:00,0.121,266.6805,0.517,50.014,BR49,6,4,0
2020-12-11 07:00:00,0.187,264.287,0.734,50.03,BR49,7,4,0
2020-12-11 08:00:00,0.121,258.4595,0.4965,49.9855,BR49,8,4,0
2020-12-11 09:00:00,0.136,252.492,0.6014999999999999,49.9165,BR49,9,4,0
2020-12-11 10:00:00,0.359,250.79450000000003,1.5950000000000002,49.985,BR49,10,4,0
2020-12-11 11:00:00,0.528,225.67400000000004,2.1685,45.0085,BR49,11,4,0
2020-12-11 12:00:00,0.11,255.0295,0.518,49.968,BR49,12,4,0
2020-12-11 13:00:00,0.123,258.8465,0.5435000000000001,50.0575,BR49,13,4,0
2020-12-11 14:00:00,0.13,261.58000000000004,0.584,50.0305,BR49,14,4,0
2020-12-11 15:00:00,0.08,196.635,0.4589999999999999,37.5025,BR49,15,4,0
2020-12-11 16:00:00,0.016,51.959500000000006,0.1655,10.004,BR49,16,4,0
2020-12-11 17:00:00,0.249,256.226,1.2795,49.9955,BR49,17,4,0
2020-12-11 18:00:00,0.229,254.0225,1.105,50.0055,BR49,18,4,0
2020-12-11 19:00:00,0.229,255.8815,1.0705,49.9745,BR49,19,4,0
2020-12-11 20:00:00,0.554,256.433,2.5395,49.9855,BR49,20,4,0
2020-12-11 21:00:00,0.296,259.1965,1.3965,50.02,BR49,21,4,0
2020-12-11 22:00:00,0.281,260.1965,1.35,49.997,BR49,22,4,0
2020-12-11 23:00:00,0.208,262.514,1.0965,49.987,BR49,23,4,0
2020-12-12 00:00:00,0.148,264.1345,0.8505,50.058,BR49,0,5,1
2020-12-12 01:00:00,0.197,264.6005,1.1125,50.0455,BR49,1,5,1
2020-12-12 02:00:00,0.195,265.5505,1.1335000000000002,50.0365,BR49,2,5,1
2020-12-12 03:00:00,0.126,266.57800000000003,0.877,50.015,BR49,3,5,1
2020-12-12 04:00:00,0.088,266.701,0.772,50.039,BR49,4,5,1
2020-12-12 05:00:00,0.113,266.785,0.834,50.038,BR49,5,5,1
2020-12-12 06:00:00,0.123,266.3665,0.7325,50.013,BR49,6,5,1
2020-12-12 07:00:00,0.162,264.1565,0.744,50.024,BR49,7,5,1
2020-12-12 08:00:00,0.174,258.8995,0.798,49.998000000000005,BR49,8,5,1
2020-12-12 09:00:00,0.144,252.5255,0.7005,50.036,BR49,9,5,1
2020-12-12 10:00:00,0.292,187.1415,1.434,37.5055,BR49,10,5,1
2020-12-12 11:00:00,0.258,250.849,1.348,50.006,BR49,11,5,1
2020-12-12 12:00:00,0.193,254.0915,1.1575,50.014,BR49,12,5,1
2020-12-12 13:00:00,0.241,259.314,1.3315,50.0375,BR49,13,5,1
2020-12-12 14:00:00,0.249,261.8625,1.343,50.012,BR49,14,5,1
2020-12-12 15:00:00,0.242,263.404,1.3215,50.004000000000005,BR49,15,5,1
2020-12-12 16:00:00,0.356,259.892,1.7375,49.989,BR49,16,5,1
2020-12-12 17:00:00,0.212,206.4645,1.1895,40.001,BR49,17,5,1
2020-12-12 18:00:00,0.657,251.449,2.9245,49.91,BR49,18,5,1
2020-12-12 19:00:00,0.327,255.146,1.6035,49.98,BR49,19,5,1
2020-12-12 20:00:00,0.307,258.408,1.526,50.0195,BR49,20,5,1
2020-12-12 21:00:00,0.294,258.1015,1.452,50.0105,BR49,21,5,1
2020-12-12 22:00:00,0.302,258.125,1.5,49.995,BR49,22,5,1
2020-12-12 23:00:00,0.2019999999999999,261.022,1.0485,50.002,BR49,23,5,1
2020-12-13 00:00:00,0.174,262.3095,0.899,49.9735,BR49,0,6,1
2020-12-13 01:00:00,0.156,263.756,0.8065,49.9795,BR49,1,6,1
2020-12-13 02:00:00,0.137,264.7755,0.72,50.011,BR49,2,6,1
2020-12-13 03:00:00,0.207,264.8665,0.968,49.978,BR49,3,6,1
2020-12-13 04:00:00,0.179,265.2435,0.908,49.986,BR49,4,6,1
2020-12-13 05:00:00,0.128,265.393,0.6910000000000001,50.0125,BR49,5,6,1
2020-12-13 06:00:00,0.147,265.869,0.764,50.0425,BR49,6,6,1
2020-12-13 07:00:00,0.169,262.891,0.857,50.053,BR49,7,6,1
2020-12-13 08:00:00,1.254,254.8,4.653499999999999,50.0055,BR49,8,6,1
2020-12-13 09:00:00,0.777,248.3225,3.1175,50.0045,BR49,9,6,1
2020-12-13 10:00:00,0.23,248.2125,1.2494999999999998,50.0205,BR49,10,6,1
2020-12-13 11:00:00,0.2289999999999999,251.058,1.3515,50.035,BR49,11,6,1
2020-12-13 12:00:00,0.308,254.9375,1.625,50.0365,BR49,12,6,1
2020-12-13 13:00:00,0.766,257.34900000000005,3.4799999999999995,50.069,BR49,13,6,1
2020-12-13 14:00:00,0.92,261.562,4.281499999999999,50.075,BR49,14,6,1
2020-12-13 15:00:00,0.555,264.139,2.553,50.0245,BR49,15,6,1
2020-12-13 16:00:00,0.222,262.42600000000004,1.1949999999999998,50.0185,BR49,16,6,1
2020-12-13 17:00:00,0.2279999999999999,260.066,1.196,50.056,BR49,17,6,1
2020-12-13 18:00:00,0.62,255.436,2.8775,50.0255,BR49,18,6,1
2020-12-13 19:00:00,0.304,255.425,1.4005,50.0065,BR49,19,6,1
2020-12-13 20:00:00,1.055,256.8785,4.35,50.0275,BR49,20,6,1
2020-12-13 21:00:00,0.45,259.284,1.9185,50.038,BR49,21,6,1
2020-12-13 22:00:00,0.381,259.8605,1.6695,50.0465,BR49,22,6,1
2020-12-13 23:00:00,0.348,262.4105,1.5425,50.044,BR49,23,6,1
2020-12-14 00:00:00,0.262,263.9955,1.2995,50.0405,BR49,0,0,0
2020-12-14 01:00:00,0.227,264.2525,1.1685,50.023,BR49,1,0,0
2020-12-14 02:00:00,0.266,264.3245,1.277,50.0075,BR49,2,0,0
2020-12-14 03:00:00,0.2329999999999999,265.012,1.175,50.0235,BR49,3,0,0
2020-12-14 04:00:00,0.254,264.7545,1.2355,49.9655,BR49,4,0,0
2020-12-14 05:00:00,0.212,264.738,1.1045,50.0185,BR49,5,0,0
2020-12-14 06:00:00,0.242,263.8625,1.1905,50.008,BR49,6,0,0
2020-12-14 07:00:00,0.4559999999999999,258.2825,2.119,49.9275,BR49,7,0,0
2020-12-14 08:00:00,0.862,251.6705,3.5625,49.926,BR49,8,0,0
2020-12-14 09:00:00,0.6920000000000001,246.7185,2.9375,49.9895,BR49,9,0,0
2020-12-14 10:00:00,0.4,233.034,2.0555,47.524,BR49,10,0,0
2020-12-14 11:00:00,0.304,249.5085,1.4085,50.026,BR49,11,0,0
2020-12-14 12:00:00,0.271,225.119,1.371,45.035,BR49,12,0,0
2020-12-14 13:00:00,0.308,254.2675,1.4195,50.040000000000006,BR49,13,0,0
2020-12-14 14:00:00,0.455,257.95500000000004,2.1715,50.0365,BR49,14,0,0
2020-12-14 15:00:00,0.279,262.5115,1.303,50.016000000000005,BR49,15,0,0
2020-12-14 16:00:00,0.284,259.5715,1.3455,49.969,BR49,16,0,0
2020-12-14 17:00:00,0.312,258.497,1.4395,50.0035,BR49,17,0,0
2020-12-14 18:00:00,0.487,253.683,2.098,50.0105,BR49,18,0,0
2020-12-14 19:00:00,0.401,254.5295,1.7425000000000002,50.0255,BR49,19,0,0
2020-12-14 20:00:00,0.42,256.6295,1.7945,50.0065,BR49,20,0,0
2020-12-14 21:00:00,0.457,258.459,1.9395,50.0435,BR49,21,0,0
2020-12-14 22:00:00,0.417,259.769,1.7899999999999998,50.0385,BR49,22,0,0
2020-12-14 23:00:00,0.3,262.567,1.37,50.011,BR49,23,0,0
2020-12-15 00:00:00,0.235,265.0335,1.146,50.0375,BR49,0,1,0
2020-12-15 01:00:00,0.244,262.333,1.1865,49.9325,BR49,1,1,0
2020-12-15 02:00:00,0.2309999999999999,263.3115,1.147,49.9435,BR49,2,1,0
2020-12-15 03:00:00,0.2319999999999999,264.643,1.1345,49.9735,BR49,3,1,0
2020-12-15 04:00:00,0.285,264.3045,1.3045,49.9785,BR49,4,1,0
2020-12-15 05:00:00,0.288,264.1665,1.3345,50.004000000000005,BR49,5,1,0
2020-12-15 06:00:00,0.23,264.9445,1.2065,49.973,BR49,6,1,0
2020-12-15 07:00:00,0.247,262.9015,1.2325,49.9295,BR49,7,1,0
2020-12-15 08:00:00,0.57,253.5205,2.4535,49.978,BR49,8,1,0
2020-12-15 09:00:00,0.984,247.61550000000005,4.082,49.9865,BR49,9,1,0
2020-12-15 10:00:00,1.175,245.9765,4.994,50.0305,BR49,10,1,0
2020-12-15 11:00:00,0.62,247.9305,2.749,50.055,BR49,11,1,0
2020-12-15 12:00:00,0.28,249.2305,1.3190000000000002,50.014,BR49,12,1,0
2020-12-15 13:00:00,0.253,254.21,1.254,50.0475,BR49,13,1,0
2020-12-15 14:00:00,0.288,230.9035,1.378,45.0105,BR49,14,1,0
2020-12-15 15:00:00,0.316,233.841,1.4445,44.9885,BR49,15,1,0
2020-12-15 16:00:00,0.348,259.5515,1.5675,49.9795,BR49,16,1,0
2020-12-15 17:00:00,0.585,257.79200000000003,2.456,50.034,BR49,17,1,0
2020-12-15 18:00:00,0.536,252.635,2.2715,49.9925,BR49,18,1,0
2020-12-15 19:00:00,0.764,252.7955,3.1295,50.0165,BR49,19,1,0
2020-12-15 20:00:00,0.431,255.8525,1.843,49.957,BR49,20,1,0
2020-12-15 21:00:00,0.417,257.358,1.7805,50.0255,BR49,21,1,0
2020-12-15 22:00:00,0.485,257.0865,2.0555,50.0235,BR49,22,1,0
2020-12-15 23:00:00,0.325,261.0775,1.463,50.032,BR49,23,1,0
2020-12-16 00:00:00,0.372,262.2205,1.66,49.9895,BR49,0,2,0
2020-12-16 01:00:00,0.306,263.156,1.4215,49.959,BR49,1,2,0
2020-12-16 02:00:00,0.291,264.3955,1.364,49.978,BR49,2,2,0
2020-12-16 03:00:00,0.22,264.94300000000004,1.161,49.963,BR49,3,2,0
2020-12-16 04:00:00,0.238,264.703,1.1960000000000002,49.98,BR49,4,2,0
2020-12-16 05:00:00,0.249,263.6685,1.239,49.968,BR49,5,2,0
2020-12-16 06:00:00,0.265,263.415,1.2845,49.9705,BR49,6,2,0
2020-12-16 07:00:00,0.858,258.37,3.6755,49.995,BR49,7,2,0
2020-12-16 08:00:00,0.941,252.7295,3.8665,49.9315,BR49,8,2,0
2020-12-16 09:00:00,0.927,244.2705,3.903,49.911,BR49,9,2,0
2020-12-16 10:00:00,0.477,243.9465,2.1705,49.901,BR49,10,2,0
2020-12-16 11:00:00,0.32,246.8385,1.537,50.0265,BR49,11,2,0
2020-12-16 12:00:00,0.25,249.91350000000003,1.215,50.018,BR49,12,2,0
2020-12-16 13:00:00,0.266,254.2815,1.3335,50.038,BR49,13,2,0
2020-12-16 14:00:00,0.275,258.369,1.298,50.0285,BR49,14,2,0
2020-12-16 15:00:00,0.254,261.3605,1.226,50.037,BR49,15,2,0
2020-12-16 16:00:00,0.324,261.5015,1.474,50.026,BR49,16,2,0
2020-12-16 17:00:00,0.592,256.064,2.482,49.969,BR49,17,2,0
2020-12-16 18:00:00,0.5660000000000001,251.3305,2.395,50.023,BR49,18,2,0
2020-12-16 19:00:00,0.644,251.412,2.6905,50.015,BR49,19,2,0
2020-12-16 20:00:00,0.6,254.199,2.5005,50.0275,BR49,20,2,0
2020-12-16 21:00:00,0.467,256.697,1.983,50.0225,BR49,21,2,0
2020-12-16 22:00:00,0.93,257.4715,3.803,50.022000000000006,BR49,22,2,0
2020-12-16 23:00:00,0.332,261.416,1.4925000000000002,50.0435,BR49,23,2,0
2020-12-17 00:00:00,0.265,263.299,1.287,50.0135,BR49,0,3,0
2020-12-17 01:00:00,0.275,264.17,1.3285,49.9975,BR49,1,3,0
2020-12-17 02:00:00,0.23,265.2755,1.2025,50.027,BR49,2,3,0
2020-12-17 03:00:00,0.241,265.0075,1.2295,49.999,BR49,3,3,0
2020-12-17 04:00:00,0.225,264.1215,1.178,49.9815,BR49,4,3,0
2020-12-17 05:00:00,0.233,263.78200000000004,1.2,49.9275,BR49,5,3,0
2020-12-17 06:00:00,0.212,265.6875,1.1324999999999998,50.0185,BR49,6,3,0
2020-12-17 07:00:00,0.267,262.3525,1.336,49.998000000000005,BR49,7,3,0
2020-12-17 08:00:00,1.042,252.82,4.4195,49.9265,BR49,8,3,0
2020-12-17 09:00:00,0.968,244.747,4.064,49.9695,BR49,9,3,0
2020-12-17 10:00:00,0.72,240.8525,3.1135,50.0175,BR49,10,3,0
2020-12-17 11:00:00,0.318,243.288,1.478,50.0685,BR49,11,3,0
2020-12-17 12:00:00,0.384,248.3565,1.7425000000000002,50.0165,BR49,12,3,0
2020-12-17 13:00:00,0.619,254.53850000000003,2.695,49.9775,BR49,13,3,0
2020-12-17 14:00:00,0.308,258.3625,1.4005,50.023,BR49,14,3,0
2020-12-17 15:00:00,0.293,258.783,1.3485,49.9645,BR49,15,3,0
2020-12-17 16:00:00,0.311,257.963,1.4215,49.9285,BR49,16,3,0
2020-12-17 17:00:00,1.127,252.91950000000003,4.539,49.984,BR49,17,3,0
2020-12-17 18:00:00,1.374,247.148,5.532,50.0145,BR49,18,3,0
2020-12-17 19:00:00,1.139,249.736,4.6375,49.938,BR49,19,3,0
2020-12-17 20:00:00,0.667,252.8015,2.8155,49.998000000000005,BR49,20,3,0
2020-12-17 21:00:00,0.483,255.974,2.065,50.0425,BR49,21,3,0
2020-12-17 22:00:00,0.388,259.1975,1.7605,50.027,BR49,22,3,0
2020-12-17 23:00:00,0.188,196.2395,0.9895,37.519,BR49,23,3,0
2020-12-18 00:00:00,0.246,249.9745,1.424,47.5405,BR49,0,4,0
2020-12-18 01:00:00,0.221,264.28650000000005,1.242,50.0225,BR49,1,4,0
2020-12-18 02:00:00,0.2339999999999999,264.694,1.275,49.95,BR49,2,4,0
2020-12-18 03:00:00,0.269,265.066,1.3855,49.9985,BR49,3,4,0
2020-12-18 04:00:00,0.2299999999999999,264.7435,1.2719999999999998,50.0205,BR49,4,4,0
2020-12-18 05:00:00,0.166,263.765,0.969,49.987,BR49,5,4,0
2020-12-18 06:00:00,0.175,265.0395,0.9004999999999999,50.0535,BR49,6,4,0
2020-12-18 07:00:00,0.312,261.365,1.584,50.010000000000005,BR49,7,4,0
2020-12-18 08:00:00,0.56,253.517,2.4025,49.9845,BR49,8,4,0
2020-12-18 09:00:00,0.871,242.3095,3.6515,50.007,BR49,9,4,0
2020-12-18 10:00:00,1.183,237.8955,4.86,50.008,BR49,10,4,0
2020-12-18 11:00:00,1.037,238.3385,4.383,49.909,BR49,11,4,0
2020-12-18 12:00:00,0.785,247.93,3.2700000000000005,49.9215,BR49,12,4,0
2020-12-18 13:00:00,0.527,253.477,2.2135,50.0415,BR49,13,4,0
2020-12-18 14:00:00,0.181,258.415,0.891,50.054,BR49,14,4,0
2020-12-18 15:00:00,0.4629999999999999,259.649,2.1905,50.0265,BR49,15,4,0
2020-12-18 16:00:00,0.29,243.877,1.735,47.459500000000006,BR49,16,4,0
2020-12-18 17:00:00,0.813,250.6285,3.345,49.967,BR49,17,4,0
2020-12-18 18:00:00,1.046,247.938,4.246,49.9785,BR49,18,4,0
2020-12-18 19:00:00,0.636,249.3885,2.6275000000000004,49.9605,BR49,19,4,0
2020-12-18 20:00:00,0.342,252.8055,1.4505,50.0055,BR49,20,4,0
2020-12-18 21:00:00,0.472,254.7925,1.9490000000000005,50.088,BR49,21,4,0
2020-12-18 22:00:00,1.141,254.57200000000003,4.5205,50.024,BR49,22,4,0
2020-12-18 23:00:00,0.272,260.41700000000003,1.2115,50.0325,BR49,23,4,0
2020-12-19 00:00:00,0.128,262.1175,0.791,50.0175,BR49,0,5,1
2020-12-19 01:00:00,0.188,263.6635,0.9555,50.006,BR49,1,5,1
2020-12-19 02:00:00,0.152,264.191,0.8734999999999999,50.0175,BR49,2,5,1
2020-12-19 03:00:00,0.095,266.0675,0.7150000000000001,50.010000000000005,BR49,3,5,1
2020-12-19 04:00:00,0.122,266.989,0.774,50.027,BR49,4,5,1
2020-12-19 05:00:00,0.108,265.3855,0.742,50.032,BR49,5,5,1
2020-12-19 06:00:00,0.098,266.064,0.7095,50.073,BR49,6,5,1
2020-12-19 07:00:00,0.09,262.1755,0.638,50.012,BR49,7,5,1
2020-12-19 08:00:00,0.31,251.902,1.5935,49.984,BR49,8,5,1
2020-12-19 09:00:00,0.848,244.21750000000003,3.532,49.996500000000005,BR49,9,5,1
2020-12-19 10:00:00,1.319,241.225,5.457,50.008,BR49,10,5,1
2020-12-19 11:00:00,0.567,205.7495,2.7305,42.522000000000006,BR49,11,5,1
2020-12-19 12:00:00,0.55,245.3615,2.4240000000000004,50.004000000000005,BR49,12,5,1
2020-12-19 13:00:00,0.888,251.91350000000003,3.6645,50.011,BR49,13,5,1
2020-12-19 14:00:00,0.73,203.748,2.938,39.9855,BR49,14,5,1
2020-12-19 15:00:00,0.513,258.662,2.23,49.985,BR49,15,5,1
2020-12-19 16:00:00,0.273,257.159,1.1949999999999998,49.993,BR49,16,5,1
2020-12-19 17:00:00,0.315,240.4325,1.4865,47.537,BR49,17,5,1
2020-12-19 18:00:00,0.325,208.7545,1.8565,42.519,BR49,18,5,1
2020-12-19 19:00:00,0.659,247.8485,2.7965,50.0285,BR49,19,5,1
2020-12-19 20:00:00,1.033,249.2485,4.181,50.0635,BR49,20,5,1
2020-12-19 21:00:00,0.331,253.16,1.4155000000000002,50.0275,BR49,21,5,1
2020-12-19 22:00:00,0.329,255.8235,1.4289999999999998,50.022000000000006,BR49,22,5,1
2020-12-19 23:00:00,0.192,259.7305,0.943,50.0235,BR49,23,5,1
2020-12-20 00:00:00,0.243,261.3325,1.1285,50.015,BR49,0,6,1
2020-12-20 01:00:00,0.16,249.0885,0.92,47.5225,BR49,1,6,1
2020-12-20 02:00:00,0.153,264.089,0.8205,50.037,BR49,2,6,1
2020-12-20 03:00:00,0.122,264.3665,0.741,50.0085,BR49,3,6,1
2020-12-20 04:00:00,0.089,263.7945,0.6615,49.9925,BR49,4,6,1
2020-12-20 05:00:00,0.092,263.5605,0.649,50.012,BR49,5,6,1
2020-12-20 06:00:00,0.109,263.26300000000003,0.6910000000000001,50.027,BR49,6,6,1
2020-12-20 07:00:00,0.509,261.0865,2.5045,49.9995,BR49,7,6,1
2020-12-20 08:00:00,0.387,255.018,1.7080000000000002,50.034000000000006,BR49,8,6,1
2020-12-20 09:00:00,0.908,244.131,3.8405,50.028,BR49,9,6,1
2020-12-20 10:00:00,0.257,191.0555,1.48,40.017,BR49,10,6,1
2020-12-20 11:00:00,0.39,156.9505,1.8395,32.5235,BR49,11,6,1
2020-12-20 12:00:00,0.232,249.255,1.165,49.9885,BR49,12,6,1
2020-12-20 13:00:00,0.126,184.5745,0.869,38.1775,BR49,13,6,1
2020-12-20 14:00:00,0.216,102.224,1.1335,19.9995,BR49,14,6,1
2020-12-20 15:00:00,0.24,259.0935,1.268,49.928,BR49,15,6,1
2020-12-20 16:00:00,1.102,257.0215,4.541,50.006,BR49,16,6,1
2020-12-20 17:00:00,0.943,253.32200000000003,3.751,50.0575,BR49,17,6,1
2020-12-20 18:00:00,0.248,234.238,1.1745,47.547,BR49,18,6,1
2020-12-20 19:00:00,0.549,246.5745,2.3195,50.039,BR49,19,6,1
2020-12-20 20:00:00,0.305,250.889,1.3245,50.0335,BR49,20,6,1
2020-12-20 21:00:00,0.3,253.3435,1.29,50.03,BR49,21,6,1
2020-12-20 22:00:00,0.996,254.8165,3.952,50.0585,BR49,22,6,1
2020-12-20 23:00:00,0.424,259.1495,1.8075,50.0505,BR49,23,6,1
2020-12-21 00:00:00,0.133,261.529,0.7729999999999999,50.032,BR49,0,0,0
2020-12-21 01:00:00,0.192,262.5485,0.9475,50.019,BR49,1,0,0
2020-12-21 02:00:00,0.154,263.71750000000003,0.8585,50.021,BR49,2,0,0
2020-12-21 03:00:00,0.099,264.343,0.6950000000000001,50.071,BR49,3,0,0
2020-12-21 04:00:00,0.094,264.637,0.674,50.025,BR49,4,0,0
2020-12-21 05:00:00,0.131,262.987,0.7575000000000001,49.9915,BR49,5,0,0
2020-12-21 06:00:00,0.114,263.158,0.708,50.014,BR49,6,0,0
2020-12-21 07:00:00,0.156,261.2185,0.8089999999999999,49.9675,BR49,7,0,0
2020-12-21 08:00:00,0.52,250.2845,2.5015,49.9945,BR49,8,0,0
2020-12-21 09:00:00,0.499,247.463,2.2415,50.029,BR49,9,0,0
2020-12-21 10:00:00,0.476,231.7215,2.111,47.5125,BR49,10,0,0
2020-12-21 11:00:00,0.519,219.561,2.308,45.023,BR49,11,0,0
2020-12-21 12:00:00,0.249,245.9825,1.1869999999999998,50.0255,BR49,12,0,0
2020-12-21 13:00:00,0.263,251.93400000000003,1.1595,50.044,BR49,13,0,0
2020-12-21 14:00:00,0.181,192.989,1.031,37.556,BR49,14,0,0
2020-12-21 15:00:00,0.206,259.9865,0.971,50.0125,BR49,15,0,0
2020-12-21 16:00:00,0.338,258.4525,1.4495,49.925,BR49,16,0,0
2020-12-21 17:00:00,0.986,253.6285,4.0725,50.001,BR49,17,0,0
2020-12-21 18:00:00,0.481,251.0825,2.0010000000000003,50.015,BR49,18,0,0
2020-12-21 19:00:00,1.04,246.8475,4.234,49.9635,BR49,19,0,0
2020-12-21 20:00:00,0.827,250.4365,3.3585000000000003,50.0005,BR49,20,0,0
2020-12-21 21:00:00,0.656,253.4755,2.6645,50.0415,BR49,21,0,0
2020-12-21 22:00:00,0.584,256.232,2.371,50.0105,BR49,22,0,0
2020-12-21 23:00:00,0.345,259.8025,1.419,50.0235,BR49,23,0,0
2020-12-22 00:00:00,0.161,261.3795,0.8135,49.984,BR49,0,1,0
2020-12-22 01:00:00,0.157,262.149,0.827,49.979,BR49,1,1,0
2020-12-22 02:00:00,0.162,263.28200000000004,0.8470000000000001,50.016000000000005,BR49,2,1,0
2020-12-22 03:00:00,0.135,264.008,0.751,50.005,BR49,3,1,0
2020-12-22 04:00:00,0.145,263.135,0.7785,49.998000000000005,BR49,4,1,0
2020-12-22 05:00:00,0.157,262.1435,0.8220000000000001,49.996,BR49,5,1,0
2020-12-22 06:00:00,0.129,261.64250000000004,0.7145,49.9985,BR49,6,1,0
2020-12-22 07:00:00,0.145,258.0915,0.8074999999999999,49.956,BR49,7,1,0
2020-12-22 08:00:00,0.374,251.6835,1.903,49.9265,BR49,8,1,0
2020-12-22 09:00:00,0.195,243.5725,0.954,49.909000000000006,BR49,9,1,0
2020-12-22 10:00:00,0.859,242.198,3.5755000000000003,49.959500000000006,BR49,10,1,0
2020-12-22 11:00:00,0.3429999999999999,234.706,1.6085,47.5165,BR49,11,1,0
2020-12-22 12:00:00,0.242,248.796,1.1105,50.034,BR49,12,1,0
2020-12-22 13:00:00,0.6000000000000001,253.6565,2.4705000000000004,50.046,BR49,13,1,0
2020-12-22 14:00:00,0.1979999999999999,257.6655,0.917,50.0025,BR49,14,1,0
2020-12-22 15:00:00,0.244,260.766,1.148,50.0225,BR49,15,1,0
2020-12-22 16:00:00,0.317,245.1675,1.4685,47.481,BR49,16,1,0
2020-12-22 17:00:00,0.218,242.255,1.0885,47.474,BR49,17,1,0
2020-12-22 18:00:00,0.429,251.23200000000003,1.8825,50.0025,BR49,18,1,0
2020-12-22 19:00:00,1.083,248.631,4.3950000000000005,50.031,BR49,19,1,0
2020-12-22 20:00:00,0.599,251.6105,2.465,50.0255,BR49,20,1,0
2020-12-22 21:00:00,0.415,253.1295,1.754,50.036,BR49,21,1,0
2020-12-22 22:00:00,0.683,255.4565,2.7885,50.016,BR49,22,1,0
2020-12-22 23:00:00,0.784,258.81,3.115,50.03,BR49,23,1,0
2020-12-23 00:00:00,0.19,261.84450000000004,0.9055,49.9915,BR49,0,2,0
2020-12-23 01:00:00,0.164,262.688,0.8244999999999999,49.9615,BR49,1,2,0
2020-12-23 02:00:00,0.174,262.6035,0.8484999999999999,49.999,BR49,2,2,0
2020-12-23 03:00:00,0.207,262.4065,0.948,49.9755,BR49,3,2,0
2020-12-23 04:00:00,0.181,262.514,0.8710000000000001,50.0125,BR49,4,2,0
2020-12-23 05:00:00,0.162,261.4735,0.8,50.0,BR49,5,2,0
2020-12-23 06:00:00,0.1399999999999999,261.6005,0.7055,50.0075,BR49,6,2,0
2020-12-23 07:00:00,0.286,258.31350000000003,1.372,49.9915,BR49,7,2,0
2020-12-23 08:00:00,0.298,239.814,1.4025,47.5235,BR49,8,2,0
2020-12-23 09:00:00,1.005,244.3535,4.163,50.047,BR49,9,2,0
2020-12-23 10:00:00,0.621,240.223,2.639,50.0285,BR49,10,2,0
2020-12-23 11:00:00,0.247,243.6595,1.147,49.9985,BR49,11,2,0
2020-12-23 12:00:00,0.24,246.8775,1.111,50.009,BR49,12,2,0
2020-12-23 13:00:00,0.194,254.2385,0.9095,50.0025,BR49,13,2,0
2020-12-23 14:00:00,0.173,257.688,0.829,49.973,BR49,14,2,0
2020-12-23 15:00:00,0.197,259.1085,0.915,50.007,BR49,15,2,0
2020-12-23 16:00:00,0.385,256.199,1.7100000000000002,50.0095,BR49,16,2,0
2020-12-23 17:00:00,0.625,253.499,2.7515,49.991,BR49,17,2,0
2020-12-23 18:00:00,0.728,249.9715,2.8645,50.0325,BR49,18,2,0
2020-12-23 19:00:00,0.492,250.103,2.0655,50.0205,BR49,19,2,0
2020-12-23 20:00:00,0.7809999999999999,252.06350000000003,3.14,50.0135,BR49,20,2,0
2020-12-23 21:00:00,0.4059999999999999,255.565,1.686,50.0395,BR49,21,2,0
2020-12-23 22:00:00,1.059,254.9895,4.1205,50.011,BR49,22,2,0
2020-12-23 23:00:00,0.253,259.95050000000003,1.144,50.029,BR49,23,2,0
2020-12-24 00:00:00,0.136,262.29049999999995,0.7695000000000001,50.041,BR49,0,3,0
2020-12-24 01:00:00,0.134,262.842,0.7769999999999999,49.9855,BR49,1,3,0
2020-12-24 02:00:00,0.107,264.2945,0.7025,49.999,BR49,2,3,0
2020-12-24 03:00:00,0.115,263.5415,0.7030000000000001,49.864,BR49,3,3,0
2020-12-24 04:00:00,0.085,263.9095,0.6285000000000001,50.013,BR49,4,3,0
2020-12-24 05:00:00,0.073,263.0075,0.5730000000000001,49.9985,BR49,5,3,0
2020-12-24 06:00:00,0.108,265.14050000000003,0.6525000000000001,50.0165,BR49,6,3,0
2020-12-24 07:00:00,0.436,260.6825,2.158,50.0475,BR49,7,3,0
2020-12-24 08:00:00,0.301,254.718,1.4445,50.0235,BR49,8,3,0
2020-12-24 09:00:00,0.212,248.8595,0.9885,50.045,BR49,9,3,0
2020-12-24 10:00:00,0.42,246.2785,1.7195,50.056,BR49,10,3,0
2020-12-24 11:00:00,0.174,221.271,0.8220000000000001,45.0405,BR49,11,3,0
2020-12-24 12:00:00,0.163,172.7545,1.005,34.983999999999995,BR49,12,3,0
2020-12-24 13:00:00,0.253,255.673,1.1875,50.0035,BR49,13,3,0
2020-12-24 14:00:00,0.056,76.826,0.367,14.989,BR49,14,3,0
2020-12-24 15:00:00,0.283,257.8995,1.498,49.981,BR49,15,3,0
2020-12-24 16:00:00,0.204,260.6215,1.0630000000000002,49.9635,BR49,16,3,0
2020-12-24 17:00:00,0.292,255.215,1.3765,50.0255,BR49,17,3,0
2020-12-24 18:00:00,0.241,249.475,1.0790000000000002,50.028000000000006,BR49,18,3,0
2020-12-24 19:00:00,0.215,249.9075,0.9765,50.0055,BR49,19,3,0
2020-12-24 20:00:00,0.26,253.479,1.1355,49.9785,BR49,20,3,0
2020-12-24 21:00:00,0.409,255.53000000000003,1.6900000000000002,50.025,BR49,21,3,0
2020-12-24 22:00:00,1.096,254.8135,4.0775,50.0205,BR49,22,3,0
2020-12-24 23:00:00,0.5,258.868,1.998,49.992,BR49,23,3,0
2020-12-25 00:00:00,0.152,261.868,0.7765000000000001,50.006,BR49,0,4,0
2020-12-25 01:00:00,0.138,262.494,0.762,49.9805,BR49,1,4,0
2020-12-25 02:00:00,0.075,263.3205,0.637,50.038,BR49,2,4,0
2020-12-25 03:00:00,0.086,264.238,0.6715,50.0215,BR49,3,4,0
2020-12-25 04:00:00,0.117,262.862,0.7405,50.007,BR49,4,4,0
2020-12-25 05:00:00,0.111,262.02750000000003,0.727,49.984,BR49,5,4,0
2020-12-25 06:00:00,0.098,263.347,0.6809999999999999,50.0485,BR49,6,4,0
2020-12-25 07:00:00,0.8310000000000001,258.8915,3.287,50.0215,BR49,7,4,0
2020-12-25 08:00:00,0.35,252.904,1.675,50.024,BR49,8,4,0
2020-12-25 09:00:00,0.588,243.0005,2.4925,49.9645,BR49,9,4,0
2020-12-25 10:00:00,0.526,239.744,2.243,49.9205,BR49,10,4,0
2020-12-25 11:00:00,0.125,230.6865,0.7685000000000001,47.4015,BR49,11,4,0
2020-12-25 12:00:00,0.374,248.3385,1.921,49.998000000000005,BR49,12,4,0
2020-12-25 13:00:00,0.154,256.142,0.8130000000000001,50.0355,BR49,13,4,0
2020-12-25 14:00:00,0.252,258.091,1.1735,50.05,BR49,14,4,0
2020-12-25 15:00:00,0.232,261.306,1.1055,49.9895,BR49,15,4,0
2020-12-25 16:00:00,0.265,261.981,1.2145,49.9615,BR49,16,4,0
2020-12-25 17:00:00,0.236,260.322,1.0765,50.017,BR49,17,4,0
2020-12-25 18:00:00,0.324,255.98200000000003,1.4260000000000002,50.0255,BR49,18,4,0
2020-12-25 19:00:00,0.736,251.52,2.997,50.0235,BR49,19,4,0
2020-12-25 20:00:00,0.271,254.641,1.1945,50.0255,BR49,20,4,0
2020-12-25 21:00:00,0.226,257.018,1.0485,50.0185,BR49,21,4,0
2020-12-25 22:00:00,0.615,257.4165,2.525,50.0145,BR49,22,4,0
2020-12-25 23:00:00,0.24,261.22950000000003,1.0735,50.0255,BR49,23,4,0
2020-12-26 00:00:00,0.173,264.045,0.8869999999999999,49.998000000000005,BR49,0,5,1
2020-12-26 01:00:00,0.068,264.225,0.5705,49.977,BR49,1,5,1
2020-12-26 02:00:00,0.081,265.2525,0.5980000000000001,50.0315,BR49,2,5,1
2020-12-26 03:00:00,0.066,265.487,0.567,50.023,BR49,3,5,1
2020-12-26 04:00:00,0.071,264.09250000000003,0.5675000000000001,49.9975,BR49,4,5,1
2020-12-26 05:00:00,0.09,261.8055,0.602,50.005,BR49,5,5,1
2020-12-26 06:00:00,0.08,263.56,0.589,49.994,BR49,6,5,1
2020-12-26 07:00:00,0.142,259.3225,0.8210000000000001,50.0105,BR49,7,5,1
2020-12-26 08:00:00,0.697,252.641,2.9705000000000004,50.0025,BR49,8,5,1
2020-12-26 09:00:00,0.573,244.8975,2.4275,50.0095,BR49,9,5,1
2020-12-26 10:00:00,0.446,243.63,1.979,50.0245,BR49,10,5,1
2020-12-26 11:00:00,0.151,244.9525,0.8135,50.036,BR49,11,5,1
2020-12-26 12:00:00,0.63,248.873,2.6015,50.0185,BR49,12,5,1
2020-12-26 13:00:00,0.225,253.2835,1.056,50.06,BR49,13,5,1
2020-12-26 14:00:00,0.446,242.701,2.139,47.494,BR49,14,5,1
2020-12-26 15:00:00,0.152,259.454,0.806,49.995,BR49,15,5,1
2020-12-26 16:00:00,0.196,260.6355,0.9545,49.972,BR49,16,5,1
2020-12-26 17:00:00,0.42,258.4085,1.7635,50.0,BR49,17,5,1
2020-12-26 18:00:00,0.228,252.1765,1.0475,49.9915,BR49,18,5,1
2020-12-26 19:00:00,0.65,247.92800000000005,2.714,49.988,BR49,19,5,1
2020-12-26 20:00:00,0.257,251.539,1.153,50.0,BR49,20,5,1
2020-12-26 21:00:00,0.717,253.103,2.884,50.0205,BR49,21,5,1
2020-12-26 22:00:00,0.4579999999999999,256.35450000000003,1.898,50.016000000000005,BR49,22,5,1
2020-12-26 23:00:00,0.201,259.7325,1.009,50.0295,BR49,23,5,1
2020-12-27 00:00:00,0.091,261.1725,0.662,50.019,BR49,0,6,1
2020-12-27 01:00:00,0.09,262.7955,0.6685000000000001,50.0285,BR49,1,6,1
2020-12-27 02:00:00,0.083,263.225,0.6455,50.0195,BR49,2,6,1
2020-12-27 03:00:00,0.157,263.924,0.8435,50.0195,BR49,3,6,1
2020-12-27 04:00:00,0.091,263.6675,0.6849999999999999,50.0105,BR49,4,6,1
2020-12-27 05:00:00,0.09,263.15500000000003,0.656,50.013,BR49,5,6,1
2020-12-27 06:00:00,0.066,262.127,0.6,50.048,BR49,6,6,1
2020-12-27 07:00:00,0.075,259.374,0.6125,49.9985,BR49,7,6,1
2020-12-27 08:00:00,0.951,251.986,3.942,49.979,BR49,8,6,1
2020-12-27 09:00:00,0.447,246.511,2.12,50.047,BR49,9,6,1
2020-12-27 10:00:00,0.737,242.4545,3.1075,50.010000000000005,BR49,10,6,1
2020-12-27 11:00:00,0.123,246.31350000000003,0.6890000000000001,50.0185,BR49,11,6,1
2020-12-27 12:00:00,0.138,248.97600000000003,0.7335,50.0005,BR49,12,6,1
2020-12-27 13:00:00,0.11,242.5475,0.7695000000000001,47.528000000000006,BR49,13,6,1
2020-12-27 14:00:00,0.119,258.845,0.7144999999999999,50.0085,BR49,14,6,1
2020-12-27 15:00:00,0.134,262.3455,0.786,49.981,BR49,15,6,1
2020-12-27 16:00:00,0.1699999999999999,261.171,0.85,49.984,BR49,16,6,1
2020-12-27 17:00:00,0.18,257.9815,0.8685,50.0015,BR49,17,6,1
2020-12-27 18:00:00,0.228,252.6805,1.0665,50.019,BR49,18,6,1
2020-12-27 19:00:00,0.259,248.9765,1.1645,50.027,BR49,19,6,1
2020-12-27 20:00:00,0.475,250.2165,2.0460000000000003,50.0095,BR49,20,6,1
2020-12-27 21:00:00,0.704,252.9475,2.84,50.0045,BR49,21,6,1
2020-12-27 22:00:00,0.501,255.563,2.063,50.0105,BR49,22,6,1
2020-12-27 23:00:00,0.553,259.622,2.305,50.010000000000005,BR49,23,6,1
2020-12-28 00:00:00,0.102,262.194,0.7034999999999999,50.0375,BR49,0,0,0
2020-12-28 01:00:00,0.097,263.2975,0.666,50.036,BR49,1,0,0
2020-12-28 02:00:00,0.082,264.1225,0.642,50.0085,BR49,2,0,0
2020-12-28 03:00:00,0.067,264.193,0.5965,50.010000000000005,BR49,3,0,0
2020-12-28 04:00:00,0.085,263.171,0.632,50.0225,BR49,4,0,0
2020-12-28 05:00:00,0.088,262.369,0.637,50.0185,BR49,5,0,0
2020-12-28 06:00:00,0.109,263.267,0.6705,50.074,BR49,6,0,0
2020-12-28 07:00:00,0.923,258.243,3.964,50.0175,BR49,7,0,0
2020-12-28 08:00:00,0.739,251.623,2.9755,50.0285,BR49,8,0,0
2020-12-28 09:00:00,0.831,241.846,3.4675,50.0355,BR49,9,0,0
2020-12-28 10:00:00,0.803,241.4795,3.4145000000000003,50.042,BR49,10,0,0
2020-12-28 11:00:00,0.259,244.9105,1.1785,50.0075,BR49,11,0,0
2020-12-28 12:00:00,0.319,222.5125,1.5799999999999998,44.984,BR49,12,0,0
2020-12-28 13:00:00,0.2289999999999999,253.8335,1.049,50.0035,BR49,13,0,0
2020-12-28 14:00:00,0.4619999999999999,255.5845,1.907,49.941,BR49,14,0,0
2020-12-28 15:00:00,0.24,247.62150000000003,1.1355,47.523,BR49,15,0,0
2020-12-28 16:00:00,0.269,259.471,1.276,50.031,BR49,16,0,0
2020-12-28 17:00:00,0.6689999999999999,254.492,2.71,50.011,BR49,17,0,0
2020-12-28 18:00:00,0.78,248.555,3.1805,50.019,BR49,18,0,0
2020-12-28 19:00:00,1.045,248.218,4.2365,49.9945,BR49,19,0,0
2020-12-28 20:00:00,0.261,252.2395,1.154,50.033,BR49,20,0,0
2020-12-28 21:00:00,0.3359999999999999,253.8095,1.4309999999999998,50.0155,BR49,21,0,0
2020-12-28 22:00:00,0.7,254.8835,2.81,49.9915,BR49,22,0,0
2020-12-28 23:00:00,0.165,258.983,0.8145,50.012,BR49,23,0,0
2020-12-29 00:00:00,0.125,261.70050000000003,0.6955,50.0205,BR49,0,1,0
2020-12-29 01:00:00,0.113,262.5905,0.663,49.9795,BR49,1,1,0
2020-12-29 02:00:00,0.114,262.0325,0.6675,49.9885,BR49,2,1,0
2020-12-29 03:00:00,0.164,262.858,0.8324999999999999,50.012,BR49,3,1,0
2020-12-29 04:00:00,0.097,262.17150000000004,0.632,50.010000000000005,BR49,4,1,0
2020-12-29 05:00:00,0.396,260.1335,2.006,49.972,BR49,5,1,0
2020-12-29 06:00:00,0.093,261.035,0.604,50.003,BR49,6,1,0
2020-12-29 07:00:00,0.255,259.2275,1.2315,50.017,BR49,7,1,0
2020-12-29 08:00:00,0.6880000000000001,252.31,2.757,50.03,BR49,8,1,0
2020-12-29 09:00:00,0.386,243.9465,1.6645,50.0285,BR49,9,1,0
2020-12-29 10:00:00,0.484,243.8695,2.0885,50.019,BR49,10,1,0
2020-12-29 11:00:00,0.633,247.6075,2.588,50.0165,BR49,11,1,0
2020-12-29 12:00:00,0.382,186.965,1.821,37.533,BR49,12,1,0
2020-12-29 13:00:00,0.188,254.1715,1.004,50.034000000000006,BR49,13,1,0
2020-12-29 14:00:00,0.123,231.3065,0.9415,44.948,BR49,14,1,0
2020-12-29 15:00:00,0.138,259.187,0.9805,49.9155,BR49,15,1,0
2020-12-29 16:00:00,0.14,258.8685,0.8244999999999999,49.868,BR49,16,1,0
2020-12-29 17:00:00,0.239,254.5105,1.073,50.010000000000005,BR49,17,1,0
2020-12-29 18:00:00,0.295,247.8935,1.306,50.0175,BR49,18,1,0
2020-12-29 19:00:00,0.434,248.6145,1.8285,50.049,BR49,19,1,0
2020-12-29 20:00:00,0.8200000000000001,252.2585,3.294,50.045,BR49,20,1,0
2020-12-29 21:00:00,0.723,255.1985,2.884,50.0185,BR49,21,1,0
2020-12-29 22:00:00,0.446,256.584,1.8455,50.023,BR49,22,1,0
2020-12-29 23:00:00,0.26,259.3355,1.14,49.9925,BR49,23,1,0
2020-12-30 00:00:00,0.126,260.0545,0.6835,49.967,BR49,0,2,0
2020-12-30 01:00:00,0.177,261.0395,0.8619999999999999,49.9395,BR49,1,2,0
2020-12-30 02:00:00,0.143,261.2475,0.778,49.935500000000005,BR49,2,2,0
2020-12-30 03:00:00,0.131,261.2275,0.7274999999999999,49.9125,BR49,3,2,0
2020-12-30 04:00:00,0.109,261.193,0.658,49.9555,BR49,4,2,0
2020-12-30 05:00:00,0.118,260.41,0.7545,49.9225,BR49,5,2,0
2020-12-30 06:00:00,0.439,261.447,2.1495,49.9855,BR49,6,2,0
2020-12-30 07:00:00,0.109,260.242,0.6295,49.967,BR49,7,2,0
2020-12-30 08:00:00,0.128,254.9665,0.659,50.0095,BR49,8,2,0
2020-12-30 09:00:00,0.599,246.213,2.4995000000000003,49.956,BR49,9,2,0
2020-12-30 10:00:00,0.7370000000000001,208.7695,3.2265,42.5125,BR49,10,2,0
2020-12-30 11:00:00,0.81,246.106,3.3975,49.959,BR49,11,2,0
2020-12-30 12:00:00,0.197,249.8785,0.9245,49.9955,BR49,12,2,0
2020-12-30 13:00:00,0.176,229.2375,0.911,45.0475,BR49,13,2,0
2020-12-30 14:00:00,0.216,218.9345,1.2029999999999998,42.5375,BR49,14,2,0
2020-12-30 15:00:00,0.235,232.928,1.1575,45.0215,BR49,15,2,0
2020-12-30 16:00:00,0.177,255.8545,0.8734999999999999,49.9915,BR49,16,2,0
2020-12-30 17:00:00,0.42,252.903,1.7795,50.006,BR49,17,2,0
2020-12-30 18:00:00,0.433,248.1085,1.8135,50.021,BR49,18,2,0
2020-12-30 19:00:00,0.889,247.286,3.5925,49.9795,BR49,19,2,0
2020-12-30 20:00:00,0.837,251.7615,3.3520000000000003,49.9855,BR49,20,2,0
2020-12-30 21:00:00,1.109,253.003,4.391,50.0115,BR49,21,2,0
2020-12-30 22:00:00,0.608,257.66700000000003,2.454,50.014,BR49,22,2,0
2020-12-30 23:00:00,0.359,261.547,1.5015,50.006,BR49,23,2,0
2020-12-31 00:00:00,0.1669999999999999,262.8495,0.8084999999999999,49.99,BR49,0,3,0
2020-12-31 01:00:00,0.137,263.391,0.7304999999999999,49.998000000000005,BR49,1,3,0
2020-12-31 02:00:00,0.123,264.4015,0.6865,49.9885,BR49,2,3,0
2020-12-31 03:00:00,0.144,265.757,0.748,49.988,BR49,3,3,0
2020-12-31 04:00:00,0.128,265.725,0.6845,49.996,BR49,4,3,0
2020-12-31 05:00:00,0.148,263.7045,0.7585,49.943,BR49,5,3,0
2020-12-31 06:00:00,0.136,264.3985,0.7165,50.0025,BR49,6,3,0
2020-12-31 07:00:00,0.13,262.113,0.6775,49.9735,BR49,7,3,0
2020-12-31 08:00:00,0.938,248.679,4.137,49.955,BR49,8,3,0
2020-12-31 09:00:00,0.61,242.2355,2.6085000000000003,49.8995,BR49,9,3,0
2020-12-31 10:00:00,0.572,156.884,2.5755,32.423,BR49,10,3,0
2020-12-31 11:00:00,0.449,234.2235,2.113,47.46,BR49,11,3,0
2020-12-31 12:00:00,0.274,247.8435,1.284,50.006,BR49,12,3,0
2020-12-31 13:00:00,0.845,251.03000000000003,3.4174999999999995,49.9895,BR49,13,3,0
2020-12-31 14:00:00,0.506,256.18850000000003,2.2035,50.004000000000005,BR49,14,3,0
2020-12-31 15:00:00,0.324,232.2815,1.447,44.9245,BR49,15,3,0
2020-12-31 16:00:00,0.182,256.902,0.897,49.96,BR49,16,3,0
2020-12-31 17:00:00,0.786,239.9635,3.3435,47.5145,BR49,17,3,0
2020-12-31 18:00:00,1.053,247.9925,4.2725,50.0025,BR49,18,3,0
2020-12-31 19:00:00,0.895,248.294,3.6515,50.012,BR49,19,3,0
2020-12-31 20:00:00,1.107,249.3245,4.4670000000000005,49.9775,BR49,20,3,0
2020-12-31 21:00:00,1.064,252.937,4.2435,49.949,BR49,21,3,0
2020-12-31 22:00:00,0.433,254.8285,1.7864999999999998,49.9685,BR49,22,3,0
2020-12-31 23:00:00,0.273,258.8815,1.16,49.9875,BR49,23,3,0
